pair_id,problem_id,operator,control_assertion,recovery_assertion,verification_class,parser_used,mathematical_check,control_truth_status,recovery_truth_status,verification_status,verification_notes
pair_math500_001,math500_001,OP_FRACTION_FLIP,We count the number of times $\frac{1}{n^3}$ appears in the sum,We count the number of times $\frac{n^3}{1}$ appears in the sum,VERIFIED_INVALID,Deterministic Operator AST Verifier,"Numerator/denominator flipped (1/n^3 -> n^3/1), altering fraction value.",VALID_REFERENCE_STEP,MATHEMATICALLY_INVALID,PASSED,"Numerator/denominator flipped (1/n^3 -> n^3/1), altering fraction value."
pair_math500_002,math500_002,OP_FRACTION_FLIP,$f(-2)+f(-1)+f(0)=\frac{3(-2)-2}{-2-2}+\frac{3(-1)-2}{-1-2}+\frac{3(0)-2}{0-2}=\frac{-8}{-4}+\frac{-5}{-3}+\frac{-2}{-2}=2+\frac{5}{3}+1=\boxed{\frac{14}{3}}$,$f(-2)+f(-1)+f(0)=\frac{-2-2}{3(-2)-2}+\frac{3(-1)-2}{-1-2}+\frac{3(0)-2}{0-2}=\frac{-8}{-4}+\frac{-5}{-3}+\frac{-2}{-2}=2+\frac{5}{3}+1=\boxed{\frac{14}{3}}$,VERIFIED_INVALID,Deterministic Operator AST Verifier,"Numerator/denominator flipped (3(-2)-2/-2-2 -> -2-2/3(-2)-2), altering fraction value.",VALID_REFERENCE_STEP,MATHEMATICALLY_INVALID,PASSED,"Numerator/denominator flipped (3(-2)-2/-2-2 -> -2-2/3(-2)-2), altering fraction value."
pair_math500_003,math500_003,OP_CONSTANT_PERTURB,First prime factorize $196=2^2\cdot7^2$.,First prime factorize $197=2^2\cdot7^2$.,VERIFIED_INVALID,Deterministic Operator AST Verifier,"Numerical constant perturbed (196 -> 197), contradicting reference solution.",VALID_REFERENCE_STEP,MATHEMATICALLY_INVALID,PASSED,"Numerical constant perturbed (196 -> 197), contradicting reference solution."
pair_math500_005,math500_005,OP_CONSTANT_PERTURB,"Therefore, the perimeter of the hexagon is $2(21\text{ inches})=\boxed{42}$ inches.","Therefore, the perimeter of the hexagon is $3(21\text{ inches})=\boxed{42}$ inches.",VERIFIED_INVALID,Deterministic Operator AST Verifier,"Numerical constant perturbed (2 -> 3), contradicting reference solution.",VALID_REFERENCE_STEP,MATHEMATICALLY_INVALID,PASSED,"Numerical constant perturbed (2 -> 3), contradicting reference solution."
pair_math500_006,math500_006,OP_SIGN_FLIP,The sum of three consecutive integers takes the form $(k-1)+(k)+(k+1)=3k$ and hence is a multiple of 3.,The sum of three consecutive integers takes the form $(k-1)-(k)+(k+1)=3k$ and hence is a multiple of 3.,VERIFIED_INVALID,Deterministic Operator AST Verifier,"Arithmetic sign flipped (+ <-> -), altering algebraic expression value.",VALID_REFERENCE_STEP,MATHEMATICALLY_INVALID,PASSED,"Arithmetic sign flipped (+ <-> -), altering algebraic expression value."
pair_math500_007,math500_007,OP_SIGN_FLIP,"For the first line, let $t = 2x = 3y = -z.$  Then","For the first line, let $t = 2x = 3y = +z.$  Then",VERIFIED_INVALID,Deterministic Operator AST Verifier,"Arithmetic sign flipped (+ <-> -), altering algebraic expression value.",VALID_REFERENCE_STEP,MATHEMATICALLY_INVALID,PASSED,"Arithmetic sign flipped (+ <-> -), altering algebraic expression value."
pair_math500_008,math500_008,OP_CONSTANT_PERTURB,"We use the distance formula:  \begin{align*}
\sqrt{(2 - (-4))^2 + ((-6) - 3)^2} &= \sqrt{6^2 + (-9)^2}\\
& = \sqrt{36 + 81}\\
& = \sqrt{117} = \boxed{3\sqrt{13}}.
\end{align*}","We use the distance formula:  \begin{align*}
\sqrt{(3 - (-4))^2 + ((-6) - 3)^2} &= \sqrt{6^2 + (-9)^2}\\
& = \sqrt{36 + 81}\\
& = \sqrt{117} = \boxed{3\sqrt{13}}.
\end{align*}",VERIFIED_INVALID,Deterministic Operator AST Verifier,"Numerical constant perturbed (2 -> 3), contradicting reference solution.",VALID_REFERENCE_STEP,MATHEMATICALLY_INVALID,PASSED,"Numerical constant perturbed (2 -> 3), contradicting reference solution."
pair_math500_009,math500_009,OP_SIGN_FLIP,"For example, the associative property tells us that $(2\cdot(3\cdot 4))\cdot (5+1)$ is the same as $2\cdot3\cdot4\cdot (5+1)$.","For example, the associative property tells us that $(2\cdot(3\cdot 4))\cdot (5-1)$ is the same as $2\cdot3\cdot4\cdot (5+1)$.",VERIFIED_INVALID,Deterministic Operator AST Verifier,"Arithmetic sign flipped (+ <-> -), altering algebraic expression value.",VALID_REFERENCE_STEP,MATHEMATICALLY_INVALID,PASSED,"Arithmetic sign flipped (+ <-> -), altering algebraic expression value."
pair_math500_010,math500_010,OP_CONSTANT_PERTURB,Let $M$ be the least positive multiple of 30 that can be written with only the digits 0 and 2.,Let $M$ be the least positive multiple of 31 that can be written with only the digits 0 and 2.,VERIFIED_INVALID,Deterministic Operator AST Verifier,"Numerical constant perturbed (30 -> 31), contradicting reference solution.",VALID_REFERENCE_STEP,MATHEMATICALLY_INVALID,PASSED,"Numerical constant perturbed (30 -> 31), contradicting reference solution."
pair_math500_011,math500_011,OP_SIGN_FLIP,"Let $q(x) = (x^2 - 1) p(x) - x.$  Then $q(x)$ has degree 7, and $q(n) = 0$ for $n = 2$, 3, 4, $\dots,$ 7, so","Let $q(x) = (x^2 + 1) p(x) - x.$  Then $q(x)$ has degree 7, and $q(n) = 0$ for $n = 2$, 3, 4, $\dots,$ 7, so",VERIFIED_INVALID,Deterministic Operator AST Verifier,"Arithmetic sign flipped (+ <-> -), altering algebraic expression value.",VALID_REFERENCE_STEP,MATHEMATICALLY_INVALID,PASSED,"Arithmetic sign flipped (+ <-> -), altering algebraic expression value."
pair_math500_012,math500_012,OP_CONSTANT_PERTURB,Prime factorize $284=2^2\cdot71$.,Prime factorize $285=2^2\cdot71$.,VERIFIED_INVALID,Deterministic Operator AST Verifier,"Numerical constant perturbed (284 -> 285), contradicting reference solution.",VALID_REFERENCE_STEP,MATHEMATICALLY_INVALID,PASSED,"Numerical constant perturbed (284 -> 285), contradicting reference solution."
pair_math500_013,math500_013,OP_CONSTANT_PERTURB,"The radius of the base is $3$ cm, so we have $9\pi h=45\pi\qquad\Rightarrow h=5$.","The radius of the base is $4$ cm, so we have $9\pi h=45\pi\qquad\Rightarrow h=5$.",VERIFIED_INVALID,Deterministic Operator AST Verifier,"Numerical constant perturbed (3 -> 4), contradicting reference solution.",VALID_REFERENCE_STEP,MATHEMATICALLY_INVALID,PASSED,"Numerical constant perturbed (3 -> 4), contradicting reference solution."
pair_math500_014,math500_014,OP_FRACTION_FLIP,"The triangle is a right triangle, so $\sin D = \frac{EF}{DF}$.","The triangle is a right triangle, so $\sin D = \frac{DF}{EF}$.",VERIFIED_INVALID,Deterministic Operator AST Verifier,"Numerator/denominator flipped (EF/DF -> DF/EF), altering fraction value.",VALID_REFERENCE_STEP,MATHEMATICALLY_INVALID,PASSED,"Numerator/denominator flipped (EF/DF -> DF/EF), altering fraction value."
pair_math500_015,math500_015,OP_FRACTION_FLIP,Rotating by $\frac{\pi}{4}$ counter-clockwise corresponds to the complex number,Rotating by $\frac{4}{\pi}$ counter-clockwise corresponds to the complex number,VERIFIED_INVALID,Deterministic Operator AST Verifier,"Numerator/denominator flipped (\pi/4 -> 4/\pi), altering fraction value.",VALID_REFERENCE_STEP,MATHEMATICALLY_INVALID,PASSED,"Numerator/denominator flipped (\pi/4 -> 4/\pi), altering fraction value."
pair_math500_016,math500_016,OP_SIGN_FLIP,$(1-2)+(3-4)+ \dots +(97-98)+(99-100) = 50(-1) = \boxed{-50}.$,$(1-2)-(3-4)+ \dots +(97-98)+(99-100) = 50(-1) = \boxed{-50}.$,VERIFIED_INVALID,Deterministic Operator AST Verifier,"Arithmetic sign flipped (+ <-> -), altering algebraic expression value.",VALID_REFERENCE_STEP,MATHEMATICALLY_INVALID,PASSED,"Arithmetic sign flipped (+ <-> -), altering algebraic expression value."
pair_math500_018,math500_018,OP_CONSTANT_PERTURB,"The sum of the three angles at $A$ is $180^\circ$, since they form a straight angle.","The sum of the three angles at $A$ is $181^\circ$, since they form a straight angle.",VERIFIED_INVALID,Deterministic Operator AST Verifier,"Numerical constant perturbed (180 -> 181), contradicting reference solution.",VALID_REFERENCE_STEP,MATHEMATICALLY_INVALID,PASSED,"Numerical constant perturbed (180 -> 181), contradicting reference solution."
pair_math500_019,math500_019,OP_SIGN_FLIP,"Note that $x = -1$ is always a root of $x^3 + ax^2 + ax + 1 = 0,$ so we can factor out $x + 1,$ to get","Note that $x = -1$ is always a root of $x^3 - ax^2 + ax + 1 = 0,$ so we can factor out $x + 1,$ to get",VERIFIED_INVALID,Deterministic Operator AST Verifier,"Arithmetic sign flipped (+ <-> -), altering algebraic expression value.",VALID_REFERENCE_STEP,MATHEMATICALLY_INVALID,PASSED,"Arithmetic sign flipped (+ <-> -), altering algebraic expression value."
pair_math500_020,math500_020,OP_SIGN_FLIP,Distribute the factor of 6 and simplify to obtain $(1+2i)6-3i=6+12i-3i=\boxed{6+9i}$.,Distribute the factor of 6 and simplify to obtain $(1-2i)6-3i=6+12i-3i=\boxed{6+9i}$.,VERIFIED_INVALID,Deterministic Operator AST Verifier,"Arithmetic sign flipped (+ <-> -), altering algebraic expression value.",VALID_REFERENCE_STEP,MATHEMATICALLY_INVALID,PASSED,"Arithmetic sign flipped (+ <-> -), altering algebraic expression value."
pair_math500_021,math500_021,OP_SIGN_FLIP,Let $x = \sqrt{7} + \sqrt{5}$ and $y = \sqrt{7} - \sqrt{5}.$,Let $x = \sqrt{7} - \sqrt{5}$ and $y = \sqrt{7} - \sqrt{5}.$,VERIFIED_INVALID,Deterministic Operator AST Verifier,"Arithmetic sign flipped (+ <-> -), altering algebraic expression value.",VALID_REFERENCE_STEP,MATHEMATICALLY_INVALID,PASSED,"Arithmetic sign flipped (+ <-> -), altering algebraic expression value."
pair_math500_022,math500_022,OP_CONSTANT_PERTURB,"Rewriting the sentence ""the ratio of Denali's pay to Nate's pay would be the same if Denali started walking $4x$ more dogs and Nate stayed at $12$ dogs or if $x$ of Nate's dogs were reassigned to Denali"" as an equation, we have","Rewriting the sentence ""the ratio of Denali's pay to Nate's pay would be the same if Denali started walking $4x$ more dogs and Nate stayed at $13$ dogs or if $x$ of Nate's dogs were reassigned to Denali"" as an equation, we have",VERIFIED_INVALID,Deterministic Operator AST Verifier,"Numerical constant perturbed (12 -> 13), contradicting reference solution.",VALID_REFERENCE_STEP,MATHEMATICALLY_INVALID,PASSED,"Numerical constant perturbed (12 -> 13), contradicting reference solution."
pair_math500_023,math500_023,OP_SIGN_FLIP,Subtracting 4 from both sides gives $x-4 = \!\sqrt{11-2x}$.,Subtracting 4 from both sides gives $x+4 = \!\sqrt{11-2x}$.,VERIFIED_INVALID,Deterministic Operator AST Verifier,"Arithmetic sign flipped (+ <-> -), altering algebraic expression value.",VALID_REFERENCE_STEP,MATHEMATICALLY_INVALID,PASSED,"Arithmetic sign flipped (+ <-> -), altering algebraic expression value."
pair_math500_024,math500_024,OP_FRACTION_FLIP,"If the interest rate is $r$, it follows that $$20000(1+r)^2 + 20000(1+r) + 20000 \ge 66200.$$ If we set $x = 1+r$ and divide through the inequality by $200$, it follows that $$100x^2 + 100x - 231 \ge 0.$$ Since $231 = 11 \cdot 21$, we can factor the quadratic as $(10x - 11)(10x + 21) \ge 0$, so it follows that $x \ge \frac {11}{10}$ or $x \le \frac{-21}{10}$.","If the interest rate is $r$, it follows that $$20000(1+r)^2 + 20000(1+r) + 20000 \ge 66200.$$ If we set $x = 1+r$ and divide through the inequality by $200$, it follows that $$100x^2 + 100x - 231 \ge 0.$$ Since $231 = 11 \cdot 21$, we can factor the quadratic as $(10x - 11)(10x + 21) \ge 0$, so it follows that $x \ge \frac {11}{10}$ or $x \le \frac{10}{-21}$.",VERIFIED_INVALID,Deterministic Operator AST Verifier,"Numerator/denominator flipped (-21/10 -> 10/-21), altering fraction value.",VALID_REFERENCE_STEP,MATHEMATICALLY_INVALID,PASSED,"Numerator/denominator flipped (-21/10 -> 10/-21), altering fraction value."
pair_math500_025,math500_025,OP_CONSTANT_PERTURB,"Setting $x = y = 0,$ we get","Setting $x = y = 1,$ we get",VERIFIED_INVALID,Deterministic Operator AST Verifier,"Numerical constant perturbed (0 -> 1), contradicting reference solution.",VALID_REFERENCE_STEP,MATHEMATICALLY_INVALID,PASSED,"Numerical constant perturbed (0 -> 1), contradicting reference solution."
pair_math500_026,math500_026,OP_CONSTANT_PERTURB,Case 1: Rosa is two seats from Pierre.,Case 2: Rosa is two seats from Pierre.,VERIFIED_INVALID,Deterministic Operator AST Verifier,"Numerical constant perturbed (1 -> 2), contradicting reference solution.",VALID_REFERENCE_STEP,MATHEMATICALLY_INVALID,PASSED,"Numerical constant perturbed (1 -> 2), contradicting reference solution."
pair_math500_027,math500_027,OP_CONSTANT_PERTURB,"The cookies were sold at a price of three for $\$1$, so the math club earned $54\div 3\cdot\$1=18\cdot\$1=\$18$ from selling cookies.","The cookies were sold at a price of three for $\$2$, so the math club earned $54\div 3\cdot\$1=18\cdot\$1=\$18$ from selling cookies.",VERIFIED_INVALID,Deterministic Operator AST Verifier,"Numerical constant perturbed (1 -> 2), contradicting reference solution.",VALID_REFERENCE_STEP,MATHEMATICALLY_INVALID,PASSED,"Numerical constant perturbed (1 -> 2), contradicting reference solution."
pair_math500_028,math500_028,OP_SIGN_FLIP,A $90^\circ$ rotation around the origin in the counter-clockwise direction corresponds to multiplication by $\operatorname{cis} 90^\circ = i.$,A $90^\circ$ rotation around the origin in the counter+clockwise direction corresponds to multiplication by $\operatorname{cis} 90^\circ = i.$,VERIFIED_INVALID,Deterministic Operator AST Verifier,"Arithmetic sign flipped (+ <-> -), altering algebraic expression value.",VALID_REFERENCE_STEP,MATHEMATICALLY_INVALID,PASSED,"Arithmetic sign flipped (+ <-> -), altering algebraic expression value."
pair_math500_029,math500_029,OP_CONSTANT_PERTURB,There are $\binom{5}{4}$ different ways to choose 4 from 5 upper class soldiers.,There are $\binom{6}{4}$ different ways to choose 4 from 5 upper class soldiers.,VERIFIED_INVALID,Deterministic Operator AST Verifier,"Numerical constant perturbed (5 -> 6), contradicting reference solution.",VALID_REFERENCE_STEP,MATHEMATICALLY_INVALID,PASSED,"Numerical constant perturbed (5 -> 6), contradicting reference solution."
pair_math500_030,math500_030,OP_SIGN_FLIP,"Multiplying, we see that $6_8 \cdot 7_8 = 42_{10} = 52_8.$ Written out, $$\begin{array}{@{}c@{\;}c@{}c@{}c} && & 6_8 \\ & \times & & 7_8 \\ \cline{2-4} & & 5 & 2_8 \\ \end{array} $$ Thus, the answer is $\boxed{52_8}.$","Multiplying, we see that $6_8 \cdot 7_8 = 42_{10} = 52_8.$ Written out, $$\begin{array}{@{}c@{\;}c@{}c@{}c} && & 6_8 \\ & \times & & 7_8 \\ \cline{2+4} & & 5 & 2_8 \\ \end{array} $$ Thus, the answer is $\boxed{52_8}.$",VERIFIED_INVALID,Deterministic Operator AST Verifier,"Arithmetic sign flipped (+ <-> -), altering algebraic expression value.",VALID_REFERENCE_STEP,MATHEMATICALLY_INVALID,PASSED,"Arithmetic sign flipped (+ <-> -), altering algebraic expression value."
pair_math500_032,math500_032,OP_CONSTANT_PERTURB,"Once the three seats are chosen, there are $3!$ ways to seat the three friends there.","Once the three seats are chosen, there are $4!$ ways to seat the three friends there.",VERIFIED_INVALID,Deterministic Operator AST Verifier,"Numerical constant perturbed (3 -> 4), contradicting reference solution.",VALID_REFERENCE_STEP,MATHEMATICALLY_INVALID,PASSED,"Numerical constant perturbed (3 -> 4), contradicting reference solution."
pair_math500_033,math500_033,OP_FRACTION_FLIP,The common ratio between consecutive terms is $\frac{3}{5}$ (you can choose any two consecutive terms and divide the second one by the first to find the common ratio).,The common ratio between consecutive terms is $\frac{5}{3}$ (you can choose any two consecutive terms and divide the second one by the first to find the common ratio).,VERIFIED_INVALID,Deterministic Operator AST Verifier,"Numerator/denominator flipped (3/5 -> 5/3), altering fraction value.",VALID_REFERENCE_STEP,MATHEMATICALLY_INVALID,PASSED,"Numerator/denominator flipped (3/5 -> 5/3), altering fraction value."
pair_math500_034,math500_034,OP_FRACTION_FLIP,"If we take the term with 2 $x^3$'s and 3 $\frac{1}{x^2}$'s, then they will cancel.","If we take the term with 2 $x^3$'s and 3 $\frac{x^2}{1}$'s, then they will cancel.",VERIFIED_INVALID,Deterministic Operator AST Verifier,"Numerator/denominator flipped (1/x^2 -> x^2/1), altering fraction value.",VALID_REFERENCE_STEP,MATHEMATICALLY_INVALID,PASSED,"Numerator/denominator flipped (1/x^2 -> x^2/1), altering fraction value."
pair_math500_035,math500_035,OP_SIGN_FLIP,"If $n \equiv 2 \pmod{7}$, then $(n + 2)(n + 4)(n + 6) \equiv 4 \cdot 6 \cdot 8 \equiv 4 \cdot 6 \cdot 1 \equiv 24 \equiv \boxed{3} \pmod{7}$.","If $n \equiv 2 \pmod{7}$, then $(n - 2)(n + 4)(n + 6) \equiv 4 \cdot 6 \cdot 8 \equiv 4 \cdot 6 \cdot 1 \equiv 24 \equiv \boxed{3} \pmod{7}$.",VERIFIED_INVALID,Deterministic Operator AST Verifier,"Arithmetic sign flipped (+ <-> -), altering algebraic expression value.",VALID_REFERENCE_STEP,MATHEMATICALLY_INVALID,PASSED,"Arithmetic sign flipped (+ <-> -), altering algebraic expression value."
pair_math500_036,math500_036,OP_SIGN_FLIP,Let $a = x - 3$ and $b = x - 7.$  Then we can write the given equation as,Let $a = x + 3$ and $b = x - 7.$  Then we can write the given equation as,VERIFIED_INVALID,Deterministic Operator AST Verifier,"Arithmetic sign flipped (+ <-> -), altering algebraic expression value.",VALID_REFERENCE_STEP,MATHEMATICALLY_INVALID,PASSED,"Arithmetic sign flipped (+ <-> -), altering algebraic expression value."
pair_math500_037,math500_037,OP_CONSTANT_PERTURB,"Each of the five marked angles measures $360/5=72$ degrees, so $\boxed{72}$ degrees is the minimum angle through which the pentagon may be rotated so that it coincides with its original position.","Each of the five marked angles measures $361/5=72$ degrees, so $\boxed{72}$ degrees is the minimum angle through which the pentagon may be rotated so that it coincides with its original position.",VERIFIED_INVALID,Deterministic Operator AST Verifier,"Numerical constant perturbed (360 -> 361), contradicting reference solution.",VALID_REFERENCE_STEP,MATHEMATICALLY_INVALID,PASSED,"Numerical constant perturbed (360 -> 361), contradicting reference solution."
pair_math500_038,math500_038,OP_FRACTION_FLIP,"If 40 calories is equal to $2\%=\frac{2}{100}=\frac{1}{50}$ of a person's daily requirement, then a person's daily caloric requirement is: $$40\cdot 50=\boxed{2000}$$","If 40 calories is equal to $2\%=\frac{100}{2}=\frac{1}{50}$ of a person's daily requirement, then a person's daily caloric requirement is: $$40\cdot 50=\boxed{2000}$$",VERIFIED_INVALID,Deterministic Operator AST Verifier,"Numerator/denominator flipped (2/100 -> 100/2), altering fraction value.",VALID_REFERENCE_STEP,MATHEMATICALLY_INVALID,PASSED,"Numerator/denominator flipped (2/100 -> 100/2), altering fraction value."
pair_math500_039,math500_039,OP_CONSTANT_PERTURB,"We first recognize that $132=11\times 12$, so its prime factorization is $132 = 2^2 \cdot 3 \cdot 11$.","We first recognize that $133=11\times 12$, so its prime factorization is $132 = 2^2 \cdot 3 \cdot 11$.",VERIFIED_INVALID,Deterministic Operator AST Verifier,"Numerical constant perturbed (132 -> 133), contradicting reference solution.",VALID_REFERENCE_STEP,MATHEMATICALLY_INVALID,PASSED,"Numerical constant perturbed (132 -> 133), contradicting reference solution."
pair_math500_040,math500_040,OP_CONSTANT_PERTURB,"The hexagon has a side length of 16 centimeters, so its perimeter is $16\times 6 = 96$ centimeters.","The hexagon has a side length of 17 centimeters, so its perimeter is $16\times 6 = 96$ centimeters.",VERIFIED_INVALID,Deterministic Operator AST Verifier,"Numerical constant perturbed (16 -> 17), contradicting reference solution.",VALID_REFERENCE_STEP,MATHEMATICALLY_INVALID,PASSED,"Numerical constant perturbed (16 -> 17), contradicting reference solution."
pair_math500_041,math500_041,OP_CONSTANT_PERTURB,"Name the points $A(5,3)$, $B(6,8)$, $C(7,4)$, and $D(x,y)$ and sketch the first three.","Name the points $A(6,3)$, $B(6,8)$, $C(7,4)$, and $D(x,y)$ and sketch the first three.",VERIFIED_INVALID,Deterministic Operator AST Verifier,"Numerical constant perturbed (5 -> 6), contradicting reference solution.",VALID_REFERENCE_STEP,MATHEMATICALLY_INVALID,PASSED,"Numerical constant perturbed (5 -> 6), contradicting reference solution."
pair_math500_042,math500_042,OP_CONSTANT_PERTURB,"Since everything in sight is even, we should begin by dividing by 2.","Since everything in sight is even, we should begin by dividing by 3.",VERIFIED_INVALID,Deterministic Operator AST Verifier,"Numerical constant perturbed (2 -> 3), contradicting reference solution.",VALID_REFERENCE_STEP,MATHEMATICALLY_INVALID,PASSED,"Numerical constant perturbed (2 -> 3), contradicting reference solution."
pair_math500_043,math500_043,OP_SIGN_FLIP,\[\sqrt{x^2 + 400} + \sqrt{y^2 + 900} + \sqrt{(x - 40)^2 + (y - 50)^2} = \sqrt{x^2 + 400} + \sqrt{y^2 + 900} + \sqrt{(40 - x)^2 + (50 - y)^2}.\],\[\sqrt{x^2 - 400} + \sqrt{y^2 + 900} + \sqrt{(x - 40)^2 + (y - 50)^2} = \sqrt{x^2 + 400} + \sqrt{y^2 + 900} + \sqrt{(40 - x)^2 + (50 - y)^2}.\],VERIFIED_INVALID,Deterministic Operator AST Verifier,"Arithmetic sign flipped (+ <-> -), altering algebraic expression value.",VALID_REFERENCE_STEP,MATHEMATICALLY_INVALID,PASSED,"Arithmetic sign flipped (+ <-> -), altering algebraic expression value."
pair_math500_044,math500_044,OP_FRACTION_FLIP,"As the diagram on the right illustrates, he could also have walked from $A$ to $B$ by first walking 1 mile south then $\frac{3}{4}$ mile east.","As the diagram on the right illustrates, he could also have walked from $A$ to $B$ by first walking 1 mile south then $\frac{4}{3}$ mile east.",VERIFIED_INVALID,Deterministic Operator AST Verifier,"Numerator/denominator flipped (3/4 -> 4/3), altering fraction value.",VALID_REFERENCE_STEP,MATHEMATICALLY_INVALID,PASSED,"Numerator/denominator flipped (3/4 -> 4/3), altering fraction value."
pair_math500_045,math500_045,OP_FRACTION_FLIP,"We have $\sin A = \frac{BC}{AC}$ and $\cos A = \frac{AB}{AC}$, so $\sin A = 2\cos A$ gives us $\frac{BC}{AC} = 2\cdot\frac{AB}{AC}$.","We have $\sin A = \frac{AC}{BC}$ and $\cos A = \frac{AB}{AC}$, so $\sin A = 2\cos A$ gives us $\frac{BC}{AC} = 2\cdot\frac{AB}{AC}$.",VERIFIED_INVALID,Deterministic Operator AST Verifier,"Numerator/denominator flipped (BC/AC -> AC/BC), altering fraction value.",VALID_REFERENCE_STEP,MATHEMATICALLY_INVALID,PASSED,"Numerator/denominator flipped (BC/AC -> AC/BC), altering fraction value."
pair_math500_046,math500_046,OP_SIGN_FLIP,"Multiplying the equation $z^4 + z^2 + 1 = 0$ by $z^2 - 1 = (z - 1)(z + 1)$, we get $z^6 - 1 = 0$.","Multiplying the equation $z^4 - z^2 + 1 = 0$ by $z^2 - 1 = (z - 1)(z + 1)$, we get $z^6 - 1 = 0$.",VERIFIED_INVALID,Deterministic Operator AST Verifier,"Arithmetic sign flipped (+ <-> -), altering algebraic expression value.",VALID_REFERENCE_STEP,MATHEMATICALLY_INVALID,PASSED,"Arithmetic sign flipped (+ <-> -), altering algebraic expression value."
pair_math500_047,math500_047,OP_CONSTANT_PERTURB,Vertical asymptotes occur at values of $x$ where the denominator is 0.,Vertical asymptotes occur at values of $x$ where the denominator is 1.,VERIFIED_INVALID,Deterministic Operator AST Verifier,"Numerical constant perturbed (0 -> 1), contradicting reference solution.",VALID_REFERENCE_STEP,MATHEMATICALLY_INVALID,PASSED,"Numerical constant perturbed (0 -> 1), contradicting reference solution."
pair_math500_048,math500_048,OP_CONSTANT_PERTURB,We are asked to solve $4^x=8$ for $x$.,We are asked to solve $5^x=8$ for $x$.,VERIFIED_INVALID,Deterministic Operator AST Verifier,"Numerical constant perturbed (4 -> 5), contradicting reference solution.",VALID_REFERENCE_STEP,MATHEMATICALLY_INVALID,PASSED,"Numerical constant perturbed (4 -> 5), contradicting reference solution."
pair_math500_049,math500_049,OP_FRACTION_FLIP,We translate the problem to the equation $\frac{1}{2}(3x-9) = x+37$.,We translate the problem to the equation $\frac{2}{1}(3x-9) = x+37$.,VERIFIED_INVALID,Deterministic Operator AST Verifier,"Numerator/denominator flipped (1/2 -> 2/1), altering fraction value.",VALID_REFERENCE_STEP,MATHEMATICALLY_INVALID,PASSED,"Numerator/denominator flipped (1/2 -> 2/1), altering fraction value."
pair_math500_050,math500_050,OP_SIGN_FLIP,"If there are $b$ gold coins in each of the original 7 bags, then $7b+53$ is divisible by 8.","If there are $b$ gold coins in each of the original 7 bags, then $7b-53$ is divisible by 8.",VERIFIED_INVALID,Deterministic Operator AST Verifier,"Arithmetic sign flipped (+ <-> -), altering algebraic expression value.",VALID_REFERENCE_STEP,MATHEMATICALLY_INVALID,PASSED,"Arithmetic sign flipped (+ <-> -), altering algebraic expression value."
pair_math500_051,math500_051,OP_FRACTION_FLIP,"Alternatively, by the Remainder Theorem, the remainder upon division is $(-1)^6 - 3 = -2.$  Thus, we can write
\begin{align*}
\frac{x^6 - 3}{x + 1} &= \frac{(x^6 - 1) - 2}{x + 1} \\
&= \frac{x^6 - 1}{x + 1} - \frac{2}{x + 1} \\
&= \frac{(x^3 - 1)(x^3 + 1)}{x + 1} - \frac{2}{x + 1} \\
&= \frac{(x^3 - 1)(x + 1)(x^2 - x + 1)}{x + 1} - \frac{2}{x + 1} \\
&= (x^3 - 1)(x^2 - x + 1) - \frac{2}{x + 1} \\
&= x^5 - x^4 + x^3 - x^2 + x - 1 - \frac{2}{x + 1}.
\end{align*}Thus, the quotient is $\boxed{x^5 - x^4 + x^3 - x^2 + x - 1}.$","Alternatively, by the Remainder Theorem, the remainder upon division is $(-1)^6 - 3 = -2.$  Thus, we can write
\begin{align*}
\frac{x + 1}{x^6 - 3} &= \frac{(x^6 - 1) - 2}{x + 1} \\
&= \frac{x^6 - 1}{x + 1} - \frac{2}{x + 1} \\
&= \frac{(x^3 - 1)(x^3 + 1)}{x + 1} - \frac{2}{x + 1} \\
&= \frac{(x^3 - 1)(x + 1)(x^2 - x + 1)}{x + 1} - \frac{2}{x + 1} \\
&= (x^3 - 1)(x^2 - x + 1) - \frac{2}{x + 1} \\
&= x^5 - x^4 + x^3 - x^2 + x - 1 - \frac{2}{x + 1}.
\end{align*}Thus, the quotient is $\boxed{x^5 - x^4 + x^3 - x^2 + x - 1}.$",VERIFIED_INVALID,Deterministic Operator AST Verifier,"Numerator/denominator flipped (x^6 - 3/x + 1 -> x + 1/x^6 - 3), altering fraction value.",VALID_REFERENCE_STEP,MATHEMATICALLY_INVALID,PASSED,"Numerator/denominator flipped (x^6 - 3/x + 1 -> x + 1/x^6 - 3), altering fraction value."
pair_math500_052,math500_052,OP_FRACTION_FLIP,"We have  \begin{align*}
\frac{\sqrt{2.5^2 - 0.7^2}}{2.7-2.5} &= \frac{\sqrt{6.25 - 0.49}}{2.7-2.5} = \frac{\sqrt{5.76}}{0.2} = \frac{\sqrt{576/100}}{0.2}\\
&= \frac{\sqrt{576}/\sqrt{100}}{0.2} = \frac{24/10}{0.2} = \frac{2.4}{0.2} = \boxed{12}.\end{align*}","We have  \begin{align*}
\frac{\sqrt{2.5^2 - 0.7^2}}{2.7-2.5} &= \frac{\sqrt{6.25 - 0.49}}{2.7-2.5} = \frac{\sqrt{5.76}}{0.2} = \frac{\sqrt{576/100}}{0.2}\\
&= \frac{\sqrt{576}/\sqrt{100}}{0.2} = \frac{0.2}{24/10} = \frac{2.4}{0.2} = \boxed{12}.\end{align*}",VERIFIED_INVALID,Deterministic Operator AST Verifier,"Numerator/denominator flipped (24/10/0.2 -> 0.2/24/10), altering fraction value.",VALID_REFERENCE_STEP,MATHEMATICALLY_INVALID,PASSED,"Numerator/denominator flipped (24/10/0.2 -> 0.2/24/10), altering fraction value."
pair_math500_055,math500_055,OP_SIGN_FLIP,"Since the product of $f$ and a polynomial with degree 1 equals a polynomial with degree 4, we know that $f$ is a polynomial with degree $4-1=\boxed{3}$.","Since the product of $f$ and a polynomial with degree 1 equals a polynomial with degree 4, we know that $f$ is a polynomial with degree $4+1=\boxed{3}$.",VERIFIED_INVALID,Deterministic Operator AST Verifier,"Arithmetic sign flipped (+ <-> -), altering algebraic expression value.",VALID_REFERENCE_STEP,MATHEMATICALLY_INVALID,PASSED,"Arithmetic sign flipped (+ <-> -), altering algebraic expression value."
pair_math500_056,math500_056,OP_SIGN_FLIP,"The first $N$ positive odd integers are 1, 3, $\dots$, $2N - 1$.","The first $N$ positive odd integers are 1, 3, $\dots$, $2N + 1$.",VERIFIED_INVALID,Deterministic Operator AST Verifier,"Arithmetic sign flipped (+ <-> -), altering algebraic expression value.",VALID_REFERENCE_STEP,MATHEMATICALLY_INVALID,PASSED,"Arithmetic sign flipped (+ <-> -), altering algebraic expression value."
pair_math500_057,math500_057,OP_SIGN_FLIP,\[\left|\left(1-i\right)^8\right|=\left|1-i\right|^8\],\[\left|\left(1+i\right)^8\right|=\left|1-i\right|^8\],VERIFIED_INVALID,Deterministic Operator AST Verifier,"Arithmetic sign flipped (+ <-> -), altering algebraic expression value.",VALID_REFERENCE_STEP,MATHEMATICALLY_INVALID,PASSED,"Arithmetic sign flipped (+ <-> -), altering algebraic expression value."
pair_math500_058,math500_058,OP_SIGN_FLIP,$99^2+99+1=99(99+1)+1=99\cdot 100+1=9900+1=\boxed{9901}$.,$99^2-99+1=99(99+1)+1=99\cdot 100+1=9900+1=\boxed{9901}$.,VERIFIED_INVALID,Deterministic Operator AST Verifier,"Arithmetic sign flipped (+ <-> -), altering algebraic expression value.",VALID_REFERENCE_STEP,MATHEMATICALLY_INVALID,PASSED,"Arithmetic sign flipped (+ <-> -), altering algebraic expression value."
pair_math500_059,math500_059,OP_SIGN_FLIP,"Among the $50-6=44$ students that participate in either MATHCOUNTS or science club, $44-28=16$ students do not participate in MATHCOUNTS.","Among the $50+6=44$ students that participate in either MATHCOUNTS or science club, $44-28=16$ students do not participate in MATHCOUNTS.",VERIFIED_INVALID,Deterministic Operator AST Verifier,"Arithmetic sign flipped (+ <-> -), altering algebraic expression value.",VALID_REFERENCE_STEP,MATHEMATICALLY_INVALID,PASSED,"Arithmetic sign flipped (+ <-> -), altering algebraic expression value."
pair_math500_060,math500_060,OP_SIGN_FLIP,"Let $\alpha$ be a root of $x^3 - 3x^2 + 4x - 1 = 0,$ so $\alpha^3 = 3 \alpha^2 - 4 \alpha + 1.$  Then","Let $\alpha$ be a root of $x^3 - 3x^2 - 4x - 1 = 0,$ so $\alpha^3 = 3 \alpha^2 - 4 \alpha + 1.$  Then",VERIFIED_INVALID,Deterministic Operator AST Verifier,"Arithmetic sign flipped (+ <-> -), altering algebraic expression value.",VALID_REFERENCE_STEP,MATHEMATICALLY_INVALID,PASSED,"Arithmetic sign flipped (+ <-> -), altering algebraic expression value."
pair_math500_061,math500_061,OP_SIGN_FLIP,"\[
5= \log_2r_1 + \log_2 r_2 + \log_2 r_3 = \log_2r_1r_2r_3,
\]","\[
5= \log_2r_1 - \log_2 r_2 + \log_2 r_3 = \log_2r_1r_2r_3,
\]",VERIFIED_INVALID,Deterministic Operator AST Verifier,"Arithmetic sign flipped (+ <-> -), altering algebraic expression value.",VALID_REFERENCE_STEP,MATHEMATICALLY_INVALID,PASSED,"Arithmetic sign flipped (+ <-> -), altering algebraic expression value."
pair_math500_062,math500_062,OP_SIGN_FLIP,"\[\|\bold{v}\| = \left\| \begin{pmatrix} x \\ y \end{pmatrix} \right\| = \sqrt{x^2 + y^2},\]","\[\|\bold{v}\| = \left\| \begin{pmatrix} x \\ y \end{pmatrix} \right\| = \sqrt{x^2 - y^2},\]",VERIFIED_INVALID,Deterministic Operator AST Verifier,"Arithmetic sign flipped (+ <-> -), altering algebraic expression value.",VALID_REFERENCE_STEP,MATHEMATICALLY_INVALID,PASSED,"Arithmetic sign flipped (+ <-> -), altering algebraic expression value."
pair_math500_063,math500_063,OP_SIGN_FLIP,"First, we can factor $x^8 + 3x^4 - 4$ as $(x^4 - 1)(x^4 + 4).$  Then","First, we can factor $x^8 - 3x^4 - 4$ as $(x^4 - 1)(x^4 + 4).$  Then",VERIFIED_INVALID,Deterministic Operator AST Verifier,"Arithmetic sign flipped (+ <-> -), altering algebraic expression value.",VALID_REFERENCE_STEP,MATHEMATICALLY_INVALID,PASSED,"Arithmetic sign flipped (+ <-> -), altering algebraic expression value."
pair_math500_064,math500_064,OP_SIGN_FLIP,"\[\sin x = \frac{e^{ix} - e^{-ix}}{2i},\]","\[\sin x = \frac{e^{ix} + e^{-ix}}{2i},\]",VERIFIED_INVALID,Deterministic Operator AST Verifier,"Arithmetic sign flipped (+ <-> -), altering algebraic expression value.",VALID_REFERENCE_STEP,MATHEMATICALLY_INVALID,PASSED,"Arithmetic sign flipped (+ <-> -), altering algebraic expression value."
pair_math500_065,math500_065,OP_CONSTANT_PERTURB,"One raised to any power is one, so our answer is $\boxed{1}.$","One raised to any power is one, so our answer is $\boxed{2}.$",VERIFIED_INVALID,Deterministic Operator AST Verifier,"Numerical constant perturbed (1 -> 2), contradicting reference solution.",VALID_REFERENCE_STEP,MATHEMATICALLY_INVALID,PASSED,"Numerical constant perturbed (1 -> 2), contradicting reference solution."
pair_math500_066,math500_066,OP_CONSTANT_PERTURB,"Begin by distributing in the innermost parentheses: \begin{align*}
&\ \ \ \ x\left(x(1+x)+2x\right)-3(x^2-x+2) \\&= x(x+x^2+2x) - 3(x^2-x+2)
\end{align*} Now, distribute again: \begin{align*}
x^2+x^3+2x^2-3x^2+3x-6
\end{align*} Finally, combine like terms to get \begin{align*}
\boxed{x^3+3x-6}
\end{align*}","Begin by distributing in the innermost parentheses: \begin{align*}
&\ \ \ \ x\left(x(2+x)+2x\right)-3(x^2-x+2) \\&= x(x+x^2+2x) - 3(x^2-x+2)
\end{align*} Now, distribute again: \begin{align*}
x^2+x^3+2x^2-3x^2+3x-6
\end{align*} Finally, combine like terms to get \begin{align*}
\boxed{x^3+3x-6}
\end{align*}",VERIFIED_INVALID,Deterministic Operator AST Verifier,"Numerical constant perturbed (1 -> 2), contradicting reference solution.",VALID_REFERENCE_STEP,MATHEMATICALLY_INVALID,PASSED,"Numerical constant perturbed (1 -> 2), contradicting reference solution."
pair_math500_067,math500_067,OP_CONSTANT_PERTURB,"The lengths of one pair of opposite sides was decreased by $40\%$, so the area became $.6A$.","The lengths of one pair of opposite sides was decreased by $41\%$, so the area became $.6A$.",VERIFIED_INVALID,Deterministic Operator AST Verifier,"Numerical constant perturbed (40 -> 41), contradicting reference solution.",VALID_REFERENCE_STEP,MATHEMATICALLY_INVALID,PASSED,"Numerical constant perturbed (40 -> 41), contradicting reference solution."
pair_math500_068,math500_068,OP_FRACTION_FLIP,"Isolating $\tan x^\circ,$ we find
\begin{align*}
\tan x &= \frac{\tan 53^\circ + \tan 81^\circ}{\tan 53^\circ \tan 81^\circ - 1} \\
&= -\frac{\tan 53^\circ + \tan 81^\circ}{1 - \tan 53^\circ \tan 81^\circ}.
\end{align*}From the angle addition formula, this is equal to","Isolating $\tan x^\circ,$ we find
\begin{align*}
\tan x &= \frac{\tan 53^\circ \tan 81^\circ - 1}{\tan 53^\circ + \tan 81^\circ} \\
&= -\frac{\tan 53^\circ + \tan 81^\circ}{1 - \tan 53^\circ \tan 81^\circ}.
\end{align*}From the angle addition formula, this is equal to",VERIFIED_INVALID,Deterministic Operator AST Verifier,"Numerator/denominator flipped (\tan 53^\circ + \tan 81^\circ/\tan 53^\circ \tan 81^\circ - 1 -> \tan 53^\circ \tan 81^\circ - 1/\tan 53^\circ + \tan 81^\circ), altering fraction value.",VALID_REFERENCE_STEP,MATHEMATICALLY_INVALID,PASSED,"Numerator/denominator flipped (\tan 53^\circ + \tan 81^\circ/\tan 53^\circ \tan 81^\circ - 1 -> \tan 53^\circ \tan 81^\circ - 1/\tan 53^\circ + \tan 81^\circ), altering fraction value."
pair_math500_069,math500_069,OP_SIGN_FLIP,"Since $z^5 = 1,$ $z^5 - 1 = 0,$ which factors as","Since $z^5 = 1,$ $z^5 + 1 = 0,$ which factors as",VERIFIED_INVALID,Deterministic Operator AST Verifier,"Arithmetic sign flipped (+ <-> -), altering algebraic expression value.",VALID_REFERENCE_STEP,MATHEMATICALLY_INVALID,PASSED,"Arithmetic sign flipped (+ <-> -), altering algebraic expression value."
pair_math500_070,math500_070,OP_SIGN_FLIP,"No borrowing occurs: $$ \begin{array}{c@{}c@{\;}c@{}c} & & 5 & 8_9 \\ &- & 1 & 8_9 \\ \cline{2-4} & & 4 & 0_9 \\ \end{array} $$ Thus, the answer is $\boxed{40_9}.$","No borrowing occurs: $$ \begin{array}{c@{}c@{\;}c@{}c} & & 5 & 8_9 \\ &+ & 1 & 8_9 \\ \cline{2-4} & & 4 & 0_9 \\ \end{array} $$ Thus, the answer is $\boxed{40_9}.$",VERIFIED_INVALID,Deterministic Operator AST Verifier,"Arithmetic sign flipped (+ <-> -), altering algebraic expression value.",VALID_REFERENCE_STEP,MATHEMATICALLY_INVALID,PASSED,"Arithmetic sign flipped (+ <-> -), altering algebraic expression value."
pair_math500_071,math500_071,OP_CONSTANT_PERTURB,"Since $2^3=8$, we may convert between base 2 and base 8 representations by replacing each block of three digits in base 2 with its equivalent in base 8.","Since $3^3=8$, we may convert between base 2 and base 8 representations by replacing each block of three digits in base 2 with its equivalent in base 8.",VERIFIED_INVALID,Deterministic Operator AST Verifier,"Numerical constant perturbed (2 -> 3), contradicting reference solution.",VALID_REFERENCE_STEP,MATHEMATICALLY_INVALID,PASSED,"Numerical constant perturbed (2 -> 3), contradicting reference solution."
pair_math500_072,math500_072,OP_FRACTION_FLIP,"The volume of a sphere is $\frac{4}{3}\pi r^3$ and the surface area is $4\pi r^2$, so","The volume of a sphere is $\frac{3}{4}\pi r^3$ and the surface area is $4\pi r^2$, so",VERIFIED_INVALID,Deterministic Operator AST Verifier,"Numerator/denominator flipped (4/3 -> 3/4), altering fraction value.",VALID_REFERENCE_STEP,MATHEMATICALLY_INVALID,PASSED,"Numerator/denominator flipped (4/3 -> 3/4), altering fraction value."
pair_math500_073,math500_073,OP_SIGN_FLIP,We have $9\&2 = \frac{\sqrt{(9)(2)+9}}{\sqrt{(9)(2)-2}} = \frac{\sqrt{27}}{\sqrt{16}} = \boxed{\frac{3\sqrt{3}}{4}}.$,We have $9\&2 = \frac{\sqrt{(9)(2)-9}}{\sqrt{(9)(2)-2}} = \frac{\sqrt{27}}{\sqrt{16}} = \boxed{\frac{3\sqrt{3}}{4}}.$,VERIFIED_INVALID,Deterministic Operator AST Verifier,"Arithmetic sign flipped (+ <-> -), altering algebraic expression value.",VALID_REFERENCE_STEP,MATHEMATICALLY_INVALID,PASSED,"Arithmetic sign flipped (+ <-> -), altering algebraic expression value."
pair_math500_074,math500_074,OP_FRACTION_FLIP,"We can write
\begin{align*}
\frac{\sec x}{\sin x} - \frac{\sin x}{\cos x} &= \frac{1}{\cos x \sin x} - \frac{\sin x}{\cos x} \\
&= \frac{1 - \sin^2 x}{\cos x \sin x} \\
&= \frac{\cos^2 x}{\cos x \sin x} \\
&= \frac{\cos x}{\sin x} \\
&= \boxed{\cot x}.
\end{align*}","We can write
\begin{align*}
\frac{\sin x}{\sec x} - \frac{\sin x}{\cos x} &= \frac{1}{\cos x \sin x} - \frac{\sin x}{\cos x} \\
&= \frac{1 - \sin^2 x}{\cos x \sin x} \\
&= \frac{\cos^2 x}{\cos x \sin x} \\
&= \frac{\cos x}{\sin x} \\
&= \boxed{\cot x}.
\end{align*}",VERIFIED_INVALID,Deterministic Operator AST Verifier,"Numerator/denominator flipped (\sec x/\sin x -> \sin x/\sec x), altering fraction value.",VALID_REFERENCE_STEP,MATHEMATICALLY_INVALID,PASSED,"Numerator/denominator flipped (\sec x/\sin x -> \sin x/\sec x), altering fraction value."
pair_math500_075,math500_075,OP_CONSTANT_PERTURB,"In this problem the $1$, $2$, $3$, $4$ and $6$ faces are paired to create $5 \times 5 = 25$ number pairs whose product is NOT multiples of 5.","In this problem the $2$, $2$, $3$, $4$ and $6$ faces are paired to create $5 \times 5 = 25$ number pairs whose product is NOT multiples of 5.",VERIFIED_INVALID,Deterministic Operator AST Verifier,"Numerical constant perturbed (1 -> 2), contradicting reference solution.",VALID_REFERENCE_STEP,MATHEMATICALLY_INVALID,PASSED,"Numerical constant perturbed (1 -> 2), contradicting reference solution."
pair_math500_076,math500_076,OP_CONSTANT_PERTURB,"In order for $\log x^2$ to be defined, we must have $x^2 > 0$.","In order for $\log x^3$ to be defined, we must have $x^2 > 0$.",VERIFIED_INVALID,Deterministic Operator AST Verifier,"Numerical constant perturbed (2 -> 3), contradicting reference solution.",VALID_REFERENCE_STEP,MATHEMATICALLY_INVALID,PASSED,"Numerical constant perturbed (2 -> 3), contradicting reference solution."
pair_math500_077,math500_077,OP_CONSTANT_PERTURB,Rewrite $4$ as $2^2$ to find $4^x=2^{2x}$.,Rewrite $5$ as $2^2$ to find $4^x=2^{2x}$.,VERIFIED_INVALID,Deterministic Operator AST Verifier,"Numerical constant perturbed (4 -> 5), contradicting reference solution.",VALID_REFERENCE_STEP,MATHEMATICALLY_INVALID,PASSED,"Numerical constant perturbed (4 -> 5), contradicting reference solution."
pair_math500_078,math500_078,OP_SIGN_FLIP,"By the remainder theorem, $f(x) - f(a)$ is divisible by $x - a,$ so we can take out a factor of $x - a$ accordingly:
\begin{align*}
f(x) - f(a) &= (x^3 + 3x^2 + 1) - (a^3 + 3a^2 + 1) \\
&= (x^3 - a^3) + 3(x^2 - a^2) \\
&= (x - a)(x^2 + ax + a^2) + 3(x - a)(x + a) \\
&= (x - a)(x^2 + ax + a^2 + 3x + 3a) \\
&= (x - a)(x^2 + (a + 3) x + a^2 + 3a).
\end{align*}Thus, we want","By the remainder theorem, $f(x) - f(a)$ is divisible by $x - a,$ so we can take out a factor of $x - a$ accordingly:
\begin{align*}
f(x) - f(a) &= (x^3 - 3x^2 + 1) - (a^3 + 3a^2 + 1) \\
&= (x^3 - a^3) + 3(x^2 - a^2) \\
&= (x - a)(x^2 + ax + a^2) + 3(x - a)(x + a) \\
&= (x - a)(x^2 + ax + a^2 + 3x + 3a) \\
&= (x - a)(x^2 + (a + 3) x + a^2 + 3a).
\end{align*}Thus, we want",VERIFIED_INVALID,Deterministic Operator AST Verifier,"Arithmetic sign flipped (+ <-> -), altering algebraic expression value.",VALID_REFERENCE_STEP,MATHEMATICALLY_INVALID,PASSED,"Arithmetic sign flipped (+ <-> -), altering algebraic expression value."
pair_math500_079,math500_079,OP_CONSTANT_PERTURB,"Since the prime factorization of 72 is $72=2^3\cdot 3^2$, we have $x=\boxed{2}$.","Since the prime factorization of 73 is $72=2^3\cdot 3^2$, we have $x=\boxed{2}$.",VERIFIED_INVALID,Deterministic Operator AST Verifier,"Numerical constant perturbed (72 -> 73), contradicting reference solution.",VALID_REFERENCE_STEP,MATHEMATICALLY_INVALID,PASSED,"Numerical constant perturbed (72 -> 73), contradicting reference solution."
pair_math500_081,math500_081,OP_SIGN_FLIP,"Then the given information tells us \begin{align*}
10t &=3s+g\\
2t +g &= s.
\end{align*} Since we would like to solve for $s$ in terms of $t$, we want to eliminate $g$.","Then the given information tells us \begin{align*}
10t &=3s-g\\
2t +g &= s.
\end{align*} Since we would like to solve for $s$ in terms of $t$, we want to eliminate $g$.",VERIFIED_INVALID,Deterministic Operator AST Verifier,"Arithmetic sign flipped (+ <-> -), altering algebraic expression value.",VALID_REFERENCE_STEP,MATHEMATICALLY_INVALID,PASSED,"Arithmetic sign flipped (+ <-> -), altering algebraic expression value."
pair_math500_082,math500_082,OP_SIGN_FLIP,The greatest possible $y$-coordinate for $B$ is 3 and the least possible $y$-coordinate for $A$ is 0.,The greatest possible $y$+coordinate for $B$ is 3 and the least possible $y$-coordinate for $A$ is 0.,VERIFIED_INVALID,Deterministic Operator AST Verifier,"Arithmetic sign flipped (+ <-> -), altering algebraic expression value.",VALID_REFERENCE_STEP,MATHEMATICALLY_INVALID,PASSED,"Arithmetic sign flipped (+ <-> -), altering algebraic expression value."
pair_math500_083,math500_083,OP_SIGN_FLIP,"Rewrite $3^{2x}$ as $(3^2)^x=9^x$, and subtract $9^x$ from both sides to obtain $19=10^x-9^x$.","Rewrite $3^{2x}$ as $(3^2)^x=9^x$, and subtract $9^x$ from both sides to obtain $19=10^x+9^x$.",VERIFIED_INVALID,Deterministic Operator AST Verifier,"Arithmetic sign flipped (+ <-> -), altering algebraic expression value.",VALID_REFERENCE_STEP,MATHEMATICALLY_INVALID,PASSED,"Arithmetic sign flipped (+ <-> -), altering algebraic expression value."
pair_math500_084,math500_084,OP_SIGN_FLIP,"Therefore we know that $6=-2a$, so $a=-3$.","Therefore we know that $6=+2a$, so $a=-3$.",VERIFIED_INVALID,Deterministic Operator AST Verifier,"Arithmetic sign flipped (+ <-> -), altering algebraic expression value.",VALID_REFERENCE_STEP,MATHEMATICALLY_INVALID,PASSED,"Arithmetic sign flipped (+ <-> -), altering algebraic expression value."
pair_math500_085,math500_085,OP_CONSTANT_PERTURB,"The volume of the water increases by $20\pi$ cubic meters each hour, while the height of the water in the tank rises by 4 meters each hour.","The volume of the water increases by $21\pi$ cubic meters each hour, while the height of the water in the tank rises by 4 meters each hour.",VERIFIED_INVALID,Deterministic Operator AST Verifier,"Numerical constant perturbed (20 -> 21), contradicting reference solution.",VALID_REFERENCE_STEP,MATHEMATICALLY_INVALID,PASSED,"Numerical constant perturbed (20 -> 21), contradicting reference solution."
pair_math500_086,math500_086,OP_CONSTANT_PERTURB,"There are 5 options for shirts, 6 options for pants, and 8 options for hats, for a total of $5 \times 6 \times 8 = \boxed{240}$ outfits.","There are 6 options for shirts, 6 options for pants, and 8 options for hats, for a total of $5 \times 6 \times 8 = \boxed{240}$ outfits.",VERIFIED_INVALID,Deterministic Operator AST Verifier,"Numerical constant perturbed (5 -> 6), contradicting reference solution.",VALID_REFERENCE_STEP,MATHEMATICALLY_INVALID,PASSED,"Numerical constant perturbed (5 -> 6), contradicting reference solution."
pair_math500_088,math500_088,OP_SIGN_FLIP,"For $x < a,$ the graph of $y = f(x)$ is the same as the graph of $y = ax+2a,$ which is a line with slope $a$ and which passes through the point $(a, a^2+2a).$ For $x \ge a,$ the graph of $y = f(x)$ is the same as the graph of $y = ax^2,$ which is a parabola passing through the point $(a, a^3).$","For $x < a,$ the graph of $y = f(x)$ is the same as the graph of $y = ax-2a,$ which is a line with slope $a$ and which passes through the point $(a, a^2+2a).$ For $x \ge a,$ the graph of $y = f(x)$ is the same as the graph of $y = ax^2,$ which is a parabola passing through the point $(a, a^3).$",VERIFIED_INVALID,Deterministic Operator AST Verifier,"Arithmetic sign flipped (+ <-> -), altering algebraic expression value.",VALID_REFERENCE_STEP,MATHEMATICALLY_INVALID,PASSED,"Arithmetic sign flipped (+ <-> -), altering algebraic expression value."
pair_math500_089,math500_089,OP_SIGN_FLIP,"First, we use it for $3339$ and $2961$. \begin{align*}
\text{gcd}\,(3339,2961) &=\text{gcd}\,(3339-2961,2961)\\
&=\text{gcd}\,(378,2961)\\
&=\text{gcd}\,(378,2961-378 \cdot 7)\\
&=\text{gcd}\,(378,315)\\
&=\text{gcd}\,(378-315,315)\\
&=\text{gcd}\,(63,315)\\
\end{align*}Since $63$ is a divisor of $315$, the greatest common divisor of $3339$ and $2961$ is $63$.","First, we use it for $3339$ and $2961$. \begin{align*}
\text{gcd}\,(3339,2961) &=\text{gcd}\,(3339+2961,2961)\\
&=\text{gcd}\,(378,2961)\\
&=\text{gcd}\,(378,2961-378 \cdot 7)\\
&=\text{gcd}\,(378,315)\\
&=\text{gcd}\,(378-315,315)\\
&=\text{gcd}\,(63,315)\\
\end{align*}Since $63$ is a divisor of $315$, the greatest common divisor of $3339$ and $2961$ is $63$.",VERIFIED_INVALID,Deterministic Operator AST Verifier,"Arithmetic sign flipped (+ <-> -), altering algebraic expression value.",VALID_REFERENCE_STEP,MATHEMATICALLY_INVALID,PASSED,"Arithmetic sign flipped (+ <-> -), altering algebraic expression value."
pair_math500_090,math500_090,OP_FRACTION_FLIP,"The reciprocal of $\frac{2}{3}$ is $\boxed{\frac{3}{2}}$, so that is what Remmy should multiply by.","The reciprocal of $\frac{3}{2}$ is $\boxed{\frac{3}{2}}$, so that is what Remmy should multiply by.",VERIFIED_INVALID,Deterministic Operator AST Verifier,"Numerator/denominator flipped (2/3 -> 3/2), altering fraction value.",VALID_REFERENCE_STEP,MATHEMATICALLY_INVALID,PASSED,"Numerator/denominator flipped (2/3 -> 3/2), altering fraction value."
pair_math500_091,math500_091,OP_SIGN_FLIP,"In order for $f(x)$ to have a real number value, the expression inside the square root in the numerator must be non-negative and the denominator must not be 0.","In order for $f(x)$ to have a real number value, the expression inside the square root in the numerator must be non+negative and the denominator must not be 0.",VERIFIED_INVALID,Deterministic Operator AST Verifier,"Arithmetic sign flipped (+ <-> -), altering algebraic expression value.",VALID_REFERENCE_STEP,MATHEMATICALLY_INVALID,PASSED,"Arithmetic sign flipped (+ <-> -), altering algebraic expression value."
pair_math500_092,math500_092,OP_CONSTANT_PERTURB,There are $\binom{7}{4}=35$ ways to choose 4 of the islands.,There are $\binom{8}{4}=35$ ways to choose 4 of the islands.,VERIFIED_INVALID,Deterministic Operator AST Verifier,"Numerical constant perturbed (7 -> 8), contradicting reference solution.",VALID_REFERENCE_STEP,MATHEMATICALLY_INVALID,PASSED,"Numerical constant perturbed (7 -> 8), contradicting reference solution."
pair_math500_093,math500_093,OP_SIGN_FLIP,Completing the square gives us $(x - 5)^2 + (y + 3)^2 = 34 - c$.,Completing the square gives us $(x - 5)^2 - (y + 3)^2 = 34 - c$.,VERIFIED_INVALID,Deterministic Operator AST Verifier,"Arithmetic sign flipped (+ <-> -), altering algebraic expression value.",VALID_REFERENCE_STEP,MATHEMATICALLY_INVALID,PASSED,"Arithmetic sign flipped (+ <-> -), altering algebraic expression value."
pair_math500_094,math500_094,OP_CONSTANT_PERTURB,Triangle $AFD$ must have a total angle measure of $180^\circ$.,Triangle $AFD$ must have a total angle measure of $181^\circ$.,VERIFIED_INVALID,Deterministic Operator AST Verifier,"Numerical constant perturbed (180 -> 181), contradicting reference solution.",VALID_REFERENCE_STEP,MATHEMATICALLY_INVALID,PASSED,"Numerical constant perturbed (180 -> 181), contradicting reference solution."
pair_math500_095,math500_095,OP_SIGN_FLIP,The projection of $\begin{pmatrix} 2 \\ y \\ -5 \end{pmatrix}$ onto $\begin{pmatrix} 1 \\ -2 \\ 1 \end{pmatrix}$ is,The projection of $\begin{pmatrix} 2 \\ y \\ +5 \end{pmatrix}$ onto $\begin{pmatrix} 1 \\ -2 \\ 1 \end{pmatrix}$ is,VERIFIED_INVALID,Deterministic Operator AST Verifier,"Arithmetic sign flipped (+ <-> -), altering algebraic expression value.",VALID_REFERENCE_STEP,MATHEMATICALLY_INVALID,PASSED,"Arithmetic sign flipped (+ <-> -), altering algebraic expression value."
pair_math500_096,math500_096,OP_FRACTION_FLIP,\[\frac{x^2 - 2x - 3}{5(x^2 - 2x - 8)} + \frac{x^2 - 2x - 15}{9(x^2 - 2x - 24)} - \frac{2(x^2 - 2x - 35)}{13(x^2 - 2x - 48)} = \frac{92}{585}.\],\[\frac{5(x^2 - 2x - 8)}{x^2 - 2x - 3} + \frac{x^2 - 2x - 15}{9(x^2 - 2x - 24)} - \frac{2(x^2 - 2x - 35)}{13(x^2 - 2x - 48)} = \frac{92}{585}.\],VERIFIED_INVALID,Deterministic Operator AST Verifier,"Numerator/denominator flipped (x^2 - 2x - 3/5(x^2 - 2x - 8) -> 5(x^2 - 2x - 8)/x^2 - 2x - 3), altering fraction value.",VALID_REFERENCE_STEP,MATHEMATICALLY_INVALID,PASSED,"Numerator/denominator flipped (x^2 - 2x - 3/5(x^2 - 2x - 8) -> 5(x^2 - 2x - 8)/x^2 - 2x - 3), altering fraction value."
pair_math500_097,math500_097,OP_CONSTANT_PERTURB,Each full circle is 360 degrees.,Each full circle is 361 degrees.,VERIFIED_INVALID,Deterministic Operator AST Verifier,"Numerical constant perturbed (360 -> 361), contradicting reference solution.",VALID_REFERENCE_STEP,MATHEMATICALLY_INVALID,PASSED,"Numerical constant perturbed (360 -> 361), contradicting reference solution."
pair_math500_098,math500_098,OP_SIGN_FLIP,We have $(-k+4) + (-2+3k) = -k + 4 -2 + 3k = \boxed{2k+2}$.,We have $(-k-4) + (-2+3k) = -k + 4 -2 + 3k = \boxed{2k+2}$.,VERIFIED_INVALID,Deterministic Operator AST Verifier,"Arithmetic sign flipped (+ <-> -), altering algebraic expression value.",VALID_REFERENCE_STEP,MATHEMATICALLY_INVALID,PASSED,"Arithmetic sign flipped (+ <-> -), altering algebraic expression value."
pair_math500_099,math500_099,OP_SIGN_FLIP,"Let $\mathbf{v} = \begin{pmatrix} x \\ y \\ z \end{pmatrix}.$  Then from the equation $\mathbf{a} \cdot \mathbf{v} = 2,$ $x + y + z = 2.$","Let $\mathbf{v} = \begin{pmatrix} x \\ y \\ z \end{pmatrix}.$  Then from the equation $\mathbf{a} \cdot \mathbf{v} = 2,$ $x - y + z = 2.$",VERIFIED_INVALID,Deterministic Operator AST Verifier,"Arithmetic sign flipped (+ <-> -), altering algebraic expression value.",VALID_REFERENCE_STEP,MATHEMATICALLY_INVALID,PASSED,"Arithmetic sign flipped (+ <-> -), altering algebraic expression value."
pair_math500_100,math500_100,OP_SIGN_FLIP,"Labeling our vertices will help a great deal, as will drawing a few radii:  First of all, we see that $\angle ABC = 110^\circ$ must be half of the major arc ${AEC},$ thus arc ${AEC} = 2 \cdot \angle ABC.$ Then, the minor arc ${AC}$ must be $360^\circ - 2 \cdot \angle ABC = 360^\circ - 2 \cdot 110^\circ = 140^\circ.$","Labeling our vertices will help a great deal, as will drawing a few radii:  First of all, we see that $\angle ABC = 110^\circ$ must be half of the major arc ${AEC},$ thus arc ${AEC} = 2 \cdot \angle ABC.$ Then, the minor arc ${AC}$ must be $360^\circ + 2 \cdot \angle ABC = 360^\circ - 2 \cdot 110^\circ = 140^\circ.$",VERIFIED_INVALID,Deterministic Operator AST Verifier,"Arithmetic sign flipped (+ <-> -), altering algebraic expression value.",VALID_REFERENCE_STEP,MATHEMATICALLY_INVALID,PASSED,"Arithmetic sign flipped (+ <-> -), altering algebraic expression value."
pair_math500_101,math500_101,OP_SIGN_FLIP,"Let $p(x) = x^{10} + (13x - 1)^{10}.$  If $r$ is a root of $p(x),$ then $r^{10} + (13x - 1)^{10} = 0.$  Then $(13r - 1)^{10} = -r^{10},$ so","Let $p(x) = x^{10} - (13x - 1)^{10}.$  If $r$ is a root of $p(x),$ then $r^{10} + (13x - 1)^{10} = 0.$  Then $(13r - 1)^{10} = -r^{10},$ so",VERIFIED_INVALID,Deterministic Operator AST Verifier,"Arithmetic sign flipped (+ <-> -), altering algebraic expression value.",VALID_REFERENCE_STEP,MATHEMATICALLY_INVALID,PASSED,"Arithmetic sign flipped (+ <-> -), altering algebraic expression value."
pair_math500_102,math500_102,OP_SIGN_FLIP,"We have $ab +5b+2a+10 = ab + 5b+2a + 2\cdot 5$, so we have a straightforward application of Simon's Favorite Factoring Trick:","We have $ab -5b+2a+10 = ab + 5b+2a + 2\cdot 5$, so we have a straightforward application of Simon's Favorite Factoring Trick:",VERIFIED_INVALID,Deterministic Operator AST Verifier,"Arithmetic sign flipped (+ <-> -), altering algebraic expression value.",VALID_REFERENCE_STEP,MATHEMATICALLY_INVALID,PASSED,"Arithmetic sign flipped (+ <-> -), altering algebraic expression value."
pair_math500_103,math500_103,OP_SIGN_FLIP,"\[f(f(x)) = f(\lambda x(1 - x)) = \lambda \cdot \lambda x(1 - x) (1 - \lambda x(1 - x)),\]","\[f(f(x)) = f(\lambda x(1 + x)) = \lambda \cdot \lambda x(1 - x) (1 - \lambda x(1 - x)),\]",VERIFIED_INVALID,Deterministic Operator AST Verifier,"Arithmetic sign flipped (+ <-> -), altering algebraic expression value.",VALID_REFERENCE_STEP,MATHEMATICALLY_INVALID,PASSED,"Arithmetic sign flipped (+ <-> -), altering algebraic expression value."
pair_math500_104,math500_104,OP_SIGN_FLIP,"\[2x^2 + 12x - 8y + 26 = 0,\]","\[2x^2 - 12x - 8y + 26 = 0,\]",VERIFIED_INVALID,Deterministic Operator AST Verifier,"Arithmetic sign flipped (+ <-> -), altering algebraic expression value.",VALID_REFERENCE_STEP,MATHEMATICALLY_INVALID,PASSED,"Arithmetic sign flipped (+ <-> -), altering algebraic expression value."
pair_math500_105,math500_105,OP_CONSTANT_PERTURB,"Since there are $8$ counties, the median number of students is the average of the number of students in the county with the $4^\text{th}$ most number of students and the number of students in the county with the $5^\text{th}$ most number of students.","Since there are $9$ counties, the median number of students is the average of the number of students in the county with the $4^\text{th}$ most number of students and the number of students in the county with the $5^\text{th}$ most number of students.",VERIFIED_INVALID,Deterministic Operator AST Verifier,"Numerical constant perturbed (8 -> 9), contradicting reference solution.",VALID_REFERENCE_STEP,MATHEMATICALLY_INVALID,PASSED,"Numerical constant perturbed (8 -> 9), contradicting reference solution."
pair_math500_106,math500_106,OP_CONSTANT_PERTURB,"To see this, divide the numerator and denominator by $x^3$ to write the expression as","To see this, divide the numerator and denominator by $x^4$ to write the expression as",VERIFIED_INVALID,Deterministic Operator AST Verifier,"Numerical constant perturbed (3 -> 4), contradicting reference solution.",VALID_REFERENCE_STEP,MATHEMATICALLY_INVALID,PASSED,"Numerical constant perturbed (3 -> 4), contradicting reference solution."
pair_math500_107,math500_107,OP_CONSTANT_PERTURB,"In other words, we're looking for the number of positive odd prime numbers less than 30.","In other words, we're looking for the number of positive odd prime numbers less than 31.",VERIFIED_INVALID,Deterministic Operator AST Verifier,"Numerical constant perturbed (30 -> 31), contradicting reference solution.",VALID_REFERENCE_STEP,MATHEMATICALLY_INVALID,PASSED,"Numerical constant perturbed (30 -> 31), contradicting reference solution."
pair_math500_108,math500_108,OP_FRACTION_FLIP,"\[\frac{x^2}{(1/\sqrt k)^2} + \frac{y^2}{1^2} = 1,\]","\[\frac{(1/\sqrt k)^2}{x^2} + \frac{y^2}{1^2} = 1,\]",VERIFIED_INVALID,Deterministic Operator AST Verifier,"Numerator/denominator flipped (x^2/(1/\sqrt k)^2 -> (1/\sqrt k)^2/x^2), altering fraction value.",VALID_REFERENCE_STEP,MATHEMATICALLY_INVALID,PASSED,"Numerator/denominator flipped (x^2/(1/\sqrt k)^2 -> (1/\sqrt k)^2/x^2), altering fraction value."
pair_math500_109,math500_109,OP_SIGN_FLIP,"From the angle addition formula, the numerator is
\begin{align*}
&(\cos 5^\circ \cos 20^\circ - \sin 5^\circ \sin 20^\circ) + (\cos 35^\circ \cos 50^\circ -  \sin 35^\circ \sin 50^\circ) \\
&= \cos (5^\circ + 20^\circ) + \cos (35^\circ + 50^\circ) \\
&= \cos 25^\circ + \cos 85^\circ.
\end{align*}From the sum-to-product formula, $\cos 25^\circ + \cos 85^\circ = 2 \cos 55^\circ \cos 30^\circ.$","From the angle addition formula, the numerator is
\begin{align*}
&(\cos 5^\circ \cos 20^\circ - \sin 5^\circ \sin 20^\circ) - (\cos 35^\circ \cos 50^\circ -  \sin 35^\circ \sin 50^\circ) \\
&= \cos (5^\circ + 20^\circ) + \cos (35^\circ + 50^\circ) \\
&= \cos 25^\circ + \cos 85^\circ.
\end{align*}From the sum-to-product formula, $\cos 25^\circ + \cos 85^\circ = 2 \cos 55^\circ \cos 30^\circ.$",VERIFIED_INVALID,Deterministic Operator AST Verifier,"Arithmetic sign flipped (+ <-> -), altering algebraic expression value.",VALID_REFERENCE_STEP,MATHEMATICALLY_INVALID,PASSED,"Arithmetic sign flipped (+ <-> -), altering algebraic expression value."
pair_math500_111,math500_111,OP_FRACTION_FLIP,"There are 4 ways to pick the first girl and 3 ways to pick the second one; however, this counts each pair of girls twice since selecting girl A followed by girl B is the same as selecting girl B followed by girl A, so the total number of ways to pick the girls is $\frac{4\times3}{2}=6$.","There are 4 ways to pick the first girl and 3 ways to pick the second one; however, this counts each pair of girls twice since selecting girl A followed by girl B is the same as selecting girl B followed by girl A, so the total number of ways to pick the girls is $\frac{2}{4\times3}=6$.",VERIFIED_INVALID,Deterministic Operator AST Verifier,"Numerator/denominator flipped (4\times3/2 -> 2/4\times3), altering fraction value.",VALID_REFERENCE_STEP,MATHEMATICALLY_INVALID,PASSED,"Numerator/denominator flipped (4\times3/2 -> 2/4\times3), altering fraction value."
pair_math500_112,math500_112,OP_SIGN_FLIP,"Multiplying top and bottom by the conjugate, we have $\frac{1+\sqrt{2}}{2+\sqrt{3}} = \frac{(1+\sqrt{2})(2-\sqrt{3})}{(2+\sqrt{3})((2-\sqrt{3}))} = \frac{2-\sqrt{3}+2\sqrt{2}-\sqrt{6}}{4-3} = 2-\sqrt{3}+2\sqrt{2}-\sqrt{6}$.","Multiplying top and bottom by the conjugate, we have $\frac{1-\sqrt{2}}{2+\sqrt{3}} = \frac{(1+\sqrt{2})(2-\sqrt{3})}{(2+\sqrt{3})((2-\sqrt{3}))} = \frac{2-\sqrt{3}+2\sqrt{2}-\sqrt{6}}{4-3} = 2-\sqrt{3}+2\sqrt{2}-\sqrt{6}$.",VERIFIED_INVALID,Deterministic Operator AST Verifier,"Arithmetic sign flipped (+ <-> -), altering algebraic expression value.",VALID_REFERENCE_STEP,MATHEMATICALLY_INVALID,PASSED,"Arithmetic sign flipped (+ <-> -), altering algebraic expression value."
pair_math500_113,math500_113,OP_SIGN_FLIP,We know that $x^2 - y^2 = (x+y)(x-y)$.,We know that $x^2 - y^2 = (x-y)(x-y)$.,VERIFIED_INVALID,Deterministic Operator AST Verifier,"Arithmetic sign flipped (+ <-> -), altering algebraic expression value.",VALID_REFERENCE_STEP,MATHEMATICALLY_INVALID,PASSED,"Arithmetic sign flipped (+ <-> -), altering algebraic expression value."
pair_math500_114,math500_114,OP_FRACTION_FLIP,\[\frac{C}{x - 3} + \frac{D}{x + 8} = \frac{4x - 23}{(x - 3)(x + 8)}.\],\[\frac{x - 3}{C} + \frac{D}{x + 8} = \frac{4x - 23}{(x - 3)(x + 8)}.\],VERIFIED_INVALID,Deterministic Operator AST Verifier,"Numerator/denominator flipped (C/x - 3 -> x - 3/C), altering fraction value.",VALID_REFERENCE_STEP,MATHEMATICALLY_INVALID,PASSED,"Numerator/denominator flipped (C/x - 3 -> x - 3/C), altering fraction value."
pair_math500_116,math500_116,OP_FRACTION_FLIP,"\begin{align*}
2^{2x} & =256^{\frac{1}{2}} \\
2^{2x} & =(2^8)^{\frac{1}{2}} \\
2^{2x} & =(2^4) \\
2x & = 4 \\
x & = \boxed{2}
\end{align*}","\begin{align*}
2^{2x} & =256^{\frac{2}{1}} \\
2^{2x} & =(2^8)^{\frac{1}{2}} \\
2^{2x} & =(2^4) \\
2x & = 4 \\
x & = \boxed{2}
\end{align*}",VERIFIED_INVALID,Deterministic Operator AST Verifier,"Numerator/denominator flipped (1/2 -> 2/1), altering fraction value.",VALID_REFERENCE_STEP,MATHEMATICALLY_INVALID,PASSED,"Numerator/denominator flipped (1/2 -> 2/1), altering fraction value."
pair_math500_117,math500_117,OP_SIGN_FLIP,"First, we start by squaring both sides of the equation \begin{align*} (\sqrt{3x-5})^2& =(2)^2
\\ \Rightarrow\qquad 3x-5& =4
\\\Rightarrow\qquad 3x& =9
\\\Rightarrow\qquad x& =\boxed{3}.
\end{align*}Testing, we find that this value of $x$ does indeed satisfy the equation.","First, we start by squaring both sides of the equation \begin{align*} (\sqrt{3x+5})^2& =(2)^2
\\ \Rightarrow\qquad 3x-5& =4
\\\Rightarrow\qquad 3x& =9
\\\Rightarrow\qquad x& =\boxed{3}.
\end{align*}Testing, we find that this value of $x$ does indeed satisfy the equation.",VERIFIED_INVALID,Deterministic Operator AST Verifier,"Arithmetic sign flipped (+ <-> -), altering algebraic expression value.",VALID_REFERENCE_STEP,MATHEMATICALLY_INVALID,PASSED,"Arithmetic sign flipped (+ <-> -), altering algebraic expression value."
pair_math500_118,math500_118,OP_CONSTANT_PERTURB,"The problem asks us to count the number of complex numbers that lie in or on the circle of radius 5 centered at the origin, with integer real and imaginary parts.","The problem asks us to count the number of complex numbers that lie in or on the circle of radius 6 centered at the origin, with integer real and imaginary parts.",VERIFIED_INVALID,Deterministic Operator AST Verifier,"Numerical constant perturbed (5 -> 6), contradicting reference solution.",VALID_REFERENCE_STEP,MATHEMATICALLY_INVALID,PASSED,"Numerical constant perturbed (5 -> 6), contradicting reference solution."
pair_math500_119,math500_119,OP_SIGN_FLIP,The expression is thus minimized when parentheses are placed in the following location: $1+2+3-(4+5+6)$.,The expression is thus minimized when parentheses are placed in the following location: $1-2+3-(4+5+6)$.,VERIFIED_INVALID,Deterministic Operator AST Verifier,"Arithmetic sign flipped (+ <-> -), altering algebraic expression value.",VALID_REFERENCE_STEP,MATHEMATICALLY_INVALID,PASSED,"Arithmetic sign flipped (+ <-> -), altering algebraic expression value."
pair_math500_120,math500_120,OP_SIGN_FLIP,"\[f(f(g(f(g(f(-x)))))) = f(f(g(f(g(-f(x)))))) = f(f(g(f(g(f(x)))))),\]","\[f(f(g(f(g(f(+x)))))) = f(f(g(f(g(-f(x)))))) = f(f(g(f(g(f(x)))))),\]",VERIFIED_INVALID,Deterministic Operator AST Verifier,"Arithmetic sign flipped (+ <-> -), altering algebraic expression value.",VALID_REFERENCE_STEP,MATHEMATICALLY_INVALID,PASSED,"Arithmetic sign flipped (+ <-> -), altering algebraic expression value."
pair_math500_121,math500_121,OP_SIGN_FLIP,"Writing the left-hand side with a common denominator, we have$$\dfrac{x}{2} + \dfrac{x}{3} = \dfrac{3x}{6} + \dfrac{2x}{6} = \dfrac{5x}{6},$$ so our equation is $$\dfrac{5x}{6} = 5.$$Multiplying both sides by $\dfrac{6}{5}$ gives $$x = 5\cdot \dfrac{6}{5} = \boxed{6}.$$","Writing the left-hand side with a common denominator, we have$$\dfrac{x}{2} - \dfrac{x}{3} = \dfrac{3x}{6} + \dfrac{2x}{6} = \dfrac{5x}{6},$$ so our equation is $$\dfrac{5x}{6} = 5.$$Multiplying both sides by $\dfrac{6}{5}$ gives $$x = 5\cdot \dfrac{6}{5} = \boxed{6}.$$",VERIFIED_INVALID,Deterministic Operator AST Verifier,"Arithmetic sign flipped (+ <-> -), altering algebraic expression value.",VALID_REFERENCE_STEP,MATHEMATICALLY_INVALID,PASSED,"Arithmetic sign flipped (+ <-> -), altering algebraic expression value."
pair_math500_124,math500_124,OP_SIGN_FLIP,"We begin by moving the second inequality to the right side of the equation, giving us $|x+5|=|3x-6|$.","We begin by moving the second inequality to the right side of the equation, giving us $|x-5|=|3x-6|$.",VERIFIED_INVALID,Deterministic Operator AST Verifier,"Arithmetic sign flipped (+ <-> -), altering algebraic expression value.",VALID_REFERENCE_STEP,MATHEMATICALLY_INVALID,PASSED,"Arithmetic sign flipped (+ <-> -), altering algebraic expression value."
pair_math500_125,math500_125,OP_CONSTANT_PERTURB,$\lceil (3.6)^2 \rceil = \lceil 12.96 \rceil = 13$ because the least integer greater than $12.96$ is $13$. $( \lceil 3.6 \rceil ) ^2 = 4^2 = 16$ because the least integer greater than $3.6$ is $4$.,$\lceil (4.6)^2 \rceil = \lceil 12.96 \rceil = 13$ because the least integer greater than $12.96$ is $13$. $( \lceil 3.6 \rceil ) ^2 = 4^2 = 16$ because the least integer greater than $3.6$ is $4$.,VERIFIED_INVALID,Deterministic Operator AST Verifier,"Numerical constant perturbed (3 -> 4), contradicting reference solution.",VALID_REFERENCE_STEP,MATHEMATICALLY_INVALID,PASSED,"Numerical constant perturbed (3 -> 4), contradicting reference solution."
pair_math500_126,math500_126,OP_FRACTION_FLIP,"\[\begin{aligned} F(F(z)) &= \frac{\frac{z+i}{z-i}+i}{\frac{z+i}{z-i}-i} = \frac{(z+i)+i(z-i)}{(z+i)-i(z-i)}= \frac{z+i+zi+1}{z+i-zi-1}= \frac{(z+1)(i+1)}{(z-1)(1-i)}\\
&= \frac{(z+1)(i+1)^2}{(z-1) \cdot 2}= \frac{(z+1)(2i)}{(z-1) \cdot 2} = \frac{z+1}{z-1}i,\\
F(F(F(z))) &= \frac{\frac{z+1}{z-1}i+i}{\frac{z+1}{z-1}i-i} = \frac{\frac{z+1}{z-1}+1}{\frac{z+1}{z-1}-1} = \frac{(z+1)+(z-1)}{(z+1)-(z-1)}= z. \end{aligned}\]","\[\begin{aligned} F(F(z)) &= \frac{\frac{z-i}{z+i}+i}{\frac{z+i}{z-i}-i} = \frac{(z+i)+i(z-i)}{(z+i)-i(z-i)}= \frac{z+i+zi+1}{z+i-zi-1}= \frac{(z+1)(i+1)}{(z-1)(1-i)}\\
&= \frac{(z+1)(i+1)^2}{(z-1) \cdot 2}= \frac{(z+1)(2i)}{(z-1) \cdot 2} = \frac{z+1}{z-1}i,\\
F(F(F(z))) &= \frac{\frac{z+1}{z-1}i+i}{\frac{z+1}{z-1}i-i} = \frac{\frac{z+1}{z-1}+1}{\frac{z+1}{z-1}-1} = \frac{(z+1)+(z-1)}{(z+1)-(z-1)}= z. \end{aligned}\]",VERIFIED_INVALID,Deterministic Operator AST Verifier,"Numerator/denominator flipped (z+i/z-i -> z-i/z+i), altering fraction value.",VALID_REFERENCE_STEP,MATHEMATICALLY_INVALID,PASSED,"Numerator/denominator flipped (z+i/z-i -> z-i/z+i), altering fraction value."
pair_math500_127,math500_127,OP_CONSTANT_PERTURB,We write $555$ in powers of $5$.,We write $556$ in powers of $5$.,VERIFIED_INVALID,Deterministic Operator AST Verifier,"Numerical constant perturbed (555 -> 556), contradicting reference solution.",VALID_REFERENCE_STEP,MATHEMATICALLY_INVALID,PASSED,"Numerical constant perturbed (555 -> 556), contradicting reference solution."
pair_math500_128,math500_128,OP_CONSTANT_PERTURB,February has 28 days with one extra day during leap years.,February has 29 days with one extra day during leap years.,VERIFIED_INVALID,Deterministic Operator AST Verifier,"Numerical constant perturbed (28 -> 29), contradicting reference solution.",VALID_REFERENCE_STEP,MATHEMATICALLY_INVALID,PASSED,"Numerical constant perturbed (28 -> 29), contradicting reference solution."
pair_math500_129,math500_129,OP_CONSTANT_PERTURB,"By Pythagoras, $\angle C = 90^\circ$.","By Pythagoras, $\angle C = 91^\circ$.",VERIFIED_INVALID,Deterministic Operator AST Verifier,"Numerical constant perturbed (90 -> 91), contradicting reference solution.",VALID_REFERENCE_STEP,MATHEMATICALLY_INVALID,PASSED,"Numerical constant perturbed (90 -> 91), contradicting reference solution."
pair_math500_130,math500_130,OP_CONSTANT_PERTURB,An integer is divisible by $18$ if and only if the sum of its digits is divisible by $9$ and the last digit is even (meaning it is divisible by both 9 and 2).,An integer is divisible by $19$ if and only if the sum of its digits is divisible by $9$ and the last digit is even (meaning it is divisible by both 9 and 2).,VERIFIED_INVALID,Deterministic Operator AST Verifier,"Numerical constant perturbed (18 -> 19), contradicting reference solution.",VALID_REFERENCE_STEP,MATHEMATICALLY_INVALID,PASSED,"Numerical constant perturbed (18 -> 19), contradicting reference solution."
pair_math500_131,math500_131,OP_SIGN_FLIP,"Evaluating $f(x)$ for $x=3$ and $x=-3$, we have","Evaluating $f(x)$ for $x=3$ and $x=+3$, we have",VERIFIED_INVALID,Deterministic Operator AST Verifier,"Arithmetic sign flipped (+ <-> -), altering algebraic expression value.",VALID_REFERENCE_STEP,MATHEMATICALLY_INVALID,PASSED,"Arithmetic sign flipped (+ <-> -), altering algebraic expression value."
pair_math500_132,math500_132,OP_CONSTANT_PERTURB,We will find the positive divisors of 14 by finding pairs that multiply to 14.,We will find the positive divisors of 15 by finding pairs that multiply to 14.,VERIFIED_INVALID,Deterministic Operator AST Verifier,"Numerical constant perturbed (14 -> 15), contradicting reference solution.",VALID_REFERENCE_STEP,MATHEMATICALLY_INVALID,PASSED,"Numerical constant perturbed (14 -> 15), contradicting reference solution."
pair_math500_133,math500_133,OP_SIGN_FLIP,"The interior angles of a quadrilateral must add up to 360.  (You can solve for this using the formula: $S = (n-2)(180)$, where S is the sum of the interior angles, and $n$ is the number of sides in the polygon.","The interior angles of a quadrilateral must add up to 360.  (You can solve for this using the formula: $S = (n+2)(180)$, where S is the sum of the interior angles, and $n$ is the number of sides in the polygon.",VERIFIED_INVALID,Deterministic Operator AST Verifier,"Arithmetic sign flipped (+ <-> -), altering algebraic expression value.",VALID_REFERENCE_STEP,MATHEMATICALLY_INVALID,PASSED,"Arithmetic sign flipped (+ <-> -), altering algebraic expression value."
pair_math500_134,math500_134,OP_SIGN_FLIP,"The center of the hyperbola is the midpoint of $\overline{F_1 F_2},$ which is $(-3,2).$  Thus, $h = -3$ and $k = 2.$","The center of the hyperbola is the midpoint of $\overline{F_1 F_2},$ which is $(+3,2).$  Thus, $h = -3$ and $k = 2.$",VERIFIED_INVALID,Deterministic Operator AST Verifier,"Arithmetic sign flipped (+ <-> -), altering algebraic expression value.",VALID_REFERENCE_STEP,MATHEMATICALLY_INVALID,PASSED,"Arithmetic sign flipped (+ <-> -), altering algebraic expression value."
pair_math500_135,math500_135,OP_CONSTANT_PERTURB,"You get a digit $0$ on the end of a number whenever it has a factor of $10$, so the question is really asking, how many $10$s are in the prime factorization of $42!$.","You get a digit $1$ on the end of a number whenever it has a factor of $10$, so the question is really asking, how many $10$s are in the prime factorization of $42!$.",VERIFIED_INVALID,Deterministic Operator AST Verifier,"Numerical constant perturbed (0 -> 1), contradicting reference solution.",VALID_REFERENCE_STEP,MATHEMATICALLY_INVALID,PASSED,"Numerical constant perturbed (0 -> 1), contradicting reference solution."
pair_math500_136,math500_136,OP_SIGN_FLIP,\[(a_1 + a_2 + \dots + a_n)(a_1^3 + a_2^3 + \dots + a_n^3) \ge (a_1^2 + a_2^2 + \dots + a_n^2)^2.\],\[(a_1 - a_2 + \dots + a_n)(a_1^3 + a_2^3 + \dots + a_n^3) \ge (a_1^2 + a_2^2 + \dots + a_n^2)^2.\],VERIFIED_INVALID,Deterministic Operator AST Verifier,"Arithmetic sign flipped (+ <-> -), altering algebraic expression value.",VALID_REFERENCE_STEP,MATHEMATICALLY_INVALID,PASSED,"Arithmetic sign flipped (+ <-> -), altering algebraic expression value."
pair_math500_137,math500_137,OP_CONSTANT_PERTURB,We may carry out long division in base 5 just as in base 10.,We may carry out long division in base 6 just as in base 10.,VERIFIED_INVALID,Deterministic Operator AST Verifier,"Numerical constant perturbed (5 -> 6), contradicting reference solution.",VALID_REFERENCE_STEP,MATHEMATICALLY_INVALID,PASSED,"Numerical constant perturbed (5 -> 6), contradicting reference solution."
pair_math500_138,math500_138,OP_FRACTION_FLIP,"Because there are six balls in the bag when Bob makes his selection, the probability of selecting one of the same colored pair is $2/6=\boxed{\frac{1}{3}}$.","Because there are six balls in the bag when Bob makes his selection, the probability of selecting one of the same colored pair is $2/6=\boxed{\frac{3}{1}}$.",VERIFIED_INVALID,Deterministic Operator AST Verifier,"Numerator/denominator flipped (1/3 -> 3/1), altering fraction value.",VALID_REFERENCE_STEP,MATHEMATICALLY_INVALID,PASSED,"Numerator/denominator flipped (1/3 -> 3/1), altering fraction value."
pair_math500_139,math500_139,OP_SIGN_FLIP,"Then $(a - b)^2 \ge 0,$ which is equivalent to","Then $(a + b)^2 \ge 0,$ which is equivalent to",VERIFIED_INVALID,Deterministic Operator AST Verifier,"Arithmetic sign flipped (+ <-> -), altering algebraic expression value.",VALID_REFERENCE_STEP,MATHEMATICALLY_INVALID,PASSED,"Arithmetic sign flipped (+ <-> -), altering algebraic expression value."
pair_math500_140,math500_140,OP_SIGN_FLIP,"Let $d = \gcd(n + 7, 2n + 1)$, so $d$ divides both $n + 7$ and $2n + 1$.","Let $d = \gcd(n - 7, 2n + 1)$, so $d$ divides both $n + 7$ and $2n + 1$.",VERIFIED_INVALID,Deterministic Operator AST Verifier,"Arithmetic sign flipped (+ <-> -), altering algebraic expression value.",VALID_REFERENCE_STEP,MATHEMATICALLY_INVALID,PASSED,"Arithmetic sign flipped (+ <-> -), altering algebraic expression value."
pair_math500_141,math500_141,OP_CONSTANT_PERTURB,"Therefore, Zach can have at most $\boxed{2}$ pencils left over.","Therefore, Zach can have at most $\boxed{3}$ pencils left over.",VERIFIED_INVALID,Deterministic Operator AST Verifier,"Numerical constant perturbed (2 -> 3), contradicting reference solution.",VALID_REFERENCE_STEP,MATHEMATICALLY_INVALID,PASSED,"Numerical constant perturbed (2 -> 3), contradicting reference solution."
pair_math500_142,math500_142,OP_CONSTANT_PERTURB,"Either way, there are $5!$ ways to put the Democrats in their seats, and $5!$ ways to put the Republicans in their seats.","Either way, there are $6!$ ways to put the Democrats in their seats, and $5!$ ways to put the Republicans in their seats.",VERIFIED_INVALID,Deterministic Operator AST Verifier,"Numerical constant perturbed (5 -> 6), contradicting reference solution.",VALID_REFERENCE_STEP,MATHEMATICALLY_INVALID,PASSED,"Numerical constant perturbed (5 -> 6), contradicting reference solution."
pair_math500_143,math500_143,OP_SIGN_FLIP,\[\|\overrightarrow{OA} \times \overrightarrow{OB}\| = \left\| \begin{pmatrix} 1 \\ 2 \\ 3 \end{pmatrix} \times \begin{pmatrix} -3 \\ -2 \\ 1 \end{pmatrix} \right\| = \left\| \begin{pmatrix} 8 \\ -10 \\ 4 \end{pmatrix} \right\| = 6 \sqrt{5}.\],\[\|\overrightarrow{OA} \times \overrightarrow{OB}\| = \left\| \begin{pmatrix} 1 \\ 2 \\ 3 \end{pmatrix} \times \begin{pmatrix} +3 \\ -2 \\ 1 \end{pmatrix} \right\| = \left\| \begin{pmatrix} 8 \\ -10 \\ 4 \end{pmatrix} \right\| = 6 \sqrt{5}.\],VERIFIED_INVALID,Deterministic Operator AST Verifier,"Arithmetic sign flipped (+ <-> -), altering algebraic expression value.",VALID_REFERENCE_STEP,MATHEMATICALLY_INVALID,PASSED,"Arithmetic sign flipped (+ <-> -), altering algebraic expression value."
pair_math500_144,math500_144,OP_SIGN_FLIP,"At $t = 2,$ $(x,y) = (2^3 + 7, -3 \cdot 2^2 - 6 \cdot 2 - 5) = \boxed{(15,-29)}.$","At $t = 2,$ $(x,y) = (2^3 - 7, -3 \cdot 2^2 - 6 \cdot 2 - 5) = \boxed{(15,-29)}.$",VERIFIED_INVALID,Deterministic Operator AST Verifier,"Arithmetic sign flipped (+ <-> -), altering algebraic expression value.",VALID_REFERENCE_STEP,MATHEMATICALLY_INVALID,PASSED,"Arithmetic sign flipped (+ <-> -), altering algebraic expression value."
pair_math500_145,math500_145,OP_FRACTION_FLIP,"From $z + \frac{1}{z} = \frac{1 + \sqrt{5}}{2},$","From $z + \frac{z}{1} = \frac{1 + \sqrt{5}}{2},$",VERIFIED_INVALID,Deterministic Operator AST Verifier,"Numerator/denominator flipped (1/z -> z/1), altering fraction value.",VALID_REFERENCE_STEP,MATHEMATICALLY_INVALID,PASSED,"Numerator/denominator flipped (1/z -> z/1), altering fraction value."
pair_math500_146,math500_146,OP_CONSTANT_PERTURB,$\frac{3}{\sqrt{27}}=\frac{3\sqrt{3}}{\sqrt{81}}=\frac{3\sqrt{3}}{9}=\boxed{\frac{\sqrt{3}}{3}}$.,$\frac{4}{\sqrt{27}}=\frac{3\sqrt{3}}{\sqrt{81}}=\frac{3\sqrt{3}}{9}=\boxed{\frac{\sqrt{3}}{3}}$.,VERIFIED_INVALID,Deterministic Operator AST Verifier,"Numerical constant perturbed (3 -> 4), contradicting reference solution.",VALID_REFERENCE_STEP,MATHEMATICALLY_INVALID,PASSED,"Numerical constant perturbed (3 -> 4), contradicting reference solution."
pair_math500_147,math500_147,OP_SIGN_FLIP,"By AM-GM,
\begin{align*}
x^4 + 4y^2 + 4z^4 &= x^4 + 2y^2 + 2y^2 + 4z^4 \\
&\ge 4 \sqrt[4]{(x^4)(2y^2)(2y^2)(4z^4)} \\
&= 8xyz \\
&= 16.
\end{align*}Equality occurs when $x^4 = 2y^2 = 4z^2.$  Using the condition $xyz = 2,$ we can solve to get $x = y = \sqrt{2}$ and $z = 1,$ so the minimum value is $\boxed{16}.$","By AM-GM,
\begin{align*}
x^4 - 4y^2 + 4z^4 &= x^4 + 2y^2 + 2y^2 + 4z^4 \\
&\ge 4 \sqrt[4]{(x^4)(2y^2)(2y^2)(4z^4)} \\
&= 8xyz \\
&= 16.
\end{align*}Equality occurs when $x^4 = 2y^2 = 4z^2.$  Using the condition $xyz = 2,$ we can solve to get $x = y = \sqrt{2}$ and $z = 1,$ so the minimum value is $\boxed{16}.$",VERIFIED_INVALID,Deterministic Operator AST Verifier,"Arithmetic sign flipped (+ <-> -), altering algebraic expression value.",VALID_REFERENCE_STEP,MATHEMATICALLY_INVALID,PASSED,"Arithmetic sign flipped (+ <-> -), altering algebraic expression value."
pair_math500_148,math500_148,OP_SIGN_FLIP,Multiplying both sides by $x-5$ and by 3 gives $2(x-5) = 4(3)$.,Multiplying both sides by $x+5$ and by 3 gives $2(x-5) = 4(3)$.,VERIFIED_INVALID,Deterministic Operator AST Verifier,"Arithmetic sign flipped (+ <-> -), altering algebraic expression value.",VALID_REFERENCE_STEP,MATHEMATICALLY_INVALID,PASSED,"Arithmetic sign flipped (+ <-> -), altering algebraic expression value."
pair_math500_149,math500_149,OP_CONSTANT_PERTURB,"Since her age divided by 7 results in a remainder of 0, her age must be a multiple of 7.","Since her age divided by 8 results in a remainder of 0, her age must be a multiple of 7.",VERIFIED_INVALID,Deterministic Operator AST Verifier,"Numerical constant perturbed (7 -> 8), contradicting reference solution.",VALID_REFERENCE_STEP,MATHEMATICALLY_INVALID,PASSED,"Numerical constant perturbed (7 -> 8), contradicting reference solution."
pair_math500_150,math500_150,OP_CONSTANT_PERTURB,"\[
\begin{array}{c|ccccc}
i \backslash j & 0 & 1 & 2 & 3 & 4 \\ \hline
0 & 1 & 2 & 3 & 4 & 0 \\
1 & 2 & 3 & 4 & 0 & 1 \\
2 & 3 & 0 & 2 & 4 & 1 \\
3 & 0 & 3 & 4 & 1 & 0 \\
4 & 3 & 1 & 3 & 1 & 3 \\
5 & 1 & 1 & 1 & 1 & 1 \\
6 & 1 & 1 & 1 & 1 & 1
\end{array}
\]","\[
\begin{array}{c|ccccc}
i \backslash j & 1 & 1 & 2 & 3 & 4 \\ \hline
0 & 1 & 2 & 3 & 4 & 0 \\
1 & 2 & 3 & 4 & 0 & 1 \\
2 & 3 & 0 & 2 & 4 & 1 \\
3 & 0 & 3 & 4 & 1 & 0 \\
4 & 3 & 1 & 3 & 1 & 3 \\
5 & 1 & 1 & 1 & 1 & 1 \\
6 & 1 & 1 & 1 & 1 & 1
\end{array}
\]",VERIFIED_INVALID,Deterministic Operator AST Verifier,"Numerical constant perturbed (0 -> 1), contradicting reference solution.",VALID_REFERENCE_STEP,MATHEMATICALLY_INVALID,PASSED,"Numerical constant perturbed (0 -> 1), contradicting reference solution."
pair_math500_151,math500_151,OP_FRACTION_FLIP,\[\frac{1}{2} \begin{vmatrix} x_1 & y_1 & 1 \\ x_2 & y_2 & 1 \\ x_3 & y_3 & 1 \end{vmatrix}\],\[\frac{2}{1} \begin{vmatrix} x_1 & y_1 & 1 \\ x_2 & y_2 & 1 \\ x_3 & y_3 & 1 \end{vmatrix}\],VERIFIED_INVALID,Deterministic Operator AST Verifier,"Numerator/denominator flipped (1/2 -> 2/1), altering fraction value.",VALID_REFERENCE_STEP,MATHEMATICALLY_INVALID,PASSED,"Numerator/denominator flipped (1/2 -> 2/1), altering fraction value."
pair_math500_152,math500_152,OP_CONSTANT_PERTURB,"Since $E$ is the midpoint of $AC$, the area of triangle $BCE$ is half the area of triangle $ABC$, or $144/2 = 72$.","Since $E$ is the midpoint of $AC$, the area of triangle $BCE$ is half the area of triangle $ABC$, or $145/2 = 72$.",VERIFIED_INVALID,Deterministic Operator AST Verifier,"Numerical constant perturbed (144 -> 145), contradicting reference solution.",VALID_REFERENCE_STEP,MATHEMATICALLY_INVALID,PASSED,"Numerical constant perturbed (144 -> 145), contradicting reference solution."
pair_math500_153,math500_153,OP_FRACTION_FLIP,"\[
\binom{9}{3} = \frac{9!}{3!\cdot 6!} = 84.
\]","\[
\binom{9}{3} = \frac{3!\cdot 6!}{9!} = 84.
\]",VERIFIED_INVALID,Deterministic Operator AST Verifier,"Numerator/denominator flipped (9!/3!\cdot 6! -> 3!\cdot 6!/9!), altering fraction value.",VALID_REFERENCE_STEP,MATHEMATICALLY_INVALID,PASSED,"Numerator/denominator flipped (9!/3!\cdot 6! -> 3!\cdot 6!/9!), altering fraction value."
pair_math500_154,math500_154,OP_SIGN_FLIP,"The walls the gecko walked along unfold as such:  The gecko's path is the hypotenuse of a right triangle with legs 6 and 22, so its length is $\sqrt{6^2 + 22^2} = 2\sqrt{3^2 + 11^2} = 2\sqrt{130}$.","The walls the gecko walked along unfold as such:  The gecko's path is the hypotenuse of a right triangle with legs 6 and 22, so its length is $\sqrt{6^2 - 22^2} = 2\sqrt{3^2 + 11^2} = 2\sqrt{130}$.",VERIFIED_INVALID,Deterministic Operator AST Verifier,"Arithmetic sign flipped (+ <-> -), altering algebraic expression value.",VALID_REFERENCE_STEP,MATHEMATICALLY_INVALID,PASSED,"Arithmetic sign flipped (+ <-> -), altering algebraic expression value."
pair_math500_156,math500_156,OP_FRACTION_FLIP,"Without loss of generality, assume that $OP = 1.$  Let $OA = x$ and $OB = 3x.$  Let $\alpha = \angle OPA$ and $\beta = \angle OPB,$ so $\tan \alpha = x$ and $\tan \beta = 3x,$ so from the angle subtraction formula,
\begin{align*}
\tan \angle APB &= \tan (\angle OPB - \angle OPA) \\
&= \tan (\beta - \alpha) \\
&= \frac{\tan \beta - \tan \alpha}{1 + \tan \alpha \tan \beta} \\
&= \frac{2x}{1 + 3x^2}.
\end{align*}We want to maximize this expression.","Without loss of generality, assume that $OP = 1.$  Let $OA = x$ and $OB = 3x.$  Let $\alpha = \angle OPA$ and $\beta = \angle OPB,$ so $\tan \alpha = x$ and $\tan \beta = 3x,$ so from the angle subtraction formula,
\begin{align*}
\tan \angle APB &= \tan (\angle OPB - \angle OPA) \\
&= \tan (\beta - \alpha) \\
&= \frac{1 + \tan \alpha \tan \beta}{\tan \beta - \tan \alpha} \\
&= \frac{2x}{1 + 3x^2}.
\end{align*}We want to maximize this expression.",VERIFIED_INVALID,Deterministic Operator AST Verifier,"Numerator/denominator flipped (\tan \beta - \tan \alpha/1 + \tan \alpha \tan \beta -> 1 + \tan \alpha \tan \beta/\tan \beta - \tan \alpha), altering fraction value.",VALID_REFERENCE_STEP,MATHEMATICALLY_INVALID,PASSED,"Numerator/denominator flipped (\tan \beta - \tan \alpha/1 + \tan \alpha \tan \beta -> 1 + \tan \alpha \tan \beta/\tan \beta - \tan \alpha), altering fraction value."
pair_math500_157,math500_157,OP_SIGN_FLIP,\[\begin{aligned} 1+5x^3 &= 6x^2 - 24x \\ 5x^3 - 6x^2 + 24x + 1 &= 0 .\end{aligned}\],\[\begin{aligned} 1-5x^3 &= 6x^2 - 24x \\ 5x^3 - 6x^2 + 24x + 1 &= 0 .\end{aligned}\],VERIFIED_INVALID,Deterministic Operator AST Verifier,"Arithmetic sign flipped (+ <-> -), altering algebraic expression value.",VALID_REFERENCE_STEP,MATHEMATICALLY_INVALID,PASSED,"Arithmetic sign flipped (+ <-> -), altering algebraic expression value."
pair_math500_158,math500_158,OP_CONSTANT_PERTURB,"The smallest multiple of 7 between 100 and 200 is 105, and the largest multiple is 196.","The smallest multiple of 8 between 100 and 200 is 105, and the largest multiple is 196.",VERIFIED_INVALID,Deterministic Operator AST Verifier,"Numerical constant perturbed (7 -> 8), contradicting reference solution.",VALID_REFERENCE_STEP,MATHEMATICALLY_INVALID,PASSED,"Numerical constant perturbed (7 -> 8), contradicting reference solution."
pair_math500_159,math500_159,OP_SIGN_FLIP,"We have $(x+1.3)^2 = x^2 + (2.6)x + 1.69$, and so","We have $(x-1.3)^2 = x^2 + (2.6)x + 1.69$, and so",VERIFIED_INVALID,Deterministic Operator AST Verifier,"Arithmetic sign flipped (+ <-> -), altering algebraic expression value.",VALID_REFERENCE_STEP,MATHEMATICALLY_INVALID,PASSED,"Arithmetic sign flipped (+ <-> -), altering algebraic expression value."
pair_math500_160,math500_160,OP_CONSTANT_PERTURB,"First we find the prime factorization of 288 to be $2^5\cdot 3^2$, and we have to split these factors among two consecutive even integers.","First we find the prime factorization of 289 to be $2^5\cdot 3^2$, and we have to split these factors among two consecutive even integers.",VERIFIED_INVALID,Deterministic Operator AST Verifier,"Numerical constant perturbed (288 -> 289), contradicting reference solution.",VALID_REFERENCE_STEP,MATHEMATICALLY_INVALID,PASSED,"Numerical constant perturbed (288 -> 289), contradicting reference solution."
pair_math500_161,math500_161,OP_CONSTANT_PERTURB,"We have $2^6=64$, so $\log_2 64 = \boxed{6}$.","We have $3^6=64$, so $\log_2 64 = \boxed{6}$.",VERIFIED_INVALID,Deterministic Operator AST Verifier,"Numerical constant perturbed (2 -> 3), contradicting reference solution.",VALID_REFERENCE_STEP,MATHEMATICALLY_INVALID,PASSED,"Numerical constant perturbed (2 -> 3), contradicting reference solution."
pair_math500_162,math500_162,OP_CONSTANT_PERTURB,"Since $100 = 50\cdot 2$, there are 50 integers in the set that are divisible by 2.","Since $101 = 50\cdot 2$, there are 50 integers in the set that are divisible by 2.",VERIFIED_INVALID,Deterministic Operator AST Verifier,"Numerical constant perturbed (100 -> 101), contradicting reference solution.",VALID_REFERENCE_STEP,MATHEMATICALLY_INVALID,PASSED,"Numerical constant perturbed (100 -> 101), contradicting reference solution."
pair_math500_163,math500_163,OP_FRACTION_FLIP,The given expression expands to $\frac{1}{b^2} - a^2$.,The given expression expands to $\frac{b^2}{1} - a^2$.,VERIFIED_INVALID,Deterministic Operator AST Verifier,"Numerator/denominator flipped (1/b^2 -> b^2/1), altering fraction value.",VALID_REFERENCE_STEP,MATHEMATICALLY_INVALID,PASSED,"Numerator/denominator flipped (1/b^2 -> b^2/1), altering fraction value."
pair_math500_164,math500_164,OP_FRACTION_FLIP,"We have that
\begin{align*}
\tan 100^\circ + 4 \sin 100^\circ &= \frac{\sin 100^\circ}{\cos 100^\circ} + 4 \sin 100^\circ \\
&= \frac{\sin 80^\circ}{-\cos 80^\circ} + 4 \sin 80^\circ \\
&= -\frac{\cos 10^\circ}{\sin 10^\circ} + 4 \cos 10^\circ \\
&= \frac{4 \cos 10^\circ \sin 10^\circ - \cos 10^\circ}{\sin 10^\circ}.
\end{align*}By double angle formula,
\begin{align*}
\frac{4 \cos 10^\circ \sin 10^\circ - \cos 10^\circ}{\sin 10^\circ} &= \frac{2 \sin 20^\circ - \cos 10^\circ}{\sin 10^\circ} \\
&= \frac{\sin 20^\circ + \sin 20^\circ - \sin 80^\circ}{\sin 10^\circ}.
\end{align*}By sum-to-product,","We have that
\begin{align*}
\tan 100^\circ + 4 \sin 100^\circ &= \frac{\cos 100^\circ}{\sin 100^\circ} + 4 \sin 100^\circ \\
&= \frac{\sin 80^\circ}{-\cos 80^\circ} + 4 \sin 80^\circ \\
&= -\frac{\cos 10^\circ}{\sin 10^\circ} + 4 \cos 10^\circ \\
&= \frac{4 \cos 10^\circ \sin 10^\circ - \cos 10^\circ}{\sin 10^\circ}.
\end{align*}By double angle formula,
\begin{align*}
\frac{4 \cos 10^\circ \sin 10^\circ - \cos 10^\circ}{\sin 10^\circ} &= \frac{2 \sin 20^\circ - \cos 10^\circ}{\sin 10^\circ} \\
&= \frac{\sin 20^\circ + \sin 20^\circ - \sin 80^\circ}{\sin 10^\circ}.
\end{align*}By sum-to-product,",VERIFIED_INVALID,Deterministic Operator AST Verifier,"Numerator/denominator flipped (\sin 100^\circ/\cos 100^\circ -> \cos 100^\circ/\sin 100^\circ), altering fraction value.",VALID_REFERENCE_STEP,MATHEMATICALLY_INVALID,PASSED,"Numerator/denominator flipped (\sin 100^\circ/\cos 100^\circ -> \cos 100^\circ/\sin 100^\circ), altering fraction value."
pair_math500_165,math500_165,OP_SIGN_FLIP,"Six books are removed from the shelves, so $24-6=18$ books remain.","Six books are removed from the shelves, so $24+6=18$ books remain.",VERIFIED_INVALID,Deterministic Operator AST Verifier,"Arithmetic sign flipped (+ <-> -), altering algebraic expression value.",VALID_REFERENCE_STEP,MATHEMATICALLY_INVALID,PASSED,"Arithmetic sign flipped (+ <-> -), altering algebraic expression value."
pair_math500_166,math500_166,OP_SIGN_FLIP,The measure of each interior angle in a regular $n$-gon is $180(n-2)/n$ degrees.,The measure of each interior angle in a regular $n$+gon is $180(n-2)/n$ degrees.,VERIFIED_INVALID,Deterministic Operator AST Verifier,"Arithmetic sign flipped (+ <-> -), altering algebraic expression value.",VALID_REFERENCE_STEP,MATHEMATICALLY_INVALID,PASSED,"Arithmetic sign flipped (+ <-> -), altering algebraic expression value."
pair_math500_167,math500_167,OP_FRACTION_FLIP,We are given that $B = 30$ and $h = 6.5$ and asked to find $\frac{1}{3}Bh$.,We are given that $B = 30$ and $h = 6.5$ and asked to find $\frac{3}{1}Bh$.,VERIFIED_INVALID,Deterministic Operator AST Verifier,"Numerator/denominator flipped (1/3 -> 3/1), altering fraction value.",VALID_REFERENCE_STEP,MATHEMATICALLY_INVALID,PASSED,"Numerator/denominator flipped (1/3 -> 3/1), altering fraction value."
pair_math500_168,math500_168,OP_SIGN_FLIP,"The number of $1\times1$ squares in the diagram is $2(n-1)$, the number of $2\times 2$ squares is $n-2$, and the number of $\sqrt{2} \times \sqrt{2}$ squares is also $n-2$ (see diagram).","The number of $1\times1$ squares in the diagram is $2(n+1)$, the number of $2\times 2$ squares is $n-2$, and the number of $\sqrt{2} \times \sqrt{2}$ squares is also $n-2$ (see diagram).",VERIFIED_INVALID,Deterministic Operator AST Verifier,"Arithmetic sign flipped (+ <-> -), altering algebraic expression value.",VALID_REFERENCE_STEP,MATHEMATICALLY_INVALID,PASSED,"Arithmetic sign flipped (+ <-> -), altering algebraic expression value."
pair_math500_169,math500_169,OP_CONSTANT_PERTURB,"This triangle is isosceles, and so the altitude to the side with length 6 must hit that side at its midpoint.","This triangle is isosceles, and so the altitude to the side with length 7 must hit that side at its midpoint.",VERIFIED_INVALID,Deterministic Operator AST Verifier,"Numerical constant perturbed (6 -> 7), contradicting reference solution.",VALID_REFERENCE_STEP,MATHEMATICALLY_INVALID,PASSED,"Numerical constant perturbed (6 -> 7), contradicting reference solution."
pair_math500_170,math500_170,OP_SIGN_FLIP,"Squaring $y=x^2-8$, we obtain $y^2=x^4-16x^2+64$.","Squaring $y=x^2-8$, we obtain $y^2=x^4-16x^2-64$.",VERIFIED_INVALID,Deterministic Operator AST Verifier,"Arithmetic sign flipped (+ <-> -), altering algebraic expression value.",VALID_REFERENCE_STEP,MATHEMATICALLY_INVALID,PASSED,"Arithmetic sign flipped (+ <-> -), altering algebraic expression value."
pair_math500_171,math500_171,OP_CONSTANT_PERTURB,The denominators $5$ and $3$ have a common multiple of $15$.,The denominators $6$ and $3$ have a common multiple of $15$.,VERIFIED_INVALID,Deterministic Operator AST Verifier,"Numerical constant perturbed (5 -> 6), contradicting reference solution.",VALID_REFERENCE_STEP,MATHEMATICALLY_INVALID,PASSED,"Numerical constant perturbed (5 -> 6), contradicting reference solution."
pair_math500_172,math500_172,OP_SIGN_FLIP,"Therefore, the sixth term is $(200 + 500)/2 = \boxed{350}$.","Therefore, the sixth term is $(200 - 500)/2 = \boxed{350}$.",VERIFIED_INVALID,Deterministic Operator AST Verifier,"Arithmetic sign flipped (+ <-> -), altering algebraic expression value.",VALID_REFERENCE_STEP,MATHEMATICALLY_INVALID,PASSED,"Arithmetic sign flipped (+ <-> -), altering algebraic expression value."
pair_math500_173,math500_173,OP_FRACTION_FLIP,We use the formula $\left(\frac{\text{first term}}{1-(\text{common ratio})}\right)$ for the sum of a geometric series to get the sum $\left(\frac{4}{1-\frac{3}{a}}\right)=\frac{4}{\frac{a-3}{a}}=\frac{4a}{a-3}$.,We use the formula $\left(\frac{\text{first term}}{1-(\text{common ratio})}\right)$ for the sum of a geometric series to get the sum $\left(\frac{4}{1-\frac{a}{3}}\right)=\frac{4}{\frac{a-3}{a}}=\frac{4a}{a-3}$.,VERIFIED_INVALID,Deterministic Operator AST Verifier,"Numerator/denominator flipped (3/a -> a/3), altering fraction value.",VALID_REFERENCE_STEP,MATHEMATICALLY_INVALID,PASSED,"Numerator/denominator flipped (3/a -> a/3), altering fraction value."
pair_math500_174,math500_174,OP_SIGN_FLIP,"A $y$-intercept is a point on the graph that lies on the $y$-axis, so $x = 0$.","A $y$+intercept is a point on the graph that lies on the $y$-axis, so $x = 0$.",VERIFIED_INVALID,Deterministic Operator AST Verifier,"Arithmetic sign flipped (+ <-> -), altering algebraic expression value.",VALID_REFERENCE_STEP,MATHEMATICALLY_INVALID,PASSED,"Arithmetic sign flipped (+ <-> -), altering algebraic expression value."
pair_math500_175,math500_175,OP_FRACTION_FLIP,From $3m + 4n = 100$ we can get that $n = 25 - \frac{3}{4}m$.,From $3m + 4n = 100$ we can get that $n = 25 - \frac{4}{3}m$.,VERIFIED_INVALID,Deterministic Operator AST Verifier,"Numerator/denominator flipped (3/4 -> 4/3), altering fraction value.",VALID_REFERENCE_STEP,MATHEMATICALLY_INVALID,PASSED,"Numerator/denominator flipped (3/4 -> 4/3), altering fraction value."
pair_math500_176,math500_176,OP_FRACTION_FLIP,"A terminating decimal can be written in the form $\frac{a}{10^b}$, where $a$ and $b$ are integers.","A terminating decimal can be written in the form $\frac{10^b}{a}$, where $a$ and $b$ are integers.",VERIFIED_INVALID,Deterministic Operator AST Verifier,"Numerator/denominator flipped (a/10^b -> 10^b/a), altering fraction value.",VALID_REFERENCE_STEP,MATHEMATICALLY_INVALID,PASSED,"Numerator/denominator flipped (a/10^b -> 10^b/a), altering fraction value."
pair_math500_177,math500_177,OP_CONSTANT_PERTURB,"Since the circles with center $Q$, $R$ and $S$ are all tangent to $BC$, then $QR$ and $RS$ are each parallel to $BC$ (as the centres $Q$, $R$ and $S$ are each 1 unit above $BC$).","Since the circles with center $Q$, $R$ and $S$ are all tangent to $BC$, then $QR$ and $RS$ are each parallel to $BC$ (as the centres $Q$, $R$ and $S$ are each 2 unit above $BC$).",VERIFIED_INVALID,Deterministic Operator AST Verifier,"Numerical constant perturbed (1 -> 2), contradicting reference solution.",VALID_REFERENCE_STEP,MATHEMATICALLY_INVALID,PASSED,"Numerical constant perturbed (1 -> 2), contradicting reference solution."
pair_math500_178,math500_178,OP_CONSTANT_PERTURB,"\begin{align*}
\sqrt{10\cdot 15\cdot 24} &= \sqrt{(2\cdot 5)\cdot (3\cdot 5)\cdot (2^3\cdot 3)}\\
&= \sqrt{2^4\cdot3^2\cdot 5^2} \\
&= 2^2\cdot3\cdot5 \\
&= \boxed{60}.
\end{align*}","\begin{align*}
\sqrt{11\cdot 15\cdot 24} &= \sqrt{(2\cdot 5)\cdot (3\cdot 5)\cdot (2^3\cdot 3)}\\
&= \sqrt{2^4\cdot3^2\cdot 5^2} \\
&= 2^2\cdot3\cdot5 \\
&= \boxed{60}.
\end{align*}",VERIFIED_INVALID,Deterministic Operator AST Verifier,"Numerical constant perturbed (10 -> 11), contradicting reference solution.",VALID_REFERENCE_STEP,MATHEMATICALLY_INVALID,PASSED,"Numerical constant perturbed (10 -> 11), contradicting reference solution."
pair_math500_179,math500_179,OP_SIGN_FLIP,"Let $\mathbf{a} = \begin{pmatrix} 0 \\ -1 \\ -1 \end{pmatrix},$ $\mathbf{b} = \begin{pmatrix} -4 \\ 4 \\ 4 \end{pmatrix},$ and $\mathbf{c} = \begin{pmatrix} 4 \\ 5 \\ 1 \end{pmatrix}.$  Then the normal vector of the plane is orthogonal to both","Let $\mathbf{a} = \begin{pmatrix} 0 \\ +1 \\ -1 \end{pmatrix},$ $\mathbf{b} = \begin{pmatrix} -4 \\ 4 \\ 4 \end{pmatrix},$ and $\mathbf{c} = \begin{pmatrix} 4 \\ 5 \\ 1 \end{pmatrix}.$  Then the normal vector of the plane is orthogonal to both",VERIFIED_INVALID,Deterministic Operator AST Verifier,"Arithmetic sign flipped (+ <-> -), altering algebraic expression value.",VALID_REFERENCE_STEP,MATHEMATICALLY_INVALID,PASSED,"Arithmetic sign flipped (+ <-> -), altering algebraic expression value."
pair_math500_180,math500_180,OP_CONSTANT_PERTURB,"The factors of 100 are 1, 2, 4, 5, 10, 20, 25, 50, 100.","The factors of 101 are 1, 2, 4, 5, 10, 20, 25, 50, 100.",VERIFIED_INVALID,Deterministic Operator AST Verifier,"Numerical constant perturbed (100 -> 101), contradicting reference solution.",VALID_REFERENCE_STEP,MATHEMATICALLY_INVALID,PASSED,"Numerical constant perturbed (100 -> 101), contradicting reference solution."
pair_math500_181,math500_181,OP_CONSTANT_PERTURB,"First, notice that $729=3^6$.","First, notice that $730=3^6$.",VERIFIED_INVALID,Deterministic Operator AST Verifier,"Numerical constant perturbed (729 -> 730), contradicting reference solution.",VALID_REFERENCE_STEP,MATHEMATICALLY_INVALID,PASSED,"Numerical constant perturbed (729 -> 730), contradicting reference solution."
pair_math500_182,math500_182,OP_FRACTION_FLIP,"If there are $S$ students at Baker Middle School, then $\frac{2}{3}S$ students take music.","If there are $S$ students at Baker Middle School, then $\frac{3}{2}S$ students take music.",VERIFIED_INVALID,Deterministic Operator AST Verifier,"Numerator/denominator flipped (2/3 -> 3/2), altering fraction value.",VALID_REFERENCE_STEP,MATHEMATICALLY_INVALID,PASSED,"Numerator/denominator flipped (2/3 -> 3/2), altering fraction value."
pair_math500_184,math500_184,OP_FRACTION_FLIP,\[S = \frac{c}{a} + \frac{a}{b + c} + \frac{b}{c}.\],\[S = \frac{a}{c} + \frac{a}{b + c} + \frac{b}{c}.\],VERIFIED_INVALID,Deterministic Operator AST Verifier,"Numerator/denominator flipped (c/a -> a/c), altering fraction value.",VALID_REFERENCE_STEP,MATHEMATICALLY_INVALID,PASSED,"Numerator/denominator flipped (c/a -> a/c), altering fraction value."
pair_math500_185,math500_185,OP_CONSTANT_PERTURB,"Following exponent laws, ${(3^k)}^6=3^{6k}$.","Following exponent laws, ${(4^k)}^6=3^{6k}$.",VERIFIED_INVALID,Deterministic Operator AST Verifier,"Numerical constant perturbed (3 -> 4), contradicting reference solution.",VALID_REFERENCE_STEP,MATHEMATICALLY_INVALID,PASSED,"Numerical constant perturbed (3 -> 4), contradicting reference solution."
pair_math500_186,math500_186,OP_CONSTANT_PERTURB,Note that $2^{24}$ is a perfect $n$th power if and only if $n$ is a divisor of 24.,Note that $3^{24}$ is a perfect $n$th power if and only if $n$ is a divisor of 24.,VERIFIED_INVALID,Deterministic Operator AST Verifier,"Numerical constant perturbed (2 -> 3), contradicting reference solution.",VALID_REFERENCE_STEP,MATHEMATICALLY_INVALID,PASSED,"Numerical constant perturbed (2 -> 3), contradicting reference solution."
pair_math500_187,math500_187,OP_SIGN_FLIP,"We have the two equations \begin{align*}
d+n&=11\\
10d+5n&=75
\end{align*} (The last equation is in terms of cents.) To make the second equation nicer, we divide both sides by 5 to get $2d+n=15$.","We have the two equations \begin{align*}
d-n&=11\\
10d+5n&=75
\end{align*} (The last equation is in terms of cents.) To make the second equation nicer, we divide both sides by 5 to get $2d+n=15$.",VERIFIED_INVALID,Deterministic Operator AST Verifier,"Arithmetic sign flipped (+ <-> -), altering algebraic expression value.",VALID_REFERENCE_STEP,MATHEMATICALLY_INVALID,PASSED,"Arithmetic sign flipped (+ <-> -), altering algebraic expression value."
pair_math500_188,math500_188,OP_SIGN_FLIP,All that matters for intersection is whether $f(x)-g(x)=0$.,All that matters for intersection is whether $f(x)+g(x)=0$.,VERIFIED_INVALID,Deterministic Operator AST Verifier,"Arithmetic sign flipped (+ <-> -), altering algebraic expression value.",VALID_REFERENCE_STEP,MATHEMATICALLY_INVALID,PASSED,"Arithmetic sign flipped (+ <-> -), altering algebraic expression value."
pair_math500_189,math500_189,OP_CONSTANT_PERTURB,"For $HP$ to have minimum length, $HP$ must be perpendicular to $CD$.  (Among other things, we can see from this diagram that sliding $P$ away from the perpendicular position does make $HP$ longer.)
In the diagram, $HC=150$, $HD=130$ and $CD=140$.","For $HP$ to have minimum length, $HP$ must be perpendicular to $CD$.  (Among other things, we can see from this diagram that sliding $P$ away from the perpendicular position does make $HP$ longer.)
In the diagram, $HC=151$, $HD=130$ and $CD=140$.",VERIFIED_INVALID,Deterministic Operator AST Verifier,"Numerical constant perturbed (150 -> 151), contradicting reference solution.",VALID_REFERENCE_STEP,MATHEMATICALLY_INVALID,PASSED,"Numerical constant perturbed (150 -> 151), contradicting reference solution."
pair_math500_190,math500_190,OP_CONSTANT_PERTURB,The only way for the sum of the numbers Paul and Jesse choose to be odd is if one of them chooses 2 and the other chooses an odd prime.,The only way for the sum of the numbers Paul and Jesse choose to be odd is if one of them chooses 3 and the other chooses an odd prime.,VERIFIED_INVALID,Deterministic Operator AST Verifier,"Numerical constant perturbed (2 -> 3), contradicting reference solution.",VALID_REFERENCE_STEP,MATHEMATICALLY_INVALID,PASSED,"Numerical constant perturbed (2 -> 3), contradicting reference solution."
pair_math500_191,math500_191,OP_SIGN_FLIP,"We plug in $x = 4$: \begin{align*}
3(4) + 2y &= 12\\
12 + 2y &= 12\\
y &= 0.
\end{align*}","We plug in $x = 4$: \begin{align*}
3(4) - 2y &= 12\\
12 + 2y &= 12\\
y &= 0.
\end{align*}",VERIFIED_INVALID,Deterministic Operator AST Verifier,"Arithmetic sign flipped (+ <-> -), altering algebraic expression value.",VALID_REFERENCE_STEP,MATHEMATICALLY_INVALID,PASSED,"Arithmetic sign flipped (+ <-> -), altering algebraic expression value."
pair_math500_192,math500_192,OP_SIGN_FLIP,"We have $MP = PR/2 = 16$, so right triangle $PQM$ gives us  \begin{align*}
QM &= \sqrt{PQ^2 - PM^2}\\
&= \sqrt{34^2 - 16^2}\\
&= \sqrt{(34-16)(34+16)}\\
& = \boxed{30}.
\end{align*}  (We might also have recognized that $PM/PQ = 8/17$, so $QM/PQ = 15/17$.)","We have $MP = PR/2 = 16$, so right triangle $PQM$ gives us  \begin{align*}
QM &= \sqrt{PQ^2 - PM^2}\\
&= \sqrt{34^2 - 16^2}\\
&= \sqrt{(34-16)(34-16)}\\
& = \boxed{30}.
\end{align*}  (We might also have recognized that $PM/PQ = 8/17$, so $QM/PQ = 15/17$.)",VERIFIED_INVALID,Deterministic Operator AST Verifier,"Arithmetic sign flipped (+ <-> -), altering algebraic expression value.",VALID_REFERENCE_STEP,MATHEMATICALLY_INVALID,PASSED,"Arithmetic sign flipped (+ <-> -), altering algebraic expression value."
pair_math500_194,math500_194,OP_SIGN_FLIP,"Let $z = -y,$ so $z$ is positive, and $y = -z.$  Then","Let $z = +y,$ so $z$ is positive, and $y = -z.$  Then",VERIFIED_INVALID,Deterministic Operator AST Verifier,"Arithmetic sign flipped (+ <-> -), altering algebraic expression value.",VALID_REFERENCE_STEP,MATHEMATICALLY_INVALID,PASSED,"Arithmetic sign flipped (+ <-> -), altering algebraic expression value."
pair_math500_195,math500_195,OP_CONSTANT_PERTURB,"Since three of the roots of $p(x)$ are 1, 2, and 3, we can write","Since three of the roots of $p(x)$ are 2, 2, and 3, we can write",VERIFIED_INVALID,Deterministic Operator AST Verifier,"Numerical constant perturbed (1 -> 2), contradicting reference solution.",VALID_REFERENCE_STEP,MATHEMATICALLY_INVALID,PASSED,"Numerical constant perturbed (1 -> 2), contradicting reference solution."
pair_math500_197,math500_197,OP_CONSTANT_PERTURB,"First, we factor $10!:$
\begin{align*} 10!&=10\cdot 9\cdot 8\cdot 7 \cdot 6\cdot 5\cdot 4\cdot 3\cdot 2\cdot 1\\ &=2^8\cdot 3^4 \cdot 5^2 \cdot 7.\end{align*}
Hence, $x$ can be $1, 2^1, 2^2, 3, 2^1\cdot 3,\text{ or }2^2\cdot 3$ for a total of $\boxed{6}$ possible values of $x.$","First, we factor $11!:$
\begin{align*} 10!&=10\cdot 9\cdot 8\cdot 7 \cdot 6\cdot 5\cdot 4\cdot 3\cdot 2\cdot 1\\ &=2^8\cdot 3^4 \cdot 5^2 \cdot 7.\end{align*}
Hence, $x$ can be $1, 2^1, 2^2, 3, 2^1\cdot 3,\text{ or }2^2\cdot 3$ for a total of $\boxed{6}$ possible values of $x.$",VERIFIED_INVALID,Deterministic Operator AST Verifier,"Numerical constant perturbed (10 -> 11), contradicting reference solution.",VALID_REFERENCE_STEP,MATHEMATICALLY_INVALID,PASSED,"Numerical constant perturbed (10 -> 11), contradicting reference solution."
pair_math500_198,math500_198,OP_CONSTANT_PERTURB,"We can consider the two boys as one person, arrange the ``seven'' people first, then arrange the 2 boys.","We can consider the two boys as one person, arrange the ``seven'' people first, then arrange the 3 boys.",VERIFIED_INVALID,Deterministic Operator AST Verifier,"Numerical constant perturbed (2 -> 3), contradicting reference solution.",VALID_REFERENCE_STEP,MATHEMATICALLY_INVALID,PASSED,"Numerical constant perturbed (2 -> 3), contradicting reference solution."
pair_math500_199,math500_199,OP_CONSTANT_PERTURB,"If those 4 numbers average to 9, they must sum to $4\times 9 = 36$.","If those 5 numbers average to 9, they must sum to $4\times 9 = 36$.",VERIFIED_INVALID,Deterministic Operator AST Verifier,"Numerical constant perturbed (4 -> 5), contradicting reference solution.",VALID_REFERENCE_STEP,MATHEMATICALLY_INVALID,PASSED,"Numerical constant perturbed (4 -> 5), contradicting reference solution."
pair_math500_200,math500_200,OP_CONSTANT_PERTURB,Multiply $5\text{ yaps}=3\text{ baps}$ by 14 to find that 70 yaps are equal to 42 baps.,Multiply $6\text{ yaps}=3\text{ baps}$ by 14 to find that 70 yaps are equal to 42 baps.,VERIFIED_INVALID,Deterministic Operator AST Verifier,"Numerical constant perturbed (5 -> 6), contradicting reference solution.",VALID_REFERENCE_STEP,MATHEMATICALLY_INVALID,PASSED,"Numerical constant perturbed (5 -> 6), contradicting reference solution."
pair_math500_201,math500_201,OP_CONSTANT_PERTURB,We are given that $N\equiv 5\pmod{8}$ and $N\equiv 3\pmod{6}$.,We are given that $N\equiv 6\pmod{8}$ and $N\equiv 3\pmod{6}$.,VERIFIED_INVALID,Deterministic Operator AST Verifier,"Numerical constant perturbed (5 -> 6), contradicting reference solution.",VALID_REFERENCE_STEP,MATHEMATICALLY_INVALID,PASSED,"Numerical constant perturbed (5 -> 6), contradicting reference solution."
pair_math500_202,math500_202,OP_CONSTANT_PERTURB,Alice has a $1/2$ chance of winning the game on her first turn.,Alice has a $2/2$ chance of winning the game on her first turn.,VERIFIED_INVALID,Deterministic Operator AST Verifier,"Numerical constant perturbed (1 -> 2), contradicting reference solution.",VALID_REFERENCE_STEP,MATHEMATICALLY_INVALID,PASSED,"Numerical constant perturbed (1 -> 2), contradicting reference solution."
pair_math500_203,math500_203,OP_SIGN_FLIP,"By the Remainder Theorem, to find the remainder, we set $x = -2.$  This gives us","By the Remainder Theorem, to find the remainder, we set $x = +2.$  This gives us",VERIFIED_INVALID,Deterministic Operator AST Verifier,"Arithmetic sign flipped (+ <-> -), altering algebraic expression value.",VALID_REFERENCE_STEP,MATHEMATICALLY_INVALID,PASSED,"Arithmetic sign flipped (+ <-> -), altering algebraic expression value."
pair_math500_204,math500_204,OP_FRACTION_FLIP,"Since $|a| = 1,$ $a \overline{a} = |a|^2,$ so $\overline{a} = \frac{1}{a}.$  Similarly, $\overline{b} = \frac{1}{b},$ $\overline{c} = \frac{1}{c},$ and $\overline{d} = \frac{1}{d}.$","Since $|a| = 1,$ $a \overline{a} = |a|^2,$ so $\overline{a} = \frac{a}{1}.$  Similarly, $\overline{b} = \frac{1}{b},$ $\overline{c} = \frac{1}{c},$ and $\overline{d} = \frac{1}{d}.$",VERIFIED_INVALID,Deterministic Operator AST Verifier,"Numerator/denominator flipped (1/a -> a/1), altering fraction value.",VALID_REFERENCE_STEP,MATHEMATICALLY_INVALID,PASSED,"Numerator/denominator flipped (1/a -> a/1), altering fraction value."
pair_math500_205,math500_205,OP_SIGN_FLIP,"Subtracting the equations $\mathbf{A} \begin{pmatrix} 3 \\ 1 \\ 0 \end{pmatrix} = \begin{pmatrix} 2 \\ 4 \\ -3 \end{pmatrix}$ and $\mathbf{A} \begin{pmatrix} -5 \\ 2 \\ 2 \end{pmatrix} = \begin{pmatrix} 0 \\ -5 \\ -5 \end{pmatrix},$ we get","Subtracting the equations $\mathbf{A} \begin{pmatrix} 3 \\ 1 \\ 0 \end{pmatrix} = \begin{pmatrix} 2 \\ 4 \\ +3 \end{pmatrix}$ and $\mathbf{A} \begin{pmatrix} -5 \\ 2 \\ 2 \end{pmatrix} = \begin{pmatrix} 0 \\ -5 \\ -5 \end{pmatrix},$ we get",VERIFIED_INVALID,Deterministic Operator AST Verifier,"Arithmetic sign flipped (+ <-> -), altering algebraic expression value.",VALID_REFERENCE_STEP,MATHEMATICALLY_INVALID,PASSED,"Arithmetic sign flipped (+ <-> -), altering algebraic expression value."
pair_math500_206,math500_206,OP_SIGN_FLIP,"We have that $x = 8 + 2t$ and $y = -1 + 3t.$  Isolating $t$ in $x = 8 + 2t,$ we find","We have that $x = 8 - 2t$ and $y = -1 + 3t.$  Isolating $t$ in $x = 8 + 2t,$ we find",VERIFIED_INVALID,Deterministic Operator AST Verifier,"Arithmetic sign flipped (+ <-> -), altering algebraic expression value.",VALID_REFERENCE_STEP,MATHEMATICALLY_INVALID,PASSED,"Arithmetic sign flipped (+ <-> -), altering algebraic expression value."
pair_math500_207,math500_207,OP_CONSTANT_PERTURB,"There are 8 choices of toppings, and we need to choose 2 distinct toppings.","There are 9 choices of toppings, and we need to choose 2 distinct toppings.",VERIFIED_INVALID,Deterministic Operator AST Verifier,"Numerical constant perturbed (8 -> 9), contradicting reference solution.",VALID_REFERENCE_STEP,MATHEMATICALLY_INVALID,PASSED,"Numerical constant perturbed (8 -> 9), contradicting reference solution."
pair_math500_208,math500_208,OP_CONSTANT_PERTURB,"It's easier to note that a number divisible by $3, 4,$ and $5$ must be divisible by their product, $3 \times 4 \times 5 = 60$.","It's easier to note that a number divisible by $4, 4,$ and $5$ must be divisible by their product, $3 \times 4 \times 5 = 60$.",VERIFIED_INVALID,Deterministic Operator AST Verifier,"Numerical constant perturbed (3 -> 4), contradicting reference solution.",VALID_REFERENCE_STEP,MATHEMATICALLY_INVALID,PASSED,"Numerical constant perturbed (3 -> 4), contradicting reference solution."
pair_math500_209,math500_209,OP_CONSTANT_PERTURB,"Since $90^3=729,\!000$, $\text{AB}$ is greater than 90.","Since $91^3=729,\!000$, $\text{AB}$ is greater than 90.",VERIFIED_INVALID,Deterministic Operator AST Verifier,"Numerical constant perturbed (90 -> 91), contradicting reference solution.",VALID_REFERENCE_STEP,MATHEMATICALLY_INVALID,PASSED,"Numerical constant perturbed (90 -> 91), contradicting reference solution."
pair_math500_210,math500_210,OP_CONSTANT_PERTURB,The total area of the rectangle is $3 \times 4 =12$.,The total area of the rectangle is $4 \times 4 =12$.,VERIFIED_INVALID,Deterministic Operator AST Verifier,"Numerical constant perturbed (3 -> 4), contradicting reference solution.",VALID_REFERENCE_STEP,MATHEMATICALLY_INVALID,PASSED,"Numerical constant perturbed (3 -> 4), contradicting reference solution."
pair_math500_211,math500_211,OP_SIGN_FLIP,Recall that $a^m\div a^n=a^{m-n}$ for positive integers $m>n$ and $a^m\cdot a^n=a^{m+n}$.,Recall that $a^m\div a^n=a^{m-n}$ for positive integers $m>n$ and $a^m\cdot a^n=a^{m-n}$.,VERIFIED_INVALID,Deterministic Operator AST Verifier,"Arithmetic sign flipped (+ <-> -), altering algebraic expression value.",VALID_REFERENCE_STEP,MATHEMATICALLY_INVALID,PASSED,"Arithmetic sign flipped (+ <-> -), altering algebraic expression value."
pair_math500_212,math500_212,OP_SIGN_FLIP,"We have the two equations \begin{align*}
a+b&=80\\
5a-2b&=232
\end{align*} From the first equation, we have $b=80-a$.","We have the two equations \begin{align*}
a-b&=80\\
5a-2b&=232
\end{align*} From the first equation, we have $b=80-a$.",VERIFIED_INVALID,Deterministic Operator AST Verifier,"Arithmetic sign flipped (+ <-> -), altering algebraic expression value.",VALID_REFERENCE_STEP,MATHEMATICALLY_INVALID,PASSED,"Arithmetic sign flipped (+ <-> -), altering algebraic expression value."
pair_math500_213,math500_213,OP_SIGN_FLIP,"Since $F_{n + 1} = F_{n + 2} - F_n,$","Since $F_{n - 1} = F_{n + 2} - F_n,$",VERIFIED_INVALID,Deterministic Operator AST Verifier,"Arithmetic sign flipped (+ <-> -), altering algebraic expression value.",VALID_REFERENCE_STEP,MATHEMATICALLY_INVALID,PASSED,"Arithmetic sign flipped (+ <-> -), altering algebraic expression value."
pair_math500_214,math500_214,OP_SIGN_FLIP,"There are 15 students taking all three, and 30 students in both physics and calculus, meaning there are $30 - 15 = 15$ students in just physics and calculus.","There are 15 students taking all three, and 30 students in both physics and calculus, meaning there are $30 + 15 = 15$ students in just physics and calculus.",VERIFIED_INVALID,Deterministic Operator AST Verifier,"Arithmetic sign flipped (+ <-> -), altering algebraic expression value.",VALID_REFERENCE_STEP,MATHEMATICALLY_INVALID,PASSED,"Arithmetic sign flipped (+ <-> -), altering algebraic expression value."
pair_math500_215,math500_215,OP_SIGN_FLIP,Rearranging $x^2 - x - 1= 0$ gives $x^2 = x + 1$.,Rearranging $x^2 - x - 1= 0$ gives $x^2 = x - 1$.,VERIFIED_INVALID,Deterministic Operator AST Verifier,"Arithmetic sign flipped (+ <-> -), altering algebraic expression value.",VALID_REFERENCE_STEP,MATHEMATICALLY_INVALID,PASSED,"Arithmetic sign flipped (+ <-> -), altering algebraic expression value."
pair_math500_216,math500_216,OP_CONSTANT_PERTURB,"\[
3\text{ Blinkets}=7\text{ Drinkets}
\]","\[
4\text{ Blinkets}=7\text{ Drinkets}
\]",VERIFIED_INVALID,Deterministic Operator AST Verifier,"Numerical constant perturbed (3 -> 4), contradicting reference solution.",VALID_REFERENCE_STEP,MATHEMATICALLY_INVALID,PASSED,"Numerical constant perturbed (3 -> 4), contradicting reference solution."
pair_math500_217,math500_217,OP_CONSTANT_PERTURB,"If a number is divisible by 450, then it must be divisible by all divisors of 450, including 9 and 50.","If a number is divisible by 451, then it must be divisible by all divisors of 450, including 9 and 50.",VERIFIED_INVALID,Deterministic Operator AST Verifier,"Numerical constant perturbed (450 -> 451), contradicting reference solution.",VALID_REFERENCE_STEP,MATHEMATICALLY_INVALID,PASSED,"Numerical constant perturbed (450 -> 451), contradicting reference solution."
pair_math500_218,math500_218,OP_FRACTION_FLIP,"Applying the midpoint formula gives us $$\left(\frac{-5+3}{2},\frac{5+7}{2}\right)=\boxed{(-1,6)}.$$","Applying the midpoint formula gives us $$\left(\frac{2}{-5+3},\frac{5+7}{2}\right)=\boxed{(-1,6)}.$$",VERIFIED_INVALID,Deterministic Operator AST Verifier,"Numerator/denominator flipped (-5+3/2 -> 2/-5+3), altering fraction value.",VALID_REFERENCE_STEP,MATHEMATICALLY_INVALID,PASSED,"Numerator/denominator flipped (-5+3/2 -> 2/-5+3), altering fraction value."
pair_math500_219,math500_219,OP_CONSTANT_PERTURB,The first remainder is even with probability $2/6=1/3$ and odd with probability 2/3.,The first remainder is even with probability $3/6=1/3$ and odd with probability 2/3.,VERIFIED_INVALID,Deterministic Operator AST Verifier,"Numerical constant perturbed (2 -> 3), contradicting reference solution.",VALID_REFERENCE_STEP,MATHEMATICALLY_INVALID,PASSED,"Numerical constant perturbed (2 -> 3), contradicting reference solution."
pair_math500_220,math500_220,OP_FRACTION_FLIP,"At the end of the first mile, there will be $\frac{2}{3}$ of the initial milk in the bucket.","At the end of the first mile, there will be $\frac{3}{2}$ of the initial milk in the bucket.",VERIFIED_INVALID,Deterministic Operator AST Verifier,"Numerator/denominator flipped (2/3 -> 3/2), altering fraction value.",VALID_REFERENCE_STEP,MATHEMATICALLY_INVALID,PASSED,"Numerator/denominator flipped (2/3 -> 3/2), altering fraction value."
pair_math500_221,math500_221,OP_CONSTANT_PERTURB,$240=2^4\cdot3\cdot5=2^3(2\cdot3\cdot5)$.,$241=2^4\cdot3\cdot5=2^3(2\cdot3\cdot5)$.,VERIFIED_INVALID,Deterministic Operator AST Verifier,"Numerical constant perturbed (240 -> 241), contradicting reference solution.",VALID_REFERENCE_STEP,MATHEMATICALLY_INVALID,PASSED,"Numerical constant perturbed (240 -> 241), contradicting reference solution."
pair_math500_222,math500_222,OP_SIGN_FLIP,"Since $AB \parallel DE,$ we know that $\angle A = \angle E$ and $\angle B = \angle D.$ That works out nicely, since that means $\triangle ABC \sim EDC.$ If $BD = 4BC,$ that means $CD = BD - BC = 3BC.$ Therefore, the ratio of sides in $ABC$ to $EDC$ is $1:3,$ meaning the ratio of their areas is $1:9.$","Since $AB \parallel DE,$ we know that $\angle A = \angle E$ and $\angle B = \angle D.$ That works out nicely, since that means $\triangle ABC \sim EDC.$ If $BD = 4BC,$ that means $CD = BD + BC = 3BC.$ Therefore, the ratio of sides in $ABC$ to $EDC$ is $1:3,$ meaning the ratio of their areas is $1:9.$",VERIFIED_INVALID,Deterministic Operator AST Verifier,"Arithmetic sign flipped (+ <-> -), altering algebraic expression value.",VALID_REFERENCE_STEP,MATHEMATICALLY_INVALID,PASSED,"Arithmetic sign flipped (+ <-> -), altering algebraic expression value."
pair_math500_223,math500_223,OP_FRACTION_FLIP,"Rewriting $\frac{4321}{5^7\cdot2^8}$ as a decimal with a denominator of $5^8\cdot2^8=10^8$, we have","Rewriting $\frac{5^7\cdot2^8}{4321}$ as a decimal with a denominator of $5^8\cdot2^8=10^8$, we have",VERIFIED_INVALID,Deterministic Operator AST Verifier,"Numerator/denominator flipped (4321/5^7\cdot2^8 -> 5^7\cdot2^8/4321), altering fraction value.",VALID_REFERENCE_STEP,MATHEMATICALLY_INVALID,PASSED,"Numerator/denominator flipped (4321/5^7\cdot2^8 -> 5^7\cdot2^8/4321), altering fraction value."
pair_math500_224,math500_224,OP_FRACTION_FLIP,"First, we know $\sin 60^\circ = \sin 120^\circ = \frac{\sqrt{3}}{2},$ so
\begin{align*}
&\sin 20^\circ \sin 40^\circ \sin 60^\circ \sin 80^\circ \sin 100^\circ \sin 120^\circ \sin 140^\circ \sin 160^\circ \\
&= \frac{3}{4} \sin 20^\circ \sin 40^\circ \sin 80^\circ \sin 100^\circ \sin 140^\circ \sin 160^\circ.
\end{align*}We can then write $\sin 80^\circ = \sin 100^\circ = \cos 10^\circ,$ $\sin 140^\circ = \sin 40^\circ,$ $\sin 160^\circ = \sin 20^\circ,$ so
\begin{align*}
\frac{3}{4} \sin 20^\circ \sin 40^\circ \sin 80^\circ \sin 100^\circ \sin 140^\circ \sin 160^\circ &= \frac{3}{4} \cos^2 10^\circ \sin^2 20^\circ \sin^2 40^\circ \\
&= \frac{3}{4} (\cos 10^\circ \sin 20^\circ \sin 40^\circ)^2.
\end{align*}By product-to-sum,
\begin{align*}
\cos 10^\circ \sin 20^\circ \sin 40^\circ &= \cos 10^\circ \cdot \frac{1}{2} (\cos 20^\circ - \cos 60^\circ) \\
&= \frac{1}{2} \cos 10^\circ \left( \cos 20^\circ - \frac{1}{2} \right) \\
&= \frac{1}{2} \cos 10^\circ \cos 20^\circ - \frac{1}{4} \cos 10^\circ \\
&= \frac{1}{4} (\cos 30^\circ + \cos 10^\circ) - \frac{1}{4} \cos 10^\circ \\
&= \frac{1}{4} \cos 30^\circ \\
&= \frac{\sqrt{3}}{8}.
\end{align*}Therefore, the expression is equal to $\frac{3}{4} \left( \frac{\sqrt{3}}{8} \right)^2 = \boxed{\frac{9}{256}}.$","First, we know $\sin 60^\circ = \sin 120^\circ = \frac{\sqrt{3}}{2},$ so
\begin{align*}
&\sin 20^\circ \sin 40^\circ \sin 60^\circ \sin 80^\circ \sin 100^\circ \sin 120^\circ \sin 140^\circ \sin 160^\circ \\
&= \frac{4}{3} \sin 20^\circ \sin 40^\circ \sin 80^\circ \sin 100^\circ \sin 140^\circ \sin 160^\circ.
\end{align*}We can then write $\sin 80^\circ = \sin 100^\circ = \cos 10^\circ,$ $\sin 140^\circ = \sin 40^\circ,$ $\sin 160^\circ = \sin 20^\circ,$ so
\begin{align*}
\frac{3}{4} \sin 20^\circ \sin 40^\circ \sin 80^\circ \sin 100^\circ \sin 140^\circ \sin 160^\circ &= \frac{3}{4} \cos^2 10^\circ \sin^2 20^\circ \sin^2 40^\circ \\
&= \frac{3}{4} (\cos 10^\circ \sin 20^\circ \sin 40^\circ)^2.
\end{align*}By product-to-sum,
\begin{align*}
\cos 10^\circ \sin 20^\circ \sin 40^\circ &= \cos 10^\circ \cdot \frac{1}{2} (\cos 20^\circ - \cos 60^\circ) \\
&= \frac{1}{2} \cos 10^\circ \left( \cos 20^\circ - \frac{1}{2} \right) \\
&= \frac{1}{2} \cos 10^\circ \cos 20^\circ - \frac{1}{4} \cos 10^\circ \\
&= \frac{1}{4} (\cos 30^\circ + \cos 10^\circ) - \frac{1}{4} \cos 10^\circ \\
&= \frac{1}{4} \cos 30^\circ \\
&= \frac{\sqrt{3}}{8}.
\end{align*}Therefore, the expression is equal to $\frac{3}{4} \left( \frac{\sqrt{3}}{8} \right)^2 = \boxed{\frac{9}{256}}.$",VERIFIED_INVALID,Deterministic Operator AST Verifier,"Numerator/denominator flipped (3/4 -> 4/3), altering fraction value.",VALID_REFERENCE_STEP,MATHEMATICALLY_INVALID,PASSED,"Numerator/denominator flipped (3/4 -> 4/3), altering fraction value."
pair_math500_225,math500_225,OP_SIGN_FLIP,"Since \begin{align*}
(3x-2)(4x+1)-(3x-2)4x+1 &=(3x-2)(4x+1-4x)+1 \\
&=(3x-2) \cdot 1 +1 =3x-1,
\end{align*} when $x=4$ we have the value $3 \cdot 4 -1 =\boxed{11}$.","Since \begin{align*}
(3x-2)(4x-1)-(3x-2)4x+1 &=(3x-2)(4x+1-4x)+1 \\
&=(3x-2) \cdot 1 +1 =3x-1,
\end{align*} when $x=4$ we have the value $3 \cdot 4 -1 =\boxed{11}$.",VERIFIED_INVALID,Deterministic Operator AST Verifier,"Arithmetic sign flipped (+ <-> -), altering algebraic expression value.",VALID_REFERENCE_STEP,MATHEMATICALLY_INVALID,PASSED,"Arithmetic sign flipped (+ <-> -), altering algebraic expression value."
pair_math500_228,math500_228,OP_SIGN_FLIP,"Let $P = (a,b,c).$  Then the distance from $P$ to the plane $x - z = 0$ is","Let $P = (a,b,c).$  Then the distance from $P$ to the plane $x + z = 0$ is",VERIFIED_INVALID,Deterministic Operator AST Verifier,"Arithmetic sign flipped (+ <-> -), altering algebraic expression value.",VALID_REFERENCE_STEP,MATHEMATICALLY_INVALID,PASSED,"Arithmetic sign flipped (+ <-> -), altering algebraic expression value."
pair_math500_229,math500_229,OP_CONSTANT_PERTURB,Yann can order 10 different dishes.,Yann can order 11 different dishes.,VERIFIED_INVALID,Deterministic Operator AST Verifier,"Numerical constant perturbed (10 -> 11), contradicting reference solution.",VALID_REFERENCE_STEP,MATHEMATICALLY_INVALID,PASSED,"Numerical constant perturbed (10 -> 11), contradicting reference solution."
pair_math500_230,math500_230,OP_SIGN_FLIP,\[(a^2 + b^2 + c^2 + d^2)(1 + 1 + 1 + 1) \ge (a + b + c + d)^2.\],\[(a^2 - b^2 + c^2 + d^2)(1 + 1 + 1 + 1) \ge (a + b + c + d)^2.\],VERIFIED_INVALID,Deterministic Operator AST Verifier,"Arithmetic sign flipped (+ <-> -), altering algebraic expression value.",VALID_REFERENCE_STEP,MATHEMATICALLY_INVALID,PASSED,"Arithmetic sign flipped (+ <-> -), altering algebraic expression value."
pair_math500_231,math500_231,OP_FRACTION_FLIP,"We have the equations \begin{align*} \tag{1}
\frac{a+b+c}{3}=6 \Rightarrow a+b+c&=18 \\ \tag{2}
c-4&=a\\ \tag{3}
b+4&=\frac{3}{5}(a+4)
\end{align*} From Equation (3), we have $b=\frac{3}{5}(a+4)-4$.","We have the equations \begin{align*} \tag{1}
\frac{3}{a+b+c}=6 \Rightarrow a+b+c&=18 \\ \tag{2}
c-4&=a\\ \tag{3}
b+4&=\frac{3}{5}(a+4)
\end{align*} From Equation (3), we have $b=\frac{3}{5}(a+4)-4$.",VERIFIED_INVALID,Deterministic Operator AST Verifier,"Numerator/denominator flipped (a+b+c/3 -> 3/a+b+c), altering fraction value.",VALID_REFERENCE_STEP,MATHEMATICALLY_INVALID,PASSED,"Numerator/denominator flipped (a+b+c/3 -> 3/a+b+c), altering fraction value."
pair_math500_232,math500_232,OP_FRACTION_FLIP,"Note that
\begin{align*}
\frac{1}{1 + \omega^k} + \frac{1}{1 + \omega^{1997 - k}} &= \frac{1}{1 + \omega^k} + \frac{\omega^k}{\omega^k + \omega^{1997}} \\
&= \frac{1}{1 + \omega^k} + \frac{\omega^k}{\omega^k + 1} \\
&= \frac{1 + \omega^k}{1 + \omega^k} = 1.
\end{align*}Thus, we can pair the terms","Note that
\begin{align*}
\frac{1 + \omega^k}{1} + \frac{1}{1 + \omega^{1997 - k}} &= \frac{1}{1 + \omega^k} + \frac{\omega^k}{\omega^k + \omega^{1997}} \\
&= \frac{1}{1 + \omega^k} + \frac{\omega^k}{\omega^k + 1} \\
&= \frac{1 + \omega^k}{1 + \omega^k} = 1.
\end{align*}Thus, we can pair the terms",VERIFIED_INVALID,Deterministic Operator AST Verifier,"Numerator/denominator flipped (1/1 + \omega^k -> 1 + \omega^k/1), altering fraction value.",VALID_REFERENCE_STEP,MATHEMATICALLY_INVALID,PASSED,"Numerator/denominator flipped (1/1 + \omega^k -> 1 + \omega^k/1), altering fraction value."
pair_math500_233,math500_233,OP_FRACTION_FLIP,"From the given information, $7 = 14 \sin \theta,$ so $\sin \theta = \frac{1}{2}.$  Thus, the smallest possible value of $\theta$ is $\boxed{30^\circ}.$","From the given information, $7 = 14 \sin \theta,$ so $\sin \theta = \frac{2}{1}.$  Thus, the smallest possible value of $\theta$ is $\boxed{30^\circ}.$",VERIFIED_INVALID,Deterministic Operator AST Verifier,"Numerator/denominator flipped (1/2 -> 2/1), altering fraction value.",VALID_REFERENCE_STEP,MATHEMATICALLY_INVALID,PASSED,"Numerator/denominator flipped (1/2 -> 2/1), altering fraction value."
pair_math500_234,math500_234,OP_SIGN_FLIP,"Let $a,$ $b,$ $c$ be the roots of $x^3 - 49x^2 + 623x - 2015.$  Then by Vieta's formulas, $a + b + c = 49.$","Let $a,$ $b,$ $c$ be the roots of $x^3 - 49x^2 - 623x - 2015.$  Then by Vieta's formulas, $a + b + c = 49.$",VERIFIED_INVALID,Deterministic Operator AST Verifier,"Arithmetic sign flipped (+ <-> -), altering algebraic expression value.",VALID_REFERENCE_STEP,MATHEMATICALLY_INVALID,PASSED,"Arithmetic sign flipped (+ <-> -), altering algebraic expression value."
pair_math500_235,math500_235,OP_FRACTION_FLIP,"In general, to express the number $0.\overline{n}$ as a fraction, we call it $x$ and subtract it from $10x$: $$\begin{array}{r r c r@{}l}
&10x &=& n&.nnnnn\ldots \\
- &x &=& 0&.nnnnn\ldots \\
\hline
&9x &=& n &
\end{array}$$ This shows that $0.\overline{n} = \frac{n}{9}$.","In general, to express the number $0.\overline{n}$ as a fraction, we call it $x$ and subtract it from $10x$: $$\begin{array}{r r c r@{}l}
&10x &=& n&.nnnnn\ldots \\
- &x &=& 0&.nnnnn\ldots \\
\hline
&9x &=& n &
\end{array}$$ This shows that $0.\overline{n} = \frac{9}{n}$.",VERIFIED_INVALID,Deterministic Operator AST Verifier,"Numerator/denominator flipped (n/9 -> 9/n), altering fraction value.",VALID_REFERENCE_STEP,MATHEMATICALLY_INVALID,PASSED,"Numerator/denominator flipped (n/9 -> 9/n), altering fraction value."
pair_math500_236,math500_236,OP_FRACTION_FLIP,"We can write
\begin{align*}
\frac{1}{\cos^2 10^\circ} &= \frac{2}{1 + \cos 20^\circ} \\
&= \frac{2 (1 - \cos 20^\circ)}{(1 + \cos 20^\circ)(1 - \cos 20^\circ)} \\
&= \frac{2 (1 - \cos 20^\circ)}{1 - \cos^2 20^\circ} \\
&= \frac{2 - 2 \cos 20^\circ}{\sin^2 20^\circ},
\end{align*}so
\begin{align*}
\frac{1}{\cos^2 10^\circ} + \frac{1}{\sin^2 20^\circ} + \frac{1}{\sin^2 40^\circ} &= \frac{2 - 2 \cos 20^\circ}{\sin^2 20^\circ} + \frac{1}{\sin^2 20^\circ} + \frac{1}{\sin^2 40^\circ} \\
&= \frac{3 - 2 \cos 20^\circ}{\sin^2 20^\circ} + \frac{1}{\sin^2 40^\circ} \\
&= \frac{4 \cos^2 20^\circ (3 - 2 \cos 20^\circ)}{4 \sin^2 20^\circ \cos^2 20^\circ} + \frac{1}{\sin^2 40^\circ} \\
&= \frac{12 \cos^2 20^\circ - 8 \cos^3 20^\circ}{\sin^2 40^\circ} + \frac{1}{\sin^2 40^\circ} \\
&= \frac{12 \cos^2 20^\circ - 8 \cos^3 20^\circ + 1}{\sin^2 40^\circ}.
\end{align*}By the triple angle formula,
\begin{align*}
\frac{1}{2} &= \cos 60^\circ \\
&= \cos (3 \cdot 20^\circ) \\
&= 4 \cos^3 20^\circ - 3 \cos 20^\circ,
\end{align*}which means $8 \cos^3 20^\circ = 6 \cos 20^\circ + 1.$  Hence,
\begin{align*}
\frac{12 \cos^2 20^\circ - 8 \cos^3 20^\circ + 1}{\sin^2 40^\circ} &= \frac{12 \cos^2 20^\circ - 6 \cos 20^\circ}{\sin^2 40^\circ} \\
&= \frac{12 \cos^2 20^\circ - 6 \cos 20^\circ}{4 \sin^2 20^\circ \cos^2 20^\circ} \\
&= \frac{12 \cos 20^\circ - 6}{4 \sin^2 20^\circ \cos 20^\circ} \\
&= \frac{12 \cos 20^\circ - 6}{4 (1 - \cos^2 20^\circ) \cos 20^\circ} \\
&= \frac{12 \cos 20^\circ - 6}{4 \cos 20^\circ - 4 \cos^3 20^\circ} \\
&= \frac{12 \cos 20^\circ - 6}{4 \cos 20^\circ - 3 \cos 20^\circ - \frac{1}{2}} \\
&= \frac{12 \cos 20^\circ - 6}{\cos 20^\circ - \frac{1}{2}} \\
&= \boxed{12}.
\end{align*}","We can write
\begin{align*}
\frac{\cos^2 10^\circ}{1} &= \frac{2}{1 + \cos 20^\circ} \\
&= \frac{2 (1 - \cos 20^\circ)}{(1 + \cos 20^\circ)(1 - \cos 20^\circ)} \\
&= \frac{2 (1 - \cos 20^\circ)}{1 - \cos^2 20^\circ} \\
&= \frac{2 - 2 \cos 20^\circ}{\sin^2 20^\circ},
\end{align*}so
\begin{align*}
\frac{1}{\cos^2 10^\circ} + \frac{1}{\sin^2 20^\circ} + \frac{1}{\sin^2 40^\circ} &= \frac{2 - 2 \cos 20^\circ}{\sin^2 20^\circ} + \frac{1}{\sin^2 20^\circ} + \frac{1}{\sin^2 40^\circ} \\
&= \frac{3 - 2 \cos 20^\circ}{\sin^2 20^\circ} + \frac{1}{\sin^2 40^\circ} \\
&= \frac{4 \cos^2 20^\circ (3 - 2 \cos 20^\circ)}{4 \sin^2 20^\circ \cos^2 20^\circ} + \frac{1}{\sin^2 40^\circ} \\
&= \frac{12 \cos^2 20^\circ - 8 \cos^3 20^\circ}{\sin^2 40^\circ} + \frac{1}{\sin^2 40^\circ} \\
&= \frac{12 \cos^2 20^\circ - 8 \cos^3 20^\circ + 1}{\sin^2 40^\circ}.
\end{align*}By the triple angle formula,
\begin{align*}
\frac{1}{2} &= \cos 60^\circ \\
&= \cos (3 \cdot 20^\circ) \\
&= 4 \cos^3 20^\circ - 3 \cos 20^\circ,
\end{align*}which means $8 \cos^3 20^\circ = 6 \cos 20^\circ + 1.$  Hence,
\begin{align*}
\frac{12 \cos^2 20^\circ - 8 \cos^3 20^\circ + 1}{\sin^2 40^\circ} &= \frac{12 \cos^2 20^\circ - 6 \cos 20^\circ}{\sin^2 40^\circ} \\
&= \frac{12 \cos^2 20^\circ - 6 \cos 20^\circ}{4 \sin^2 20^\circ \cos^2 20^\circ} \\
&= \frac{12 \cos 20^\circ - 6}{4 \sin^2 20^\circ \cos 20^\circ} \\
&= \frac{12 \cos 20^\circ - 6}{4 (1 - \cos^2 20^\circ) \cos 20^\circ} \\
&= \frac{12 \cos 20^\circ - 6}{4 \cos 20^\circ - 4 \cos^3 20^\circ} \\
&= \frac{12 \cos 20^\circ - 6}{4 \cos 20^\circ - 3 \cos 20^\circ - \frac{1}{2}} \\
&= \frac{12 \cos 20^\circ - 6}{\cos 20^\circ - \frac{1}{2}} \\
&= \boxed{12}.
\end{align*}",VERIFIED_INVALID,Deterministic Operator AST Verifier,"Numerator/denominator flipped (1/\cos^2 10^\circ -> \cos^2 10^\circ/1), altering fraction value.",VALID_REFERENCE_STEP,MATHEMATICALLY_INVALID,PASSED,"Numerator/denominator flipped (1/\cos^2 10^\circ -> \cos^2 10^\circ/1), altering fraction value."
pair_math500_237,math500_237,OP_FRACTION_FLIP,"Multiplying all three equations, we get $x^2 y^2 z^2 = 82944.$  Since $x,$$y,$ and $z$ are positive, $xyz = \sqrt{82944} = 288.$  Then
\begin{align*}
x &= \frac{xyz}{yz} = \frac{288}{72} = 4, \\
y &= \frac{xyz}{xz} = \frac{288}{48} = 6, \\
z &= \frac{xyz}{xy} = \frac{288}{24} = 12.
\end{align*}Hence, $x + y + z = \boxed{22}.$","Multiplying all three equations, we get $x^2 y^2 z^2 = 82944.$  Since $x,$$y,$ and $z$ are positive, $xyz = \sqrt{82944} = 288.$  Then
\begin{align*}
x &= \frac{yz}{xyz} = \frac{288}{72} = 4, \\
y &= \frac{xyz}{xz} = \frac{288}{48} = 6, \\
z &= \frac{xyz}{xy} = \frac{288}{24} = 12.
\end{align*}Hence, $x + y + z = \boxed{22}.$",VERIFIED_INVALID,Deterministic Operator AST Verifier,"Numerator/denominator flipped (xyz/yz -> yz/xyz), altering fraction value.",VALID_REFERENCE_STEP,MATHEMATICALLY_INVALID,PASSED,"Numerator/denominator flipped (xyz/yz -> yz/xyz), altering fraction value."
pair_math500_238,math500_238,OP_CONSTANT_PERTURB,"\begin{align*}
0=x^2+3x-4=(x+4)(x-1)&\Rightarrow x=-4\text{ or }x=1\\
0=x^2+9x+20=(x+4)(x+5)&\Rightarrow x=-4\text{ or }x=-5
\end{align*}","\begin{align*}
1=x^2+3x-4=(x+4)(x-1)&\Rightarrow x=-4\text{ or }x=1\\
0=x^2+9x+20=(x+4)(x+5)&\Rightarrow x=-4\text{ or }x=-5
\end{align*}",VERIFIED_INVALID,Deterministic Operator AST Verifier,"Numerical constant perturbed (0 -> 1), contradicting reference solution.",VALID_REFERENCE_STEP,MATHEMATICALLY_INVALID,PASSED,"Numerical constant perturbed (0 -> 1), contradicting reference solution."
pair_math500_239,math500_239,OP_CONSTANT_PERTURB,"Two vertices of the first parallelogram are at $(0,c)$ and $(0,d)$.","Two vertices of the first parallelogram are at $(1,c)$ and $(0,d)$.",VERIFIED_INVALID,Deterministic Operator AST Verifier,"Numerical constant perturbed (0 -> 1), contradicting reference solution.",VALID_REFERENCE_STEP,MATHEMATICALLY_INVALID,PASSED,"Numerical constant perturbed (0 -> 1), contradicting reference solution."
pair_math500_240,math500_240,OP_CONSTANT_PERTURB,"Since $PT$ and $RQ$ are parallel, then $2x^\circ=128^\circ,$ so $x=64,$ so $\angle TPQ=64^\circ.$","Since $PT$ and $RQ$ are parallel, then $2x^\circ=129^\circ,$ so $x=64,$ so $\angle TPQ=64^\circ.$",VERIFIED_INVALID,Deterministic Operator AST Verifier,"Numerical constant perturbed (128 -> 129), contradicting reference solution.",VALID_REFERENCE_STEP,MATHEMATICALLY_INVALID,PASSED,"Numerical constant perturbed (128 -> 129), contradicting reference solution."
pair_math500_241,math500_241,OP_FRACTION_FLIP,"By the distance formula, we are trying to minimize $\sqrt{x^2+y^2}=\sqrt{x^2+\frac{1}{4}x^4-9x^2+81}$.","By the distance formula, we are trying to minimize $\sqrt{x^2+y^2}=\sqrt{x^2+\frac{4}{1}x^4-9x^2+81}$.",VERIFIED_INVALID,Deterministic Operator AST Verifier,"Numerator/denominator flipped (1/4 -> 4/1), altering fraction value.",VALID_REFERENCE_STEP,MATHEMATICALLY_INVALID,PASSED,"Numerator/denominator flipped (1/4 -> 4/1), altering fraction value."
pair_math500_242,math500_242,OP_CONSTANT_PERTURB,"Five years make sixty months, so interest will have been compounded 30 times.","Five years make sixty months, so interest will have been compounded 31 times.",VERIFIED_INVALID,Deterministic Operator AST Verifier,"Numerical constant perturbed (30 -> 31), contradicting reference solution.",VALID_REFERENCE_STEP,MATHEMATICALLY_INVALID,PASSED,"Numerical constant perturbed (30 -> 31), contradicting reference solution."
pair_math500_243,math500_243,OP_SIGN_FLIP,"By the triangle inequality, $1+3>n$ and $1+n>3$, or $2<n<4$.","By the triangle inequality, $1-3>n$ and $1+n>3$, or $2<n<4$.",VERIFIED_INVALID,Deterministic Operator AST Verifier,"Arithmetic sign flipped (+ <-> -), altering algebraic expression value.",VALID_REFERENCE_STEP,MATHEMATICALLY_INVALID,PASSED,"Arithmetic sign flipped (+ <-> -), altering algebraic expression value."
pair_math500_244,math500_244,OP_SIGN_FLIP,"The sum of the interior angles in any $n$-sided polygon is $180(n-2)$ degrees, so the angle measures in a polygon with 7 sides sum to $180(7-2) = 900$ degrees, which means that the desired polygon has more than 7 sides.","The sum of the interior angles in any $n$+sided polygon is $180(n-2)$ degrees, so the angle measures in a polygon with 7 sides sum to $180(7-2) = 900$ degrees, which means that the desired polygon has more than 7 sides.",VERIFIED_INVALID,Deterministic Operator AST Verifier,"Arithmetic sign flipped (+ <-> -), altering algebraic expression value.",VALID_REFERENCE_STEP,MATHEMATICALLY_INVALID,PASSED,"Arithmetic sign flipped (+ <-> -), altering algebraic expression value."
pair_math500_245,math500_245,OP_SIGN_FLIP,"We have
$$f(x) = q(x)(x^2-1) + r(x),$$where $q(x)$ is the quotient and $r(x)$ is the remainder.","We have
$$f(x) = q(x)(x^2-1) - r(x),$$where $q(x)$ is the quotient and $r(x)$ is the remainder.",VERIFIED_INVALID,Deterministic Operator AST Verifier,"Arithmetic sign flipped (+ <-> -), altering algebraic expression value.",VALID_REFERENCE_STEP,MATHEMATICALLY_INVALID,PASSED,"Arithmetic sign flipped (+ <-> -), altering algebraic expression value."
pair_math500_246,math500_246,OP_FRACTION_FLIP,"If 12 people order $\frac{18}{12}=1\frac{1}{2}$ times too much food, they should have ordered $\frac{12}{\frac{3}{2}}=\frac{2}{3}\times 12=\boxed{8}$ meals.","If 12 people order $\frac{12}{18}=1\frac{1}{2}$ times too much food, they should have ordered $\frac{12}{\frac{3}{2}}=\frac{2}{3}\times 12=\boxed{8}$ meals.",VERIFIED_INVALID,Deterministic Operator AST Verifier,"Numerator/denominator flipped (18/12 -> 12/18), altering fraction value.",VALID_REFERENCE_STEP,MATHEMATICALLY_INVALID,PASSED,"Numerator/denominator flipped (18/12 -> 12/18), altering fraction value."
pair_math500_247,math500_247,OP_SIGN_FLIP,"Because $p(x)$ has integer coefficients (in particular, because it has rational coefficients), the other root of $p(x)$ must be the radical conjugate of $4-\sqrt{11},$ which is $4+\sqrt{11}.$ Then, $p(x)$ must take the form","Because $p(x)$ has integer coefficients (in particular, because it has rational coefficients), the other root of $p(x)$ must be the radical conjugate of $4-\sqrt{11},$ which is $4-\sqrt{11}.$ Then, $p(x)$ must take the form",VERIFIED_INVALID,Deterministic Operator AST Verifier,"Arithmetic sign flipped (+ <-> -), altering algebraic expression value.",VALID_REFERENCE_STEP,MATHEMATICALLY_INVALID,PASSED,"Arithmetic sign flipped (+ <-> -), altering algebraic expression value."
pair_math500_248,math500_248,OP_SIGN_FLIP,\[\mathbf{A}^2 = \begin{pmatrix} 2 & 7 \\ -1 & -3 \end{pmatrix}\],\[\mathbf{A}^2 = \begin{pmatrix} 2 & 7 \\ +1 & -3 \end{pmatrix}\],VERIFIED_INVALID,Deterministic Operator AST Verifier,"Arithmetic sign flipped (+ <-> -), altering algebraic expression value.",VALID_REFERENCE_STEP,MATHEMATICALLY_INVALID,PASSED,"Arithmetic sign flipped (+ <-> -), altering algebraic expression value."
pair_math500_249,math500_249,OP_SIGN_FLIP,We could find the answer by trial and error -- testing each candidate $t$ to see if $t\cdot (t+2)\equiv 1\pmod{23}$.,We could find the answer by trial and error -- testing each candidate $t$ to see if $t\cdot (t-2)\equiv 1\pmod{23}$.,VERIFIED_INVALID,Deterministic Operator AST Verifier,"Arithmetic sign flipped (+ <-> -), altering algebraic expression value.",VALID_REFERENCE_STEP,MATHEMATICALLY_INVALID,PASSED,"Arithmetic sign flipped (+ <-> -), altering algebraic expression value."
pair_math500_250,math500_250,OP_SIGN_FLIP,We can find the $x$-intercept by setting $y=0$ in the equation.,We can find the $x$+intercept by setting $y=0$ in the equation.,VERIFIED_INVALID,Deterministic Operator AST Verifier,"Arithmetic sign flipped (+ <-> -), altering algebraic expression value.",VALID_REFERENCE_STEP,MATHEMATICALLY_INVALID,PASSED,"Arithmetic sign flipped (+ <-> -), altering algebraic expression value."
pair_math500_251,math500_251,OP_CONSTANT_PERTURB,"We count the number of ways that some lane can be left empty, and subtract from the total number, $3^6=729$ because each driver has three choices.","We count the number of ways that some lane can be left empty, and subtract from the total number, $4^6=729$ because each driver has three choices.",VERIFIED_INVALID,Deterministic Operator AST Verifier,"Numerical constant perturbed (3 -> 4), contradicting reference solution.",VALID_REFERENCE_STEP,MATHEMATICALLY_INVALID,PASSED,"Numerical constant perturbed (3 -> 4), contradicting reference solution."
pair_math500_252,math500_252,OP_SIGN_FLIP,The graph of $y = 4(x + 7)(2 - x)$ is a parabola.,The graph of $y = 4(x - 7)(2 - x)$ is a parabola.,VERIFIED_INVALID,Deterministic Operator AST Verifier,"Arithmetic sign flipped (+ <-> -), altering algebraic expression value.",VALID_REFERENCE_STEP,MATHEMATICALLY_INVALID,PASSED,"Arithmetic sign flipped (+ <-> -), altering algebraic expression value."
pair_math500_253,math500_253,OP_FRACTION_FLIP,"Since 2 feet is $2\cdot12=24$ inches, 3 inches is $3/24=\boxed{\frac{1}{8}}$ of 2 feet.","Since 2 feet is $2\cdot12=24$ inches, 3 inches is $3/24=\boxed{\frac{8}{1}}$ of 2 feet.",VERIFIED_INVALID,Deterministic Operator AST Verifier,"Numerator/denominator flipped (1/8 -> 8/1), altering fraction value.",VALID_REFERENCE_STEP,MATHEMATICALLY_INVALID,PASSED,"Numerator/denominator flipped (1/8 -> 8/1), altering fraction value."
pair_math500_254,math500_254,OP_CONSTANT_PERTURB,"\[
0,0,6;\ 0,1,5;\ 0,2,4;\ 0,3,3;\ 1,1,4;\ 1,2,3;\ \ \text{and}\ 2,2,2.
\]","\[
1,0,6;\ 0,1,5;\ 0,2,4;\ 0,3,3;\ 1,1,4;\ 1,2,3;\ \ \text{and}\ 2,2,2.
\]",VERIFIED_INVALID,Deterministic Operator AST Verifier,"Numerical constant perturbed (0 -> 1), contradicting reference solution.",VALID_REFERENCE_STEP,MATHEMATICALLY_INVALID,PASSED,"Numerical constant perturbed (0 -> 1), contradicting reference solution."
pair_math500_255,math500_255,OP_CONSTANT_PERTURB,"From $r^2 \cos 2 \theta = 4,$","From $r^3 \cos 2 \theta = 4,$",VERIFIED_INVALID,Deterministic Operator AST Verifier,"Numerical constant perturbed (2 -> 3), contradicting reference solution.",VALID_REFERENCE_STEP,MATHEMATICALLY_INVALID,PASSED,"Numerical constant perturbed (2 -> 3), contradicting reference solution."
pair_math500_256,math500_256,OP_FRACTION_FLIP,"We get $$\frac{1}{5}\cdot \frac{8}{7}\div \frac{12}{20}=\frac{1}{5}\cdot \frac{8}{7}\cdot \frac{20}{12}.$$Now, notice that $5$ and $20$ have a common factor of $5$.","We get $$\frac{5}{1}\cdot \frac{8}{7}\div \frac{12}{20}=\frac{1}{5}\cdot \frac{8}{7}\cdot \frac{20}{12}.$$Now, notice that $5$ and $20$ have a common factor of $5$.",VERIFIED_INVALID,Deterministic Operator AST Verifier,"Numerator/denominator flipped (1/5 -> 5/1), altering fraction value.",VALID_REFERENCE_STEP,MATHEMATICALLY_INVALID,PASSED,"Numerator/denominator flipped (1/5 -> 5/1), altering fraction value."
pair_math500_257,math500_257,OP_CONSTANT_PERTURB,Recall that  $$1 \mbox{ foot} = 12 \mbox{ inches}$$,Recall that  $$2 \mbox{ foot} = 12 \mbox{ inches}$$,VERIFIED_INVALID,Deterministic Operator AST Verifier,"Numerical constant perturbed (1 -> 2), contradicting reference solution.",VALID_REFERENCE_STEP,MATHEMATICALLY_INVALID,PASSED,"Numerical constant perturbed (1 -> 2), contradicting reference solution."
pair_math500_258,math500_258,OP_CONSTANT_PERTURB,"We are given that the ratio of blue to yellow is 4:3, so $\dfrac{x}{y}=\dfrac{4}{3}$.","We are given that the ratio of blue to yellow is 5:3, so $\dfrac{x}{y}=\dfrac{4}{3}$.",VERIFIED_INVALID,Deterministic Operator AST Verifier,"Numerical constant perturbed (4 -> 5), contradicting reference solution.",VALID_REFERENCE_STEP,MATHEMATICALLY_INVALID,PASSED,"Numerical constant perturbed (4 -> 5), contradicting reference solution."
pair_math500_259,math500_259,OP_SIGN_FLIP,"The radical conjugate of this number is $5-\sqrt{3},$ so the product of the two numbers is","The radical conjugate of this number is $5+\sqrt{3},$ so the product of the two numbers is",VERIFIED_INVALID,Deterministic Operator AST Verifier,"Arithmetic sign flipped (+ <-> -), altering algebraic expression value.",VALID_REFERENCE_STEP,MATHEMATICALLY_INVALID,PASSED,"Arithmetic sign flipped (+ <-> -), altering algebraic expression value."
pair_math500_260,math500_260,OP_CONSTANT_PERTURB,"From the distance formula, we compute that $AB = 3 \sqrt{6},$ $AC = 9 \sqrt{2},$ and $BC = 3 \sqrt{6}.$  Then from the Law of Cosines,","From the distance formula, we compute that $AB = 4 \sqrt{6},$ $AC = 9 \sqrt{2},$ and $BC = 3 \sqrt{6}.$  Then from the Law of Cosines,",VERIFIED_INVALID,Deterministic Operator AST Verifier,"Numerical constant perturbed (3 -> 4), contradicting reference solution.",VALID_REFERENCE_STEP,MATHEMATICALLY_INVALID,PASSED,"Numerical constant perturbed (3 -> 4), contradicting reference solution."
pair_math500_261,math500_261,OP_SIGN_FLIP,"If $AB$ is a diameter, that means the triangle must have a right angle at $C.$ Therefore, we have that \begin{align*}
\angle B &= 180^\circ - (\angle A + \angle C) \\
&= 180^\circ - (14^\circ + 90^\circ) = \boxed{76^\circ}.
\end{align*}","If $AB$ is a diameter, that means the triangle must have a right angle at $C.$ Therefore, we have that \begin{align*}
\angle B &= 180^\circ - (\angle A - \angle C) \\
&= 180^\circ - (14^\circ + 90^\circ) = \boxed{76^\circ}.
\end{align*}",VERIFIED_INVALID,Deterministic Operator AST Verifier,"Arithmetic sign flipped (+ <-> -), altering algebraic expression value.",VALID_REFERENCE_STEP,MATHEMATICALLY_INVALID,PASSED,"Arithmetic sign flipped (+ <-> -), altering algebraic expression value."
pair_math500_262,math500_262,OP_SIGN_FLIP,"Since $10^x - 10 = 9990,$ we have $$10^x = 9990+10=10000.$$If $10^x = 10000,$ then $x=\boxed{4},$ since $10000$ ends in four zeroes.","Since $10^x - 10 = 9990,$ we have $$10^x = 9990-10=10000.$$If $10^x = 10000,$ then $x=\boxed{4},$ since $10000$ ends in four zeroes.",VERIFIED_INVALID,Deterministic Operator AST Verifier,"Arithmetic sign flipped (+ <-> -), altering algebraic expression value.",VALID_REFERENCE_STEP,MATHEMATICALLY_INVALID,PASSED,"Arithmetic sign flipped (+ <-> -), altering algebraic expression value."
pair_math500_263,math500_263,OP_FRACTION_FLIP,The measure of an interior angle of a regular $n$-gon is $\frac{180(n-2)}{n}$ degrees and the measure of an exterior angle is $\frac{360}{n}$ degrees.,The measure of an interior angle of a regular $n$-gon is $\frac{n}{180(n-2)}$ degrees and the measure of an exterior angle is $\frac{360}{n}$ degrees.,VERIFIED_INVALID,Deterministic Operator AST Verifier,"Numerator/denominator flipped (180(n-2)/n -> n/180(n-2)), altering fraction value.",VALID_REFERENCE_STEP,MATHEMATICALLY_INVALID,PASSED,"Numerator/denominator flipped (180(n-2)/n -> n/180(n-2)), altering fraction value."
pair_math500_264,math500_264,OP_SIGN_FLIP,Observe that $BD=\sqrt{BE^2-DE^2}=\sqrt{5^2-3^2}=4$ units.,Observe that $BD=\sqrt{BE^2+DE^2}=\sqrt{5^2-3^2}=4$ units.,VERIFIED_INVALID,Deterministic Operator AST Verifier,"Arithmetic sign flipped (+ <-> -), altering algebraic expression value.",VALID_REFERENCE_STEP,MATHEMATICALLY_INVALID,PASSED,"Arithmetic sign flipped (+ <-> -), altering algebraic expression value."
pair_math500_265,math500_265,OP_CONSTANT_PERTURB,"The sequence of odd numbers 1, 3, 5, 7, and so on, is an arithmetic sequence, with common difference 2.","The sequence of odd numbers 2, 3, 5, 7, and so on, is an arithmetic sequence, with common difference 2.",VERIFIED_INVALID,Deterministic Operator AST Verifier,"Numerical constant perturbed (1 -> 2), contradicting reference solution.",VALID_REFERENCE_STEP,MATHEMATICALLY_INVALID,PASSED,"Numerical constant perturbed (1 -> 2), contradicting reference solution."
pair_math500_266,math500_266,OP_CONSTANT_PERTURB,There are 100 numbers possible between 1 and 100.,There are 101 numbers possible between 1 and 100.,VERIFIED_INVALID,Deterministic Operator AST Verifier,"Numerical constant perturbed (100 -> 101), contradicting reference solution.",VALID_REFERENCE_STEP,MATHEMATICALLY_INVALID,PASSED,"Numerical constant perturbed (100 -> 101), contradicting reference solution."
pair_math500_267,math500_267,OP_CONSTANT_PERTURB,"Since $\overline{OH}$ and $\overline{NH}$ are tangent to radii of the circle at $O$ and $N$, we have $\angle O =\angle N = 90^\circ$.","Since $\overline{OH}$ and $\overline{NH}$ are tangent to radii of the circle at $O$ and $N$, we have $\angle O =\angle N = 91^\circ$.",VERIFIED_INVALID,Deterministic Operator AST Verifier,"Numerical constant perturbed (90 -> 91), contradicting reference solution.",VALID_REFERENCE_STEP,MATHEMATICALLY_INVALID,PASSED,"Numerical constant perturbed (90 -> 91), contradicting reference solution."
pair_math500_269,math500_269,OP_CONSTANT_PERTURB,There are 4 slots in the row.,There are 5 slots in the row.,VERIFIED_INVALID,Deterministic Operator AST Verifier,"Numerical constant perturbed (4 -> 5), contradicting reference solution.",VALID_REFERENCE_STEP,MATHEMATICALLY_INVALID,PASSED,"Numerical constant perturbed (4 -> 5), contradicting reference solution."
pair_math500_270,math500_270,OP_CONSTANT_PERTURB,"Susan bought $4$ tickets with $25\%$ discount: $$4 \times \$20 = \$80.$$With a $25$ percent discount, she paid $\$80 * .75 = \$60.$","Susan bought $5$ tickets with $25\%$ discount: $$4 \times \$20 = \$80.$$With a $25$ percent discount, she paid $\$80 * .75 = \$60.$",VERIFIED_INVALID,Deterministic Operator AST Verifier,"Numerical constant perturbed (4 -> 5), contradicting reference solution.",VALID_REFERENCE_STEP,MATHEMATICALLY_INVALID,PASSED,"Numerical constant perturbed (4 -> 5), contradicting reference solution."
pair_math500_271,math500_271,OP_SIGN_FLIP,"We note that $$997\equiv -3\pmod{1000},$$and $$(-3)\cdot 333 = -999 = -1000+1\equiv 1\pmod{1000}.$$Therefore, $$997\cdot 333\equiv 1\pmod{1000},$$and the inverse of $997$ modulo $1000$ is $\boxed{333}$.","We note that $$997\equiv -3\pmod{1000},$$and $$(-3)\cdot 333 = -999 = -1000-1\equiv 1\pmod{1000}.$$Therefore, $$997\cdot 333\equiv 1\pmod{1000},$$and the inverse of $997$ modulo $1000$ is $\boxed{333}$.",VERIFIED_INVALID,Deterministic Operator AST Verifier,"Arithmetic sign flipped (+ <-> -), altering algebraic expression value.",VALID_REFERENCE_STEP,MATHEMATICALLY_INVALID,PASSED,"Arithmetic sign flipped (+ <-> -), altering algebraic expression value."
pair_math500_272,math500_272,OP_CONSTANT_PERTURB,"Let $x = 0.\overline{1331}$, so $10000x = 1331.\overline{1331}$.","Let $x = 1.\overline{1331}$, so $10000x = 1331.\overline{1331}$.",VERIFIED_INVALID,Deterministic Operator AST Verifier,"Numerical constant perturbed (0 -> 1), contradicting reference solution.",VALID_REFERENCE_STEP,MATHEMATICALLY_INVALID,PASSED,"Numerical constant perturbed (0 -> 1), contradicting reference solution."
pair_math500_274,math500_274,OP_CONSTANT_PERTURB,"We can split the portion of $S$ that is outside the nonagon into 9 rectangles and 9 circle sectors, thereby breaking the perimeter of $S$ into alternating straight lines (colored blue above) and curved arcs (colored red above).","We can split the portion of $S$ that is outside the nonagon into 10 rectangles and 9 circle sectors, thereby breaking the perimeter of $S$ into alternating straight lines (colored blue above) and curved arcs (colored red above).",VERIFIED_INVALID,Deterministic Operator AST Verifier,"Numerical constant perturbed (9 -> 10), contradicting reference solution.",VALID_REFERENCE_STEP,MATHEMATICALLY_INVALID,PASSED,"Numerical constant perturbed (9 -> 10), contradicting reference solution."
pair_math500_275,math500_275,OP_SIGN_FLIP,"We have $f(5) = 2(5) -3 = 7$, so $g(f(5)-1) = g(7-1) = g(6) = 6+1 = \boxed{7}$.","We have $f(5) = 2(5) -3 = 7$, so $g(f(5)-1) = g(7-1) = g(6) = 6-1 = \boxed{7}$.",VERIFIED_INVALID,Deterministic Operator AST Verifier,"Arithmetic sign flipped (+ <-> -), altering algebraic expression value.",VALID_REFERENCE_STEP,MATHEMATICALLY_INVALID,PASSED,"Arithmetic sign flipped (+ <-> -), altering algebraic expression value."
pair_math500_276,math500_276,OP_SIGN_FLIP,Suppose that  $k = \sqrt{120 - \sqrt{x}}$ is an integer.,Suppose that  $k = \sqrt{120 + \sqrt{x}}$ is an integer.,VERIFIED_INVALID,Deterministic Operator AST Verifier,"Arithmetic sign flipped (+ <-> -), altering algebraic expression value.",VALID_REFERENCE_STEP,MATHEMATICALLY_INVALID,PASSED,"Arithmetic sign flipped (+ <-> -), altering algebraic expression value."
pair_math500_277,math500_277,OP_CONSTANT_PERTURB,"Since 53 is prime, $\boxed{\sqrt{53}}$ is already in simplest radical form.","Since 54 is prime, $\boxed{\sqrt{53}}$ is already in simplest radical form.",VERIFIED_INVALID,Deterministic Operator AST Verifier,"Numerical constant perturbed (53 -> 54), contradicting reference solution.",VALID_REFERENCE_STEP,MATHEMATICALLY_INVALID,PASSED,"Numerical constant perturbed (53 -> 54), contradicting reference solution."
pair_math500_278,math500_278,OP_SIGN_FLIP,"The largest eight-digit base 2 integer is 1 less than the smallest nine-digit base 2 integer, which is $$ 100000000_{2} = 1 \cdot 2^8 = 256. $$Thus, the largest eight-digit base 2 integer is $256 - 1 = \boxed{255}$.","The largest eight+digit base 2 integer is 1 less than the smallest nine-digit base 2 integer, which is $$ 100000000_{2} = 1 \cdot 2^8 = 256. $$Thus, the largest eight-digit base 2 integer is $256 - 1 = \boxed{255}$.",VERIFIED_INVALID,Deterministic Operator AST Verifier,"Arithmetic sign flipped (+ <-> -), altering algebraic expression value.",VALID_REFERENCE_STEP,MATHEMATICALLY_INVALID,PASSED,"Arithmetic sign flipped (+ <-> -), altering algebraic expression value."
pair_math500_279,math500_279,OP_CONSTANT_PERTURB,The area of the inside circle (region $X$) is $\pi\cdot 4^2=16\pi.$,The area of the inside circle (region $X$) is $\pi\cdot 5^2=16\pi.$,VERIFIED_INVALID,Deterministic Operator AST Verifier,"Numerical constant perturbed (4 -> 5), contradicting reference solution.",VALID_REFERENCE_STEP,MATHEMATICALLY_INVALID,PASSED,"Numerical constant perturbed (4 -> 5), contradicting reference solution."
pair_math500_280,math500_280,OP_SIGN_FLIP,"Distributing and combining like terms, we have $a(2a+b)-2a^2+ab=2a^2+ab-2a^2+ab=2ab$.","Distributing and combining like terms, we have $a(2a-b)-2a^2+ab=2a^2+ab-2a^2+ab=2ab$.",VERIFIED_INVALID,Deterministic Operator AST Verifier,"Arithmetic sign flipped (+ <-> -), altering algebraic expression value.",VALID_REFERENCE_STEP,MATHEMATICALLY_INVALID,PASSED,"Arithmetic sign flipped (+ <-> -), altering algebraic expression value."
pair_math500_281,math500_281,OP_SIGN_FLIP,"The sum of the angle measures in a pentagon is $180(5-2) = 540$ degrees, so each of the interior angles of regular pentagon $FGHIJ$ has measure $540^\circ / 5 = 108^\circ$.","The sum of the angle measures in a pentagon is $180(5+2) = 540$ degrees, so each of the interior angles of regular pentagon $FGHIJ$ has measure $540^\circ / 5 = 108^\circ$.",VERIFIED_INVALID,Deterministic Operator AST Verifier,"Arithmetic sign flipped (+ <-> -), altering algebraic expression value.",VALID_REFERENCE_STEP,MATHEMATICALLY_INVALID,PASSED,"Arithmetic sign flipped (+ <-> -), altering algebraic expression value."
pair_math500_282,math500_282,OP_CONSTANT_PERTURB,"Continuing this sequence from the 27, we add four to make 31, then multiply 31 by four to make 124, then add five to 124 to make 129.","Continuing this sequence from the 28, we add four to make 31, then multiply 31 by four to make 124, then add five to 124 to make 129.",VERIFIED_INVALID,Deterministic Operator AST Verifier,"Numerical constant perturbed (27 -> 28), contradicting reference solution.",VALID_REFERENCE_STEP,MATHEMATICALLY_INVALID,PASSED,"Numerical constant perturbed (27 -> 28), contradicting reference solution."
pair_math500_283,math500_283,OP_CONSTANT_PERTURB,First we convert $4\dfrac{5}{8}$ into an improper fraction:,First we convert $5\dfrac{5}{8}$ into an improper fraction:,VERIFIED_INVALID,Deterministic Operator AST Verifier,"Numerical constant perturbed (4 -> 5), contradicting reference solution.",VALID_REFERENCE_STEP,MATHEMATICALLY_INVALID,PASSED,"Numerical constant perturbed (4 -> 5), contradicting reference solution."
pair_math500_284,math500_284,OP_FRACTION_FLIP,"Since $\cot^{-1} \left( \frac{1}{x} \right) = \tan^{-1} x$ for all $x,$ we can write","Since $\cot^{-1} \left( \frac{x}{1} \right) = \tan^{-1} x$ for all $x,$ we can write",VERIFIED_INVALID,Deterministic Operator AST Verifier,"Numerator/denominator flipped (1/x -> x/1), altering fraction value.",VALID_REFERENCE_STEP,MATHEMATICALLY_INVALID,PASSED,"Numerator/denominator flipped (1/x -> x/1), altering fraction value."
pair_math500_286,math500_286,OP_FRACTION_FLIP,"For a triangle with side lengths $a,$ $b,$ $c,$ let $s = \frac{a + b + c}{2},$ and let
\begin{align*}
x &= s - a = \frac{-a + b + c}{2}, \\
y &= s - b = \frac{a - b + c}{2}, \\
z &= s - c = \frac{a + b - c}{2}.
\end{align*}By the Triangle Inequality, $x,$ $y,$ and $z$ are all positive.  (This technique is often referred to as the Ravi Substitution.)  Note that
\begin{align*}
a &= y + z, \\
b &= x + z, \\
c &= x + y.
\end{align*}If $s$ is even, then $x,$ $y,$ and $z$ are all positive integers.","For a triangle with side lengths $a,$ $b,$ $c,$ let $s = \frac{2}{a + b + c},$ and let
\begin{align*}
x &= s - a = \frac{-a + b + c}{2}, \\
y &= s - b = \frac{a - b + c}{2}, \\
z &= s - c = \frac{a + b - c}{2}.
\end{align*}By the Triangle Inequality, $x,$ $y,$ and $z$ are all positive.  (This technique is often referred to as the Ravi Substitution.)  Note that
\begin{align*}
a &= y + z, \\
b &= x + z, \\
c &= x + y.
\end{align*}If $s$ is even, then $x,$ $y,$ and $z$ are all positive integers.",VERIFIED_INVALID,Deterministic Operator AST Verifier,"Numerator/denominator flipped (a + b + c/2 -> 2/a + b + c), altering fraction value.",VALID_REFERENCE_STEP,MATHEMATICALLY_INVALID,PASSED,"Numerator/denominator flipped (a + b + c/2 -> 2/a + b + c), altering fraction value."
pair_math500_287,math500_287,OP_FRACTION_FLIP,"One gear turns $33\frac{1}{3}=100/3$ times in 60 seconds, so it turns 5/9 times in one second, or 5 times in 9 seconds.","One gear turns $33\frac{3}{1}=100/3$ times in 60 seconds, so it turns 5/9 times in one second, or 5 times in 9 seconds.",VERIFIED_INVALID,Deterministic Operator AST Verifier,"Numerator/denominator flipped (1/3 -> 3/1), altering fraction value.",VALID_REFERENCE_STEP,MATHEMATICALLY_INVALID,PASSED,"Numerator/denominator flipped (1/3 -> 3/1), altering fraction value."
pair_math500_288,math500_288,OP_SIGN_FLIP,"We see that $(3,-10,1)$ is a point on the first line.","We see that $(3,+10,1)$ is a point on the first line.",VERIFIED_INVALID,Deterministic Operator AST Verifier,"Arithmetic sign flipped (+ <-> -), altering algebraic expression value.",VALID_REFERENCE_STEP,MATHEMATICALLY_INVALID,PASSED,"Arithmetic sign flipped (+ <-> -), altering algebraic expression value."
pair_math500_289,math500_289,OP_SIGN_FLIP,"\[a + b + c + d \ge 4 \sqrt[4]{abcd},\]","\[a - b + c + d \ge 4 \sqrt[4]{abcd},\]",VERIFIED_INVALID,Deterministic Operator AST Verifier,"Arithmetic sign flipped (+ <-> -), altering algebraic expression value.",VALID_REFERENCE_STEP,MATHEMATICALLY_INVALID,PASSED,"Arithmetic sign flipped (+ <-> -), altering algebraic expression value."
pair_math500_290,math500_290,OP_FRACTION_FLIP,Factoring the quadratic on the left gives $$\frac{(2r-7)(3r+1)}{2r-7} = 4r-3.$$Canceling the common factor on the left gives $3r + 1 = 4r - 3$.,Factoring the quadratic on the left gives $$\frac{2r-7}{(2r-7)(3r+1)} = 4r-3.$$Canceling the common factor on the left gives $3r + 1 = 4r - 3$.,VERIFIED_INVALID,Deterministic Operator AST Verifier,"Numerator/denominator flipped ((2r-7)(3r+1)/2r-7 -> 2r-7/(2r-7)(3r+1)), altering fraction value.",VALID_REFERENCE_STEP,MATHEMATICALLY_INVALID,PASSED,"Numerator/denominator flipped ((2r-7)(3r+1)/2r-7 -> 2r-7/(2r-7)(3r+1)), altering fraction value."
pair_math500_291,math500_291,OP_CONSTANT_PERTURB,"The rectangular region is 10 units by 8 units, resulting in an 8 by 6 rectangular region in the interior, which forms a 9-by-7 array of lattice points.","The rectangular region is 11 units by 8 units, resulting in an 8 by 6 rectangular region in the interior, which forms a 9-by-7 array of lattice points.",VERIFIED_INVALID,Deterministic Operator AST Verifier,"Numerical constant perturbed (10 -> 11), contradicting reference solution.",VALID_REFERENCE_STEP,MATHEMATICALLY_INVALID,PASSED,"Numerical constant perturbed (10 -> 11), contradicting reference solution."
pair_math500_293,math500_293,OP_FRACTION_FLIP,"Adding $144$ to both sides of the first inequality, we get $$144\ge 54p,$$implying $$\frac{144}{54}\ge p.$$Reducing the fraction and switching the sides (along with the direction of the inequality), we get $p\le\frac{8}{3}$.","Adding $144$ to both sides of the first inequality, we get $$144\ge 54p,$$implying $$\frac{54}{144}\ge p.$$Reducing the fraction and switching the sides (along with the direction of the inequality), we get $p\le\frac{8}{3}$.",VERIFIED_INVALID,Deterministic Operator AST Verifier,"Numerator/denominator flipped (144/54 -> 54/144), altering fraction value.",VALID_REFERENCE_STEP,MATHEMATICALLY_INVALID,PASSED,"Numerator/denominator flipped (144/54 -> 54/144), altering fraction value."
pair_math500_294,math500_294,OP_SIGN_FLIP,"The sum of the set $\{n-1, n, n+1\}$ of three consecutive integers is $3n$.","The sum of the set $\{n-1, n, n-1\}$ of three consecutive integers is $3n$.",VERIFIED_INVALID,Deterministic Operator AST Verifier,"Arithmetic sign flipped (+ <-> -), altering algebraic expression value.",VALID_REFERENCE_STEP,MATHEMATICALLY_INVALID,PASSED,"Arithmetic sign flipped (+ <-> -), altering algebraic expression value."
pair_math500_295,math500_295,OP_SIGN_FLIP,"By the Binomial Theorem,
\begin{align*}
(z + i)^4 &= z^4 + 4z^3 i + 6z^2 i^2 + 4zi^3 + 1 \\
&= z^4 + 4iz^3 - 6z^2 - 4iz + 1.
\end{align*}So, if $z^4 + 4z^3 i - 6z^2 - 4zi - i = 0,$ then","By the Binomial Theorem,
\begin{align*}
(z - i)^4 &= z^4 + 4z^3 i + 6z^2 i^2 + 4zi^3 + 1 \\
&= z^4 + 4iz^3 - 6z^2 - 4iz + 1.
\end{align*}So, if $z^4 + 4z^3 i - 6z^2 - 4zi - i = 0,$ then",VERIFIED_INVALID,Deterministic Operator AST Verifier,"Arithmetic sign flipped (+ <-> -), altering algebraic expression value.",VALID_REFERENCE_STEP,MATHEMATICALLY_INVALID,PASSED,"Arithmetic sign flipped (+ <-> -), altering algebraic expression value."
pair_math500_296,math500_296,OP_CONSTANT_PERTURB,"Formally, first note that each of the values in parentheses is larger than $1$.","Formally, first note that each of the values in parentheses is larger than $2$.",VERIFIED_INVALID,Deterministic Operator AST Verifier,"Numerical constant perturbed (1 -> 2), contradicting reference solution.",VALID_REFERENCE_STEP,MATHEMATICALLY_INVALID,PASSED,"Numerical constant perturbed (1 -> 2), contradicting reference solution."
pair_math500_297,math500_297,OP_CONSTANT_PERTURB,We know that $2m\equiv 3\pmod 7\implies 8m \equiv 3\cdot 4\pmod 7\implies m\equiv 12\equiv 5\pmod 7$.,We know that $2m\equiv 4\pmod 7\implies 8m \equiv 3\cdot 4\pmod 7\implies m\equiv 12\equiv 5\pmod 7$.,VERIFIED_INVALID,Deterministic Operator AST Verifier,"Numerical constant perturbed (3 -> 4), contradicting reference solution.",VALID_REFERENCE_STEP,MATHEMATICALLY_INVALID,PASSED,"Numerical constant perturbed (3 -> 4), contradicting reference solution."
pair_math500_298,math500_298,OP_CONSTANT_PERTURB,"Expanding, we get
\begin{align*}
(2 \mathbf{b} - \mathbf{a}) \times (3 \mathbf{c} + \mathbf{a}) &= 6 \mathbf{b} \times \mathbf{c} + 2 \mathbf{b} \times \mathbf{a} - 3 \mathbf{a} \times \mathbf{c} - \mathbf{a} \times \mathbf{a} \\
&= 6 \mathbf{b} \times \mathbf{c} - 2 \mathbf{a} \times \mathbf{b} - 3 \mathbf{a} \times \mathbf{c} - \mathbf{0} \\
&= 6 \begin{pmatrix} 1 \\ - 7 \\ 18 \end{pmatrix} - 2 \begin{pmatrix} 6 \\ - 7 \\ 3 \end{pmatrix} - 3 \begin{pmatrix} 4 \\ 7 \\ 2 \end{pmatrix} \\
&= \boxed{\begin{pmatrix} -18 \\ -49 \\ 96 \end{pmatrix}}.
\end{align*}","Expanding, we get
\begin{align*}
(3 \mathbf{b} - \mathbf{a}) \times (3 \mathbf{c} + \mathbf{a}) &= 6 \mathbf{b} \times \mathbf{c} + 2 \mathbf{b} \times \mathbf{a} - 3 \mathbf{a} \times \mathbf{c} - \mathbf{a} \times \mathbf{a} \\
&= 6 \mathbf{b} \times \mathbf{c} - 2 \mathbf{a} \times \mathbf{b} - 3 \mathbf{a} \times \mathbf{c} - \mathbf{0} \\
&= 6 \begin{pmatrix} 1 \\ - 7 \\ 18 \end{pmatrix} - 2 \begin{pmatrix} 6 \\ - 7 \\ 3 \end{pmatrix} - 3 \begin{pmatrix} 4 \\ 7 \\ 2 \end{pmatrix} \\
&= \boxed{\begin{pmatrix} -18 \\ -49 \\ 96 \end{pmatrix}}.
\end{align*}",VERIFIED_INVALID,Deterministic Operator AST Verifier,"Numerical constant perturbed (2 -> 3), contradicting reference solution.",VALID_REFERENCE_STEP,MATHEMATICALLY_INVALID,PASSED,"Numerical constant perturbed (2 -> 3), contradicting reference solution."
pair_math500_299,math500_299,OP_SIGN_FLIP,The length of the rectangle is $5 - (-5) = 10$ units.,The length of the rectangle is $5 + (-5) = 10$ units.,VERIFIED_INVALID,Deterministic Operator AST Verifier,"Arithmetic sign flipped (+ <-> -), altering algebraic expression value.",VALID_REFERENCE_STEP,MATHEMATICALLY_INVALID,PASSED,"Arithmetic sign flipped (+ <-> -), altering algebraic expression value."
pair_math500_300,math500_300,OP_CONSTANT_PERTURB,"There are $\binom{4}{2} = 6$ pairs of circles, so there are at most $6\times 2 = 12$ points of intersection.","There are $\binom{5}{2} = 6$ pairs of circles, so there are at most $6\times 2 = 12$ points of intersection.",VERIFIED_INVALID,Deterministic Operator AST Verifier,"Numerical constant perturbed (4 -> 5), contradicting reference solution.",VALID_REFERENCE_STEP,MATHEMATICALLY_INVALID,PASSED,"Numerical constant perturbed (4 -> 5), contradicting reference solution."
pair_math500_301,math500_301,OP_CONSTANT_PERTURB,The $\text{70's}$ stamps cost:,The $\text{71's}$ stamps cost:,VERIFIED_INVALID,Deterministic Operator AST Verifier,"Numerical constant perturbed (70 -> 71), contradicting reference solution.",VALID_REFERENCE_STEP,MATHEMATICALLY_INVALID,PASSED,"Numerical constant perturbed (70 -> 71), contradicting reference solution."
pair_math500_302,math500_302,OP_FRACTION_FLIP,"We begin by noting that    $$\frac{31}{11111} = \frac{31 \times 9}{11111 \times 9} = \frac{279}{99999}.$$We will show that   $$\frac{279}{99999} = 0.\overline{00279},$$so our final answer is $\boxed{5}.$","We begin by noting that    $$\frac{11111}{31} = \frac{31 \times 9}{11111 \times 9} = \frac{279}{99999}.$$We will show that   $$\frac{279}{99999} = 0.\overline{00279},$$so our final answer is $\boxed{5}.$",VERIFIED_INVALID,Deterministic Operator AST Verifier,"Numerator/denominator flipped (31/11111 -> 11111/31), altering fraction value.",VALID_REFERENCE_STEP,MATHEMATICALLY_INVALID,PASSED,"Numerator/denominator flipped (31/11111 -> 11111/31), altering fraction value."
pair_math500_303,math500_303,OP_CONSTANT_PERTURB,"In fact, $\triangle ACD $ is exactly four times the size of $\triangle CEB$ since $AC=2(EC)$.","In fact, $\triangle ACD $ is exactly four times the size of $\triangle CEB$ since $AC=3(EC)$.",VERIFIED_INVALID,Deterministic Operator AST Verifier,"Numerical constant perturbed (2 -> 3), contradicting reference solution.",VALID_REFERENCE_STEP,MATHEMATICALLY_INVALID,PASSED,"Numerical constant perturbed (2 -> 3), contradicting reference solution."
pair_math500_304,math500_304,OP_FRACTION_FLIP,\[\frac{(x + 5)(x + 2)}{x + 1} = \frac{x^2 + 7x + 10}{x + 1}.\],\[\frac{x + 1}{(x + 5)(x + 2)} = \frac{x^2 + 7x + 10}{x + 1}.\],VERIFIED_INVALID,Deterministic Operator AST Verifier,"Numerator/denominator flipped ((x + 5)(x + 2)/x + 1 -> x + 1/(x + 5)(x + 2)), altering fraction value.",VALID_REFERENCE_STEP,MATHEMATICALLY_INVALID,PASSED,"Numerator/denominator flipped ((x + 5)(x + 2)/x + 1 -> x + 1/(x + 5)(x + 2)), altering fraction value."
pair_math500_305,math500_305,OP_SIGN_FLIP,"We can start by cross-multiplying: \begin{align*} 3\sqrt{3x-1}&=2\sqrt{2x}
\\\Rightarrow \qquad (3\sqrt{3x-1})^2 &=(2\sqrt{2x})^2
\\\Rightarrow \qquad 9(3x-1)& =4(2x)
\\\Rightarrow \qquad 27x-9& =8x
\\ \Rightarrow \qquad19x&=9
\\ \Rightarrow \qquad x&=\boxed{\frac9{19}}.
\end{align*}Checking, we see that this value of $x$ does indeed work, so it is not an extraneous solution.","We can start by cross+multiplying: \begin{align*} 3\sqrt{3x-1}&=2\sqrt{2x}
\\\Rightarrow \qquad (3\sqrt{3x-1})^2 &=(2\sqrt{2x})^2
\\\Rightarrow \qquad 9(3x-1)& =4(2x)
\\\Rightarrow \qquad 27x-9& =8x
\\ \Rightarrow \qquad19x&=9
\\ \Rightarrow \qquad x&=\boxed{\frac9{19}}.
\end{align*}Checking, we see that this value of $x$ does indeed work, so it is not an extraneous solution.",VERIFIED_INVALID,Deterministic Operator AST Verifier,"Arithmetic sign flipped (+ <-> -), altering algebraic expression value.",VALID_REFERENCE_STEP,MATHEMATICALLY_INVALID,PASSED,"Arithmetic sign flipped (+ <-> -), altering algebraic expression value."
pair_math500_306,math500_306,OP_CONSTANT_PERTURB,Case 1: $r = s.$,Case 2: $r = s.$,VERIFIED_INVALID,Deterministic Operator AST Verifier,"Numerical constant perturbed (1 -> 2), contradicting reference solution.",VALID_REFERENCE_STEP,MATHEMATICALLY_INVALID,PASSED,"Numerical constant perturbed (1 -> 2), contradicting reference solution."
pair_math500_307,math500_307,OP_CONSTANT_PERTURB,"Between 0 and 180 degrees, the value of $\sin x$ is between 0 (exclusive) and 1 (inclusive).","Between 1 and 180 degrees, the value of $\sin x$ is between 0 (exclusive) and 1 (inclusive).",VERIFIED_INVALID,Deterministic Operator AST Verifier,"Numerical constant perturbed (0 -> 1), contradicting reference solution.",VALID_REFERENCE_STEP,MATHEMATICALLY_INVALID,PASSED,"Numerical constant perturbed (0 -> 1), contradicting reference solution."
pair_math500_308,math500_308,OP_CONSTANT_PERTURB,The plane intersects each face of the tetrahedron in a midline of the face; by symmetry it follows that the intersection of the plane with the tetrahedron is a square of side length 1.,The plane intersects each face of the tetrahedron in a midline of the face; by symmetry it follows that the intersection of the plane with the tetrahedron is a square of side length 2.,VERIFIED_INVALID,Deterministic Operator AST Verifier,"Numerical constant perturbed (1 -> 2), contradicting reference solution.",VALID_REFERENCE_STEP,MATHEMATICALLY_INVALID,PASSED,"Numerical constant perturbed (1 -> 2), contradicting reference solution."
pair_math500_309,math500_309,OP_CONSTANT_PERTURB,"We know that the prime factors of the set of numbers must equal the prime factors of 84, which are $2^2\cdot3\cdot7$.","We know that the prime factors of the set of numbers must equal the prime factors of 85, which are $2^2\cdot3\cdot7$.",VERIFIED_INVALID,Deterministic Operator AST Verifier,"Numerical constant perturbed (84 -> 85), contradicting reference solution.",VALID_REFERENCE_STEP,MATHEMATICALLY_INVALID,PASSED,"Numerical constant perturbed (84 -> 85), contradicting reference solution."
pair_math500_310,math500_310,OP_FRACTION_FLIP,We have $\frac{7}{30}@\frac{10}{21}=(7)(10)\left(\frac{21}{30}\right)=\boxed{49}$.,We have $\frac{30}{7}@\frac{10}{21}=(7)(10)\left(\frac{21}{30}\right)=\boxed{49}$.,VERIFIED_INVALID,Deterministic Operator AST Verifier,"Numerator/denominator flipped (7/30 -> 30/7), altering fraction value.",VALID_REFERENCE_STEP,MATHEMATICALLY_INVALID,PASSED,"Numerator/denominator flipped (7/30 -> 30/7), altering fraction value."
pair_math500_312,math500_312,OP_FRACTION_FLIP,"If $x < 5,$ then $\frac{1}{x - 5} < 0,$ and if $x > 5,$ then $\frac{1}{x - 5} > 0,$ so the solution is $x \in \boxed{(5,\infty)}.$","If $x < 5,$ then $\frac{x - 5}{1} < 0,$ and if $x > 5,$ then $\frac{1}{x - 5} > 0,$ so the solution is $x \in \boxed{(5,\infty)}.$",VERIFIED_INVALID,Deterministic Operator AST Verifier,"Numerator/denominator flipped (1/x - 5 -> x - 5/1), altering fraction value.",VALID_REFERENCE_STEP,MATHEMATICALLY_INVALID,PASSED,"Numerator/denominator flipped (1/x - 5 -> x - 5/1), altering fraction value."
pair_math500_313,math500_313,OP_CONSTANT_PERTURB,"Since the radius is $9$ inches, the circumference is $18\pi$ inches.","Since the radius is $10$ inches, the circumference is $18\pi$ inches.",VERIFIED_INVALID,Deterministic Operator AST Verifier,"Numerical constant perturbed (9 -> 10), contradicting reference solution.",VALID_REFERENCE_STEP,MATHEMATICALLY_INVALID,PASSED,"Numerical constant perturbed (9 -> 10), contradicting reference solution."
pair_math500_314,math500_314,OP_CONSTANT_PERTURB,"When $(0,0)$ is reflected over the line $x=1$, the image is $(2,0)$.","When $(1,0)$ is reflected over the line $x=1$, the image is $(2,0)$.",VERIFIED_INVALID,Deterministic Operator AST Verifier,"Numerical constant perturbed (0 -> 1), contradicting reference solution.",VALID_REFERENCE_STEP,MATHEMATICALLY_INVALID,PASSED,"Numerical constant perturbed (0 -> 1), contradicting reference solution."
pair_math500_315,math500_315,OP_CONSTANT_PERTURB,The prime factorization of $2009$ is $2009 = 7\cdot 7\cdot 41$.,The prime factorization of $2010$ is $2009 = 7\cdot 7\cdot 41$.,VERIFIED_INVALID,Deterministic Operator AST Verifier,"Numerical constant perturbed (2009 -> 2010), contradicting reference solution.",VALID_REFERENCE_STEP,MATHEMATICALLY_INVALID,PASSED,"Numerical constant perturbed (2009 -> 2010), contradicting reference solution."
pair_math500_316,math500_316,OP_SIGN_FLIP,"We see that $10x^2-x-24=(5x-8)(2x+3)$, thus $A = 5$ and $B = 2$.","We see that $10x^2-x-24=(5x-8)(2x-3)$, thus $A = 5$ and $B = 2$.",VERIFIED_INVALID,Deterministic Operator AST Verifier,"Arithmetic sign flipped (+ <-> -), altering algebraic expression value.",VALID_REFERENCE_STEP,MATHEMATICALLY_INVALID,PASSED,"Arithmetic sign flipped (+ <-> -), altering algebraic expression value."
pair_math500_317,math500_317,OP_CONSTANT_PERTURB,Note that $p(x)$ has degree at most 2.,Note that $p(x)$ has degree at most 3.,VERIFIED_INVALID,Deterministic Operator AST Verifier,"Numerical constant perturbed (2 -> 3), contradicting reference solution.",VALID_REFERENCE_STEP,MATHEMATICALLY_INVALID,PASSED,"Numerical constant perturbed (2 -> 3), contradicting reference solution."
pair_math500_318,math500_318,OP_CONSTANT_PERTURB,"The common denominator of $5$ and $4$ is $20$, so we multiply top and bottom of the first fraction by $4$ and multiply top and bottom of the second fraction by $5$.","The common denominator of $6$ and $4$ is $20$, so we multiply top and bottom of the first fraction by $4$ and multiply top and bottom of the second fraction by $5$.",VERIFIED_INVALID,Deterministic Operator AST Verifier,"Numerical constant perturbed (5 -> 6), contradicting reference solution.",VALID_REFERENCE_STEP,MATHEMATICALLY_INVALID,PASSED,"Numerical constant perturbed (5 -> 6), contradicting reference solution."
pair_math500_319,math500_319,OP_SIGN_FLIP,We rearrange the given equation to $|x-4| = 12$.,We rearrange the given equation to $|x+4| = 12$.,VERIFIED_INVALID,Deterministic Operator AST Verifier,"Arithmetic sign flipped (+ <-> -), altering algebraic expression value.",VALID_REFERENCE_STEP,MATHEMATICALLY_INVALID,PASSED,"Arithmetic sign flipped (+ <-> -), altering algebraic expression value."
pair_math500_320,math500_320,OP_SIGN_FLIP,"For any angle $x$, we have $\cos(180^\circ - x)=-\cos x$, so $\cos \angle RPS = \cos(180^\circ - \angle RPQ) =- \cos\angle RPQ$.","For any angle $x$, we have $\cos(180^\circ + x)=-\cos x$, so $\cos \angle RPS = \cos(180^\circ - \angle RPQ) =- \cos\angle RPQ$.",VERIFIED_INVALID,Deterministic Operator AST Verifier,"Arithmetic sign flipped (+ <-> -), altering algebraic expression value.",VALID_REFERENCE_STEP,MATHEMATICALLY_INVALID,PASSED,"Arithmetic sign flipped (+ <-> -), altering algebraic expression value."
pair_math500_321,math500_321,OP_CONSTANT_PERTURB,"We see that 2.5 hours is the same as $2.5\cdot 60 = 150$ minutes, or $150\cdot 60 = 9000$ seconds.","We see that 3.5 hours is the same as $2.5\cdot 60 = 150$ minutes, or $150\cdot 60 = 9000$ seconds.",VERIFIED_INVALID,Deterministic Operator AST Verifier,"Numerical constant perturbed (2 -> 3), contradicting reference solution.",VALID_REFERENCE_STEP,MATHEMATICALLY_INVALID,PASSED,"Numerical constant perturbed (2 -> 3), contradicting reference solution."
pair_math500_322,math500_322,OP_SIGN_FLIP,"We have $q(1) = b\cdot 1 + 1 = b+1$, so $f(q(1)) = f(b+1)$.","We have $q(1) = b\cdot 1 - 1 = b+1$, so $f(q(1)) = f(b+1)$.",VERIFIED_INVALID,Deterministic Operator AST Verifier,"Arithmetic sign flipped (+ <-> -), altering algebraic expression value.",VALID_REFERENCE_STEP,MATHEMATICALLY_INVALID,PASSED,"Arithmetic sign flipped (+ <-> -), altering algebraic expression value."
pair_math500_323,math500_323,OP_FRACTION_FLIP,"Since there are 3 points to label as $B$, the probability these segments intersect is $\boxed{\frac{1}{3}}$.","Since there are 3 points to label as $B$, the probability these segments intersect is $\boxed{\frac{3}{1}}$.",VERIFIED_INVALID,Deterministic Operator AST Verifier,"Numerator/denominator flipped (1/3 -> 3/1), altering fraction value.",VALID_REFERENCE_STEP,MATHEMATICALLY_INVALID,PASSED,"Numerator/denominator flipped (1/3 -> 3/1), altering fraction value."
pair_math500_324,math500_324,OP_CONSTANT_PERTURB,"The area of the unshaded portion of the inner circle is thus $\frac x{360}$ of the total area of the inner circle, or $\frac x{360}(\pi(1^2)) = \frac x{360} \pi$ (since $\angle ADC$ is $\frac x{360}$ of the largest possible central angle ($360^\circ$)).","The area of the unshaded portion of the inner circle is thus $\frac x{361}$ of the total area of the inner circle, or $\frac x{360}(\pi(1^2)) = \frac x{360} \pi$ (since $\angle ADC$ is $\frac x{360}$ of the largest possible central angle ($360^\circ$)).",VERIFIED_INVALID,Deterministic Operator AST Verifier,"Numerical constant perturbed (360 -> 361), contradicting reference solution.",VALID_REFERENCE_STEP,MATHEMATICALLY_INVALID,PASSED,"Numerical constant perturbed (360 -> 361), contradicting reference solution."
pair_math500_325,math500_325,OP_CONSTANT_PERTURB,We first have to remember our formulas for the volumes of 3 dimensional objects.,We first have to remember our formulas for the volumes of 4 dimensional objects.,VERIFIED_INVALID,Deterministic Operator AST Verifier,"Numerical constant perturbed (3 -> 4), contradicting reference solution.",VALID_REFERENCE_STEP,MATHEMATICALLY_INVALID,PASSED,"Numerical constant perturbed (3 -> 4), contradicting reference solution."
pair_math500_326,math500_326,OP_FRACTION_FLIP,"From the angle addition and subtraction formulas,
\begin{align*}
\sin (x + y) &= \sin x \cos y + \cos x \sin y, \\
\sin (x - y) &= \sin x \cos y - \cos x \sin y,
\end{align*}so
\begin{align*}
\sin (x + y) \sin (x - y) &= (\sin x \cos y + \cos x \sin y)(\sin x \cos y - \cos x \sin y) \\
&= \sin^2 x \cos^2 y + \sin x \cos x \sin y \cos y - \sin x \cos x \sin y \cos y - \cos^2 x \sin^2 y \\
&= \sin^2 x (1 - \sin^2 y) - (1 - \sin^2 x) \sin^2 y \\
&= \sin^2 x - \sin^2 x \sin^2 y - \sin^2 y + \sin^2 x \sin^2 y \\
&= \sin^2 x - \sin^2 y.
\end{align*}Taking $x = \arcsin 0.5$ and $y = \arcsin 0.4,$ we get
\begin{align*}
\sin (\arcsin 0.5 + \arcsin 0.4) \cdot \sin (\arcsin 0.5 - \arcsin 0.4) &= \sin^2 (\arcsin 0.5) - \sin^2 (\arcsin 0.4) \\
&= 0.5^2 - 0.4^2 \\
&= 0.09 = \boxed{\frac{9}{100}}.
\end{align*}","From the angle addition and subtraction formulas,
\begin{align*}
\sin (x + y) &= \sin x \cos y + \cos x \sin y, \\
\sin (x - y) &= \sin x \cos y - \cos x \sin y,
\end{align*}so
\begin{align*}
\sin (x + y) \sin (x - y) &= (\sin x \cos y + \cos x \sin y)(\sin x \cos y - \cos x \sin y) \\
&= \sin^2 x \cos^2 y + \sin x \cos x \sin y \cos y - \sin x \cos x \sin y \cos y - \cos^2 x \sin^2 y \\
&= \sin^2 x (1 - \sin^2 y) - (1 - \sin^2 x) \sin^2 y \\
&= \sin^2 x - \sin^2 x \sin^2 y - \sin^2 y + \sin^2 x \sin^2 y \\
&= \sin^2 x - \sin^2 y.
\end{align*}Taking $x = \arcsin 0.5$ and $y = \arcsin 0.4,$ we get
\begin{align*}
\sin (\arcsin 0.5 + \arcsin 0.4) \cdot \sin (\arcsin 0.5 - \arcsin 0.4) &= \sin^2 (\arcsin 0.5) - \sin^2 (\arcsin 0.4) \\
&= 0.5^2 - 0.4^2 \\
&= 0.09 = \boxed{\frac{100}{9}}.
\end{align*}",VERIFIED_INVALID,Deterministic Operator AST Verifier,"Numerator/denominator flipped (9/100 -> 100/9), altering fraction value.",VALID_REFERENCE_STEP,MATHEMATICALLY_INVALID,PASSED,"Numerator/denominator flipped (9/100 -> 100/9), altering fraction value."
pair_math500_327,math500_327,OP_SIGN_FLIP,"Let $P(x) = x^3 + ax^2 + bx + 5.$  The remainder $R(x)$ has degree at most 1, so let $R(x) = cx + d.$","Let $P(x) = x^3 - ax^2 + bx + 5.$  The remainder $R(x)$ has degree at most 1, so let $R(x) = cx + d.$",VERIFIED_INVALID,Deterministic Operator AST Verifier,"Arithmetic sign flipped (+ <-> -), altering algebraic expression value.",VALID_REFERENCE_STEP,MATHEMATICALLY_INVALID,PASSED,"Arithmetic sign flipped (+ <-> -), altering algebraic expression value."
pair_math500_328,math500_328,OP_SIGN_FLIP,"Since $-\frac58$ is a negative number, $f(x)$ is only defined for integer values of $x$, and will alternate between positive and negative values.","Since $+\frac58$ is a negative number, $f(x)$ is only defined for integer values of $x$, and will alternate between positive and negative values.",VERIFIED_INVALID,Deterministic Operator AST Verifier,"Arithmetic sign flipped (+ <-> -), altering algebraic expression value.",VALID_REFERENCE_STEP,MATHEMATICALLY_INVALID,PASSED,"Arithmetic sign flipped (+ <-> -), altering algebraic expression value."
pair_math500_329,math500_329,OP_CONSTANT_PERTURB,"There are $12$ inches in a foot, so the bicycle is traveling at $12(20)=240$ inches per minute.","There are $13$ inches in a foot, so the bicycle is traveling at $12(20)=240$ inches per minute.",VERIFIED_INVALID,Deterministic Operator AST Verifier,"Numerical constant perturbed (12 -> 13), contradicting reference solution.",VALID_REFERENCE_STEP,MATHEMATICALLY_INVALID,PASSED,"Numerical constant perturbed (12 -> 13), contradicting reference solution."
pair_math500_330,math500_330,OP_CONSTANT_PERTURB,There are a total of $\binom{14}{5}=2002$ ways of selecting a subcommittee of 5 with no restrictions on the membership.,There are a total of $\binom{15}{5}=2002$ ways of selecting a subcommittee of 5 with no restrictions on the membership.,VERIFIED_INVALID,Deterministic Operator AST Verifier,"Numerical constant perturbed (14 -> 15), contradicting reference solution.",VALID_REFERENCE_STEP,MATHEMATICALLY_INVALID,PASSED,"Numerical constant perturbed (14 -> 15), contradicting reference solution."
pair_math500_331,math500_331,OP_SIGN_FLIP,"First, we'll divide $\sqrt{5}$ into each term in the numerator of the fraction inside the big radical: $$\sqrt{\dfrac{\dfrac{5}{\sqrt{80}}+\dfrac{\sqrt{845}}{9}+\sqrt{45}}{\sqrt5}}=
\sqrt{\frac{5}{\sqrt{80}\cdot\sqrt{5}} + \frac{\sqrt{845}}{9\sqrt{5}} + \frac{\sqrt{45}}{\sqrt{5}}}.
$$Let's attack each fraction within the square root separately.","First, we'll divide $\sqrt{5}$ into each term in the numerator of the fraction inside the big radical: $$\sqrt{\dfrac{\dfrac{5}{\sqrt{80}}-\dfrac{\sqrt{845}}{9}+\sqrt{45}}{\sqrt5}}=
\sqrt{\frac{5}{\sqrt{80}\cdot\sqrt{5}} + \frac{\sqrt{845}}{9\sqrt{5}} + \frac{\sqrt{45}}{\sqrt{5}}}.
$$Let's attack each fraction within the square root separately.",VERIFIED_INVALID,Deterministic Operator AST Verifier,"Arithmetic sign flipped (+ <-> -), altering algebraic expression value.",VALID_REFERENCE_STEP,MATHEMATICALLY_INVALID,PASSED,"Arithmetic sign flipped (+ <-> -), altering algebraic expression value."
pair_math500_332,math500_332,OP_SIGN_FLIP,"We can write $(x + y)(y + z)$ as $xz + y(x + y + z).$  By AM-GM,","We can write $(x - y)(y + z)$ as $xz + y(x + y + z).$  By AM-GM,",VERIFIED_INVALID,Deterministic Operator AST Verifier,"Arithmetic sign flipped (+ <-> -), altering algebraic expression value.",VALID_REFERENCE_STEP,MATHEMATICALLY_INVALID,PASSED,"Arithmetic sign flipped (+ <-> -), altering algebraic expression value."
pair_math500_333,math500_333,OP_SIGN_FLIP,"\[\sqrt[3]{2} = a + \cfrac{1}{b + \cfrac{1}{c + \cfrac{1}{d + \dotsb}}} > a,\]","\[\sqrt[3]{2} = a - \cfrac{1}{b + \cfrac{1}{c + \cfrac{1}{d + \dotsb}}} > a,\]",VERIFIED_INVALID,Deterministic Operator AST Verifier,"Arithmetic sign flipped (+ <-> -), altering algebraic expression value.",VALID_REFERENCE_STEP,MATHEMATICALLY_INVALID,PASSED,"Arithmetic sign flipped (+ <-> -), altering algebraic expression value."
pair_math500_334,math500_334,OP_SIGN_FLIP,"Adding the first given equation to the second, we have $a+2b+c=5$.","Adding the first given equation to the second, we have $a-2b+c=5$.",VERIFIED_INVALID,Deterministic Operator AST Verifier,"Arithmetic sign flipped (+ <-> -), altering algebraic expression value.",VALID_REFERENCE_STEP,MATHEMATICALLY_INVALID,PASSED,"Arithmetic sign flipped (+ <-> -), altering algebraic expression value."
pair_math500_335,math500_335,OP_CONSTANT_PERTURB,"If we look at the terms of the sequence mod 4, we see that they follow a pattern of period 6: \begin{align*}
F_1 &\equiv 1\pmod{4}, \\
F_2 &\equiv 1\pmod{4}, \\
F_3 &\equiv 2\pmod{4}, \\
F_4 &\equiv 3\pmod{4}, \\
F_5 &\equiv 1\pmod{4}, \\
F_6 &\equiv 0\pmod{4}, \\
F_7 &\equiv 1\pmod{4}, \\
F_8 &\equiv 1\pmod{4},~\ldots
\end{align*} Then we see that the terms repeat.","If we look at the terms of the sequence mod 5, we see that they follow a pattern of period 6: \begin{align*}
F_1 &\equiv 1\pmod{4}, \\
F_2 &\equiv 1\pmod{4}, \\
F_3 &\equiv 2\pmod{4}, \\
F_4 &\equiv 3\pmod{4}, \\
F_5 &\equiv 1\pmod{4}, \\
F_6 &\equiv 0\pmod{4}, \\
F_7 &\equiv 1\pmod{4}, \\
F_8 &\equiv 1\pmod{4},~\ldots
\end{align*} Then we see that the terms repeat.",VERIFIED_INVALID,Deterministic Operator AST Verifier,"Numerical constant perturbed (4 -> 5), contradicting reference solution.",VALID_REFERENCE_STEP,MATHEMATICALLY_INVALID,PASSED,"Numerical constant perturbed (4 -> 5), contradicting reference solution."
pair_math500_337,math500_337,OP_SIGN_FLIP,"Call the integers $n-1$, $n$, and $n+1$.","Call the integers $n-1$, $n$, and $n-1$.",VERIFIED_INVALID,Deterministic Operator AST Verifier,"Arithmetic sign flipped (+ <-> -), altering algebraic expression value.",VALID_REFERENCE_STEP,MATHEMATICALLY_INVALID,PASSED,"Arithmetic sign flipped (+ <-> -), altering algebraic expression value."
pair_math500_338,math500_338,OP_CONSTANT_PERTURB,We know that $6^{4}>999_{10}>6^{3}$.,We know that $7^{4}>999_{10}>6^{3}$.,VERIFIED_INVALID,Deterministic Operator AST Verifier,"Numerical constant perturbed (6 -> 7), contradicting reference solution.",VALID_REFERENCE_STEP,MATHEMATICALLY_INVALID,PASSED,"Numerical constant perturbed (6 -> 7), contradicting reference solution."
pair_math500_339,math500_339,OP_SIGN_FLIP,\[y = a(x - h)^2 + k.\],\[y = a(x - h)^2 - k.\],VERIFIED_INVALID,Deterministic Operator AST Verifier,"Arithmetic sign flipped (+ <-> -), altering algebraic expression value.",VALID_REFERENCE_STEP,MATHEMATICALLY_INVALID,PASSED,"Arithmetic sign flipped (+ <-> -), altering algebraic expression value."
pair_math500_340,math500_340,OP_SIGN_FLIP,"Since $\mathbf{a}, \mathbf{b},$ and $\mathbf{a-b}$ all lie in the same plane, from the diagram below, we see that the angle between $\mathbf{a}$ and $\mathbf{a} - \mathbf{b}$ is $84^\circ - 29^\circ = \boxed{55^\circ}.$","Since $\mathbf{a}, \mathbf{b},$ and $\mathbf{a+b}$ all lie in the same plane, from the diagram below, we see that the angle between $\mathbf{a}$ and $\mathbf{a} - \mathbf{b}$ is $84^\circ - 29^\circ = \boxed{55^\circ}.$",VERIFIED_INVALID,Deterministic Operator AST Verifier,"Arithmetic sign flipped (+ <-> -), altering algebraic expression value.",VALID_REFERENCE_STEP,MATHEMATICALLY_INVALID,PASSED,"Arithmetic sign flipped (+ <-> -), altering algebraic expression value."
pair_math500_341,math500_341,OP_FRACTION_FLIP,The question is asking us to find the smallest value of $x$ such that $x = 2\cdot\frac{1}{x} - 1$.,The question is asking us to find the smallest value of $x$ such that $x = 2\cdot\frac{x}{1} - 1$.,VERIFIED_INVALID,Deterministic Operator AST Verifier,"Numerator/denominator flipped (1/x -> x/1), altering fraction value.",VALID_REFERENCE_STEP,MATHEMATICALLY_INVALID,PASSED,"Numerator/denominator flipped (1/x -> x/1), altering fraction value."
pair_math500_342,math500_342,OP_CONSTANT_PERTURB,"Multiplying all expressions in the inequalities by $7$, we have $\frac74 < x < \frac73$.","Multiplying all expressions in the inequalities by $8$, we have $\frac74 < x < \frac73$.",VERIFIED_INVALID,Deterministic Operator AST Verifier,"Numerical constant perturbed (7 -> 8), contradicting reference solution.",VALID_REFERENCE_STEP,MATHEMATICALLY_INVALID,PASSED,"Numerical constant perturbed (7 -> 8), contradicting reference solution."
pair_math500_343,math500_343,OP_CONSTANT_PERTURB,"The first letter can be any of the 26 letters of the alphabet, while the second letter can be any of the 25 remaining letters.","The first letter can be any of the 27 letters of the alphabet, while the second letter can be any of the 25 remaining letters.",VERIFIED_INVALID,Deterministic Operator AST Verifier,"Numerical constant perturbed (26 -> 27), contradicting reference solution.",VALID_REFERENCE_STEP,MATHEMATICALLY_INVALID,PASSED,"Numerical constant perturbed (26 -> 27), contradicting reference solution."
pair_math500_344,math500_344,OP_SIGN_FLIP,"In order for this to happen, we know that $4a+3=7a-12$.","In order for this to happen, we know that $4a-3=7a-12$.",VERIFIED_INVALID,Deterministic Operator AST Verifier,"Arithmetic sign flipped (+ <-> -), altering algebraic expression value.",VALID_REFERENCE_STEP,MATHEMATICALLY_INVALID,PASSED,"Arithmetic sign flipped (+ <-> -), altering algebraic expression value."
pair_math500_345,math500_345,OP_SIGN_FLIP,"We have $g(16) = 4$, so $t(g(16)) = t(4) = 3- g(4) = 3-\sqrt{4} = 3-2 = \boxed{1}$.","We have $g(16) = 4$, so $t(g(16)) = t(4) = 3+ g(4) = 3-\sqrt{4} = 3-2 = \boxed{1}$.",VERIFIED_INVALID,Deterministic Operator AST Verifier,"Arithmetic sign flipped (+ <-> -), altering algebraic expression value.",VALID_REFERENCE_STEP,MATHEMATICALLY_INVALID,PASSED,"Arithmetic sign flipped (+ <-> -), altering algebraic expression value."
pair_math500_346,math500_346,OP_SIGN_FLIP,We first cube each side of the equation to get $x^2 - 4x + 4 = 16^3$.,We first cube each side of the equation to get $x^2 - 4x - 4 = 16^3$.,VERIFIED_INVALID,Deterministic Operator AST Verifier,"Arithmetic sign flipped (+ <-> -), altering algebraic expression value.",VALID_REFERENCE_STEP,MATHEMATICALLY_INVALID,PASSED,"Arithmetic sign flipped (+ <-> -), altering algebraic expression value."
pair_math500_347,math500_347,OP_SIGN_FLIP,"Using the distributive property and combining like terms, we have  $4(3r^3+5r-6)-6(2r^3-r^2+4r) = 12r^3+20r-24-12r^3+6r^2-24r.$ Simplifying, we get $\boxed{6r^2-4r-24}.$","Using the distributive property and combining like terms, we have  $4(3r^3-5r-6)-6(2r^3-r^2+4r) = 12r^3+20r-24-12r^3+6r^2-24r.$ Simplifying, we get $\boxed{6r^2-4r-24}.$",VERIFIED_INVALID,Deterministic Operator AST Verifier,"Arithmetic sign flipped (+ <-> -), altering algebraic expression value.",VALID_REFERENCE_STEP,MATHEMATICALLY_INVALID,PASSED,"Arithmetic sign flipped (+ <-> -), altering algebraic expression value."
pair_math500_349,math500_349,OP_CONSTANT_PERTURB,"There are $8!$ ways to place the people around the table, but this counts each valid arrangement 4 times (if you move each person 2, 4, or 6 places clockwise you get the same arrangement).","There are $9!$ ways to place the people around the table, but this counts each valid arrangement 4 times (if you move each person 2, 4, or 6 places clockwise you get the same arrangement).",VERIFIED_INVALID,Deterministic Operator AST Verifier,"Numerical constant perturbed (8 -> 9), contradicting reference solution.",VALID_REFERENCE_STEP,MATHEMATICALLY_INVALID,PASSED,"Numerical constant perturbed (8 -> 9), contradicting reference solution."
pair_math500_350,math500_350,OP_CONSTANT_PERTURB,The units digit of $18^6$ is the same as in $8^6$.,The units digit of $19^6$ is the same as in $8^6$.,VERIFIED_INVALID,Deterministic Operator AST Verifier,"Numerical constant perturbed (18 -> 19), contradicting reference solution.",VALID_REFERENCE_STEP,MATHEMATICALLY_INVALID,PASSED,"Numerical constant perturbed (18 -> 19), contradicting reference solution."
pair_math500_351,math500_351,OP_FRACTION_FLIP,"Let $x = \cos \left( \frac{2 \pi}{15} \right) \cos \left (\frac {4 \pi}{15} \right) \cos \left( \frac{8 \pi}{15} \right) \cos \left( \frac {16 \pi}{15} \right).$  Then by repeated application of the double angle formula,
\begin{align*}
x \sin \left( \frac{2 \pi}{15} \right) &= \sin \left( \frac{2 \pi}{15} \right) \cos \left( \frac{2 \pi}{15} \right) \cos \left (\frac {4 \pi}{15} \right) \cos \left( \frac{8 \pi}{15} \right) \cos \left( \frac {16 \pi}{15} \right) \\
&= \frac{1}{2} \sin \left( \frac{4 \pi}{15} \right) \cos \left (\frac {4 \pi}{15} \right) \cos \left( \frac{8 \pi}{15} \right) \cos \left( \frac {16 \pi}{15} \right) \\
&= \frac{1}{4} \sin \left (\frac {8 \pi}{15} \right) \cos \left( \frac{8 \pi}{15} \right) \cos \left( \frac {16 \pi}{15} \right) \\
&= \frac{1}{8} \sin \left( \frac{16 \pi}{15} \right) \cos \left( \frac {16 \pi}{15} \right) \\
&= \frac{1}{16} \sin \left( \frac{32 \pi}{15} \right) \\
&= \frac{1}{16} \sin \left( \frac{2 \pi}{15} \right),
\end{align*}so $x = \boxed{\frac{1}{16}}.$","Let $x = \cos \left( \frac{15}{2 \pi} \right) \cos \left (\frac {4 \pi}{15} \right) \cos \left( \frac{8 \pi}{15} \right) \cos \left( \frac {16 \pi}{15} \right).$  Then by repeated application of the double angle formula,
\begin{align*}
x \sin \left( \frac{2 \pi}{15} \right) &= \sin \left( \frac{2 \pi}{15} \right) \cos \left( \frac{2 \pi}{15} \right) \cos \left (\frac {4 \pi}{15} \right) \cos \left( \frac{8 \pi}{15} \right) \cos \left( \frac {16 \pi}{15} \right) \\
&= \frac{1}{2} \sin \left( \frac{4 \pi}{15} \right) \cos \left (\frac {4 \pi}{15} \right) \cos \left( \frac{8 \pi}{15} \right) \cos \left( \frac {16 \pi}{15} \right) \\
&= \frac{1}{4} \sin \left (\frac {8 \pi}{15} \right) \cos \left( \frac{8 \pi}{15} \right) \cos \left( \frac {16 \pi}{15} \right) \\
&= \frac{1}{8} \sin \left( \frac{16 \pi}{15} \right) \cos \left( \frac {16 \pi}{15} \right) \\
&= \frac{1}{16} \sin \left( \frac{32 \pi}{15} \right) \\
&= \frac{1}{16} \sin \left( \frac{2 \pi}{15} \right),
\end{align*}so $x = \boxed{\frac{1}{16}}.$",VERIFIED_INVALID,Deterministic Operator AST Verifier,"Numerator/denominator flipped (2 \pi/15 -> 15/2 \pi), altering fraction value.",VALID_REFERENCE_STEP,MATHEMATICALLY_INVALID,PASSED,"Numerator/denominator flipped (2 \pi/15 -> 15/2 \pi), altering fraction value."
pair_math500_352,math500_352,OP_SIGN_FLIP,"Let $\theta = \angle BAM.$  Then $\angle BDM = 3 \theta.$  Since $\angle BDM$ is external to triangle $ABD,$ $\angle BDM = \angle BAD + \angle ABD.$  Hence, $\angle ABD = \angle BDM - \angle BAD = 2 \theta.$","Let $\theta = \angle BAM.$  Then $\angle BDM = 3 \theta.$  Since $\angle BDM$ is external to triangle $ABD,$ $\angle BDM = \angle BAD - \angle ABD.$  Hence, $\angle ABD = \angle BDM - \angle BAD = 2 \theta.$",VERIFIED_INVALID,Deterministic Operator AST Verifier,"Arithmetic sign flipped (+ <-> -), altering algebraic expression value.",VALID_REFERENCE_STEP,MATHEMATICALLY_INVALID,PASSED,"Arithmetic sign flipped (+ <-> -), altering algebraic expression value."
pair_math500_353,math500_353,OP_CONSTANT_PERTURB,"There are $4$ choices for the first book, $3$ choices for the second book, $2$ choices for the third book, and $1$ choice for the last book.","There are $5$ choices for the first book, $3$ choices for the second book, $2$ choices for the third book, and $1$ choice for the last book.",VERIFIED_INVALID,Deterministic Operator AST Verifier,"Numerical constant perturbed (4 -> 5), contradicting reference solution.",VALID_REFERENCE_STEP,MATHEMATICALLY_INVALID,PASSED,"Numerical constant perturbed (4 -> 5), contradicting reference solution."
pair_math500_354,math500_354,OP_CONSTANT_PERTURB,"Therefore, we can find the median by dividing the sum by the number of integers: $3^7/3^3=3^4=\boxed{81}$.","Therefore, we can find the median by dividing the sum by the number of integers: $4^7/3^3=3^4=\boxed{81}$.",VERIFIED_INVALID,Deterministic Operator AST Verifier,"Numerical constant perturbed (3 -> 4), contradicting reference solution.",VALID_REFERENCE_STEP,MATHEMATICALLY_INVALID,PASSED,"Numerical constant perturbed (3 -> 4), contradicting reference solution."
pair_math500_355,math500_355,OP_SIGN_FLIP,"\[a + b \ge 2 \sqrt{ab},\]","\[a - b \ge 2 \sqrt{ab},\]",VERIFIED_INVALID,Deterministic Operator AST Verifier,"Arithmetic sign flipped (+ <-> -), altering algebraic expression value.",VALID_REFERENCE_STEP,MATHEMATICALLY_INVALID,PASSED,"Arithmetic sign flipped (+ <-> -), altering algebraic expression value."
pair_math500_356,math500_356,OP_CONSTANT_PERTURB,Let us first define $y=x^{2}$.,Let us first define $y=x^{3}$.,VERIFIED_INVALID,Deterministic Operator AST Verifier,"Numerical constant perturbed (2 -> 3), contradicting reference solution.",VALID_REFERENCE_STEP,MATHEMATICALLY_INVALID,PASSED,"Numerical constant perturbed (2 -> 3), contradicting reference solution."
pair_math500_357,math500_357,OP_CONSTANT_PERTURB,We want $xy=54=2 \cdot 3^3$ such that $x$ is at least $2$ and $y$ is at least  $5$.,We want $xy=55=2 \cdot 3^3$ such that $x$ is at least $2$ and $y$ is at least  $5$.,VERIFIED_INVALID,Deterministic Operator AST Verifier,"Numerical constant perturbed (54 -> 55), contradicting reference solution.",VALID_REFERENCE_STEP,MATHEMATICALLY_INVALID,PASSED,"Numerical constant perturbed (54 -> 55), contradicting reference solution."
pair_math500_358,math500_358,OP_SIGN_FLIP,"\[\left(\frac x2 - 3\right)^2 = \frac 14 \left( x - 6\right)^2,\]","\[\left(\frac x2 + 3\right)^2 = \frac 14 \left( x - 6\right)^2,\]",VERIFIED_INVALID,Deterministic Operator AST Verifier,"Arithmetic sign flipped (+ <-> -), altering algebraic expression value.",VALID_REFERENCE_STEP,MATHEMATICALLY_INVALID,PASSED,"Arithmetic sign flipped (+ <-> -), altering algebraic expression value."
pair_math500_359,math500_359,OP_FRACTION_FLIP,"Let $s_1 = x + y + z$ and $s_2 = xy + xz + yz.$  Then
\begin{align*}
s_1 s_2 &= (x + y + z)(xy + xz + yz) \\
&= x^2 y + xy^2 + x^2 z + xz^2 + y^2 z + yz^2 + 3xyz \\
&= 12 + 3 \cdot 4 = 24.
\end{align*}Also,
\begin{align*}
s_1^3 &= (x + y + z)^3 \\
&= (x^3 + y^3 + z^3) + 3(x^2 y + xy^2 + x^2 z + xz^2 + y^2 z + yz^2) + 6xyz \\
&= 4 + 3 \cdot 12 + 6 \cdot 4 = 64,
\end{align*}so $s_1 = 4.$  Hence, $s_2 = \frac{24}{s_1} = \boxed{6}.$","Let $s_1 = x + y + z$ and $s_2 = xy + xz + yz.$  Then
\begin{align*}
s_1 s_2 &= (x + y + z)(xy + xz + yz) \\
&= x^2 y + xy^2 + x^2 z + xz^2 + y^2 z + yz^2 + 3xyz \\
&= 12 + 3 \cdot 4 = 24.
\end{align*}Also,
\begin{align*}
s_1^3 &= (x + y + z)^3 \\
&= (x^3 + y^3 + z^3) + 3(x^2 y + xy^2 + x^2 z + xz^2 + y^2 z + yz^2) + 6xyz \\
&= 4 + 3 \cdot 12 + 6 \cdot 4 = 64,
\end{align*}so $s_1 = 4.$  Hence, $s_2 = \frac{s_1}{24} = \boxed{6}.$",VERIFIED_INVALID,Deterministic Operator AST Verifier,"Numerator/denominator flipped (24/s_1 -> s_1/24), altering fraction value.",VALID_REFERENCE_STEP,MATHEMATICALLY_INVALID,PASSED,"Numerator/denominator flipped (24/s_1 -> s_1/24), altering fraction value."
pair_math500_360,math500_360,OP_SIGN_FLIP,"The line passes through $\begin{pmatrix} -5 \\ 4 \end{pmatrix}$ and $\begin{pmatrix} -1 \\ 3 \end{pmatrix},$ so its direction vector is proportional to","The line passes through $\begin{pmatrix} +5 \\ 4 \end{pmatrix}$ and $\begin{pmatrix} -1 \\ 3 \end{pmatrix},$ so its direction vector is proportional to",VERIFIED_INVALID,Deterministic Operator AST Verifier,"Arithmetic sign flipped (+ <-> -), altering algebraic expression value.",VALID_REFERENCE_STEP,MATHEMATICALLY_INVALID,PASSED,"Arithmetic sign flipped (+ <-> -), altering algebraic expression value."
pair_math500_361,math500_361,OP_FRACTION_FLIP,"Let $A = \left( a, \frac{a^2}{8} \right)$ be one vertex of the triangle.","Let $A = \left( a, \frac{8}{a^2} \right)$ be one vertex of the triangle.",VERIFIED_INVALID,Deterministic Operator AST Verifier,"Numerator/denominator flipped (a^2/8 -> 8/a^2), altering fraction value.",VALID_REFERENCE_STEP,MATHEMATICALLY_INVALID,PASSED,"Numerator/denominator flipped (a^2/8 -> 8/a^2), altering fraction value."
pair_math500_363,math500_363,OP_SIGN_FLIP,Converting the words in the problem into an equation gives us $3+\dfrac{1}{x} = \dfrac{7}{x}$.,Converting the words in the problem into an equation gives us $3-\dfrac{1}{x} = \dfrac{7}{x}$.,VERIFIED_INVALID,Deterministic Operator AST Verifier,"Arithmetic sign flipped (+ <-> -), altering algebraic expression value.",VALID_REFERENCE_STEP,MATHEMATICALLY_INVALID,PASSED,"Arithmetic sign flipped (+ <-> -), altering algebraic expression value."
pair_math500_364,math500_364,OP_CONSTANT_PERTURB,"The center of the original circle is $(0,0).$  The reflection of the point $(0,0)$ in the point $(4,1)$ is $(8,2),$ so the equation of the new circle is","The center of the original circle is $(1,0).$  The reflection of the point $(0,0)$ in the point $(4,1)$ is $(8,2),$ so the equation of the new circle is",VERIFIED_INVALID,Deterministic Operator AST Verifier,"Numerical constant perturbed (0 -> 1), contradicting reference solution.",VALID_REFERENCE_STEP,MATHEMATICALLY_INVALID,PASSED,"Numerical constant perturbed (0 -> 1), contradicting reference solution."
pair_math500_365,math500_365,OP_CONSTANT_PERTURB,"Note that the prime factorization of $210$ is $2\cdot 3\cdot 5\cdot 7$, and so the prime factorization of $210^3$ is $2^3\cdot 3^3\cdot 5^3\cdot 7^3$.","Note that the prime factorization of $211$ is $2\cdot 3\cdot 5\cdot 7$, and so the prime factorization of $210^3$ is $2^3\cdot 3^3\cdot 5^3\cdot 7^3$.",VERIFIED_INVALID,Deterministic Operator AST Verifier,"Numerical constant perturbed (210 -> 211), contradicting reference solution.",VALID_REFERENCE_STEP,MATHEMATICALLY_INVALID,PASSED,"Numerical constant perturbed (210 -> 211), contradicting reference solution."
pair_math500_366,math500_366,OP_SIGN_FLIP,Each group of 7 numbers would have the sum of residues $1+3+5+0+2+4+6 \equiv 21 \equiv 0 \pmod7$.,Each group of 7 numbers would have the sum of residues $1-3+5+0+2+4+6 \equiv 21 \equiv 0 \pmod7$.,VERIFIED_INVALID,Deterministic Operator AST Verifier,"Arithmetic sign flipped (+ <-> -), altering algebraic expression value.",VALID_REFERENCE_STEP,MATHEMATICALLY_INVALID,PASSED,"Arithmetic sign flipped (+ <-> -), altering algebraic expression value."
pair_math500_367,math500_367,OP_SIGN_FLIP,"Since $f(2) = 6$, we have $f^{-1}(6)=2$. (Note that the hypothesis that $f$ has an inverse implies that there are no other values of $x$ with $f(x) = 6$.)  Similarly, $f(1) =2$ implies $f^{-1}(2)=1$.","Since $f(2) = 6$, we have $f^{+1}(6)=2$. (Note that the hypothesis that $f$ has an inverse implies that there are no other values of $x$ with $f(x) = 6$.)  Similarly, $f(1) =2$ implies $f^{-1}(2)=1$.",VERIFIED_INVALID,Deterministic Operator AST Verifier,"Arithmetic sign flipped (+ <-> -), altering algebraic expression value.",VALID_REFERENCE_STEP,MATHEMATICALLY_INVALID,PASSED,"Arithmetic sign flipped (+ <-> -), altering algebraic expression value."
pair_math500_368,math500_368,OP_SIGN_FLIP,That means $8+8=16$ must be greater than the length of the third side.,That means $8-8=16$ must be greater than the length of the third side.,VERIFIED_INVALID,Deterministic Operator AST Verifier,"Arithmetic sign flipped (+ <-> -), altering algebraic expression value.",VALID_REFERENCE_STEP,MATHEMATICALLY_INVALID,PASSED,"Arithmetic sign flipped (+ <-> -), altering algebraic expression value."
pair_math500_369,math500_369,OP_FRACTION_FLIP,"The area of the rectangle is $(5\text{ cm})(3\text{ cm})=15\text{ cm}^2$, and the area of the triangle is $\frac{1}{2}(3\text{ cm})(9\text{ cm}-5\text{ cm})=6\text{ cm}^2$.","The area of the rectangle is $(5\text{ cm})(3\text{ cm})=15\text{ cm}^2$, and the area of the triangle is $\frac{2}{1}(3\text{ cm})(9\text{ cm}-5\text{ cm})=6\text{ cm}^2$.",VERIFIED_INVALID,Deterministic Operator AST Verifier,"Numerator/denominator flipped (1/2 -> 2/1), altering fraction value.",VALID_REFERENCE_STEP,MATHEMATICALLY_INVALID,PASSED,"Numerator/denominator flipped (1/2 -> 2/1), altering fraction value."
pair_math500_370,math500_370,OP_SIGN_FLIP,The dot product of $\begin{pmatrix} -2 \\ 0 \\ 7 \end{pmatrix}$ and $\begin{pmatrix} 3 \\ 4 \\ -5 \end{pmatrix}$ is,The dot product of $\begin{pmatrix} +2 \\ 0 \\ 7 \end{pmatrix}$ and $\begin{pmatrix} 3 \\ 4 \\ -5 \end{pmatrix}$ is,VERIFIED_INVALID,Deterministic Operator AST Verifier,"Arithmetic sign flipped (+ <-> -), altering algebraic expression value.",VALID_REFERENCE_STEP,MATHEMATICALLY_INVALID,PASSED,"Arithmetic sign flipped (+ <-> -), altering algebraic expression value."
pair_math500_371,math500_371,OP_CONSTANT_PERTURB,"Setting $x = 0,$ we get $|c| \le 1.$  Setting $x = 1,$ we get","Setting $x = 1,$ we get $|c| \le 1.$  Setting $x = 1,$ we get",VERIFIED_INVALID,Deterministic Operator AST Verifier,"Numerical constant perturbed (0 -> 1), contradicting reference solution.",VALID_REFERENCE_STEP,MATHEMATICALLY_INVALID,PASSED,"Numerical constant perturbed (0 -> 1), contradicting reference solution."
pair_math500_372,math500_372,OP_CONSTANT_PERTURB,"Since $\angle BCA = 40^\circ$ and $\triangle ADC$ is isosceles with $AD=DC,$ we know $\angle DAC=\angle ACD=40^\circ.$","Since $\angle BCA = 41^\circ$ and $\triangle ADC$ is isosceles with $AD=DC,$ we know $\angle DAC=\angle ACD=40^\circ.$",VERIFIED_INVALID,Deterministic Operator AST Verifier,"Numerical constant perturbed (40 -> 41), contradicting reference solution.",VALID_REFERENCE_STEP,MATHEMATICALLY_INVALID,PASSED,"Numerical constant perturbed (40 -> 41), contradicting reference solution."
pair_math500_373,math500_373,OP_SIGN_FLIP,"In this case, the conjugate of $1+2i$ is $1-2i$.","In this case, the conjugate of $1-2i$ is $1-2i$.",VERIFIED_INVALID,Deterministic Operator AST Verifier,"Arithmetic sign flipped (+ <-> -), altering algebraic expression value.",VALID_REFERENCE_STEP,MATHEMATICALLY_INVALID,PASSED,"Arithmetic sign flipped (+ <-> -), altering algebraic expression value."
pair_math500_374,math500_374,OP_CONSTANT_PERTURB,The positive square root of 64 is $\sqrt{64}=8$.,The positive square root of 65 is $\sqrt{64}=8$.,VERIFIED_INVALID,Deterministic Operator AST Verifier,"Numerical constant perturbed (64 -> 65), contradicting reference solution.",VALID_REFERENCE_STEP,MATHEMATICALLY_INVALID,PASSED,"Numerical constant perturbed (64 -> 65), contradicting reference solution."
pair_math500_375,math500_375,OP_CONSTANT_PERTURB,The prime factorization of $500$ is $2^2 \cdot 5^3$.,The prime factorization of $501$ is $2^2 \cdot 5^3$.,VERIFIED_INVALID,Deterministic Operator AST Verifier,"Numerical constant perturbed (500 -> 501), contradicting reference solution.",VALID_REFERENCE_STEP,MATHEMATICALLY_INVALID,PASSED,"Numerical constant perturbed (500 -> 501), contradicting reference solution."
pair_math500_376,math500_376,OP_FRACTION_FLIP,"Since $A$ has coordinates $(10,-10)$ and $O$ has coordinates $(0,0)$, $AO$ has slope $\frac{-10-0}{10-0}=-1$.","Since $A$ has coordinates $(10,-10)$ and $O$ has coordinates $(0,0)$, $AO$ has slope $\frac{10-0}{-10-0}=-1$.",VERIFIED_INVALID,Deterministic Operator AST Verifier,"Numerator/denominator flipped (-10-0/10-0 -> 10-0/-10-0), altering fraction value.",VALID_REFERENCE_STEP,MATHEMATICALLY_INVALID,PASSED,"Numerator/denominator flipped (-10-0/10-0 -> 10-0/-10-0), altering fraction value."
pair_math500_377,math500_377,OP_CONSTANT_PERTURB,"The exponent of the base $24$ is an even number, say $2n$.","The exponent of the base $25$ is an even number, say $2n$.",VERIFIED_INVALID,Deterministic Operator AST Verifier,"Numerical constant perturbed (24 -> 25), contradicting reference solution.",VALID_REFERENCE_STEP,MATHEMATICALLY_INVALID,PASSED,"Numerical constant perturbed (24 -> 25), contradicting reference solution."
pair_math500_378,math500_378,OP_CONSTANT_PERTURB,"First, we list all the two-digit numbers with a digits sum of 8:","First, we list all the two-digit numbers with a digits sum of 9:",VERIFIED_INVALID,Deterministic Operator AST Verifier,"Numerical constant perturbed (8 -> 9), contradicting reference solution.",VALID_REFERENCE_STEP,MATHEMATICALLY_INVALID,PASSED,"Numerical constant perturbed (8 -> 9), contradicting reference solution."
pair_math500_379,math500_379,OP_CONSTANT_PERTURB,The grade level in which the number of male bus riders is closest to $135\%$ of the number of female bus riders is the same grade level in which the percentage of male bus riders is closest to $135\%$ of the percentage of female bus riders.,The grade level in which the number of male bus riders is closest to $136\%$ of the number of female bus riders is the same grade level in which the percentage of male bus riders is closest to $135\%$ of the percentage of female bus riders.,VERIFIED_INVALID,Deterministic Operator AST Verifier,"Numerical constant perturbed (135 -> 136), contradicting reference solution.",VALID_REFERENCE_STEP,MATHEMATICALLY_INVALID,PASSED,"Numerical constant perturbed (135 -> 136), contradicting reference solution."
pair_math500_380,math500_380,OP_SIGN_FLIP,"Note that $|x^2 - 81| \ge 0$ for all $x,$ with $|x^2 - 81| = 0$ only for $x = \pm 9.$","Note that $|x^2 + 81| \ge 0$ for all $x,$ with $|x^2 - 81| = 0$ only for $x = \pm 9.$",VERIFIED_INVALID,Deterministic Operator AST Verifier,"Arithmetic sign flipped (+ <-> -), altering algebraic expression value.",VALID_REFERENCE_STEP,MATHEMATICALLY_INVALID,PASSED,"Arithmetic sign flipped (+ <-> -), altering algebraic expression value."
pair_math500_381,math500_381,OP_SIGN_FLIP,"If a triangle with sides of length 1, $x$, and $y$ exists, the triangle inequality must be satisfied, which states that $x+y>1$, $1+x>y$, and $1+y>x$.","If a triangle with sides of length 1, $x$, and $y$ exists, the triangle inequality must be satisfied, which states that $x-y>1$, $1+x>y$, and $1+y>x$.",VERIFIED_INVALID,Deterministic Operator AST Verifier,"Arithmetic sign flipped (+ <-> -), altering algebraic expression value.",VALID_REFERENCE_STEP,MATHEMATICALLY_INVALID,PASSED,"Arithmetic sign flipped (+ <-> -), altering algebraic expression value."
pair_math500_382,math500_382,OP_SIGN_FLIP,"Then the length of the track is $2w + 2 \pi r = 400,$ so $w + \pi r = 200.$  By AM-GM,","Then the length of the track is $2w - 2 \pi r = 400,$ so $w + \pi r = 200.$  By AM-GM,",VERIFIED_INVALID,Deterministic Operator AST Verifier,"Arithmetic sign flipped (+ <-> -), altering algebraic expression value.",VALID_REFERENCE_STEP,MATHEMATICALLY_INVALID,PASSED,"Arithmetic sign flipped (+ <-> -), altering algebraic expression value."
pair_math500_383,math500_383,OP_SIGN_FLIP,"Re-arranging, $x^2 - 5x - 14 \le 0$.","Re+arranging, $x^2 - 5x - 14 \le 0$.",VERIFIED_INVALID,Deterministic Operator AST Verifier,"Arithmetic sign flipped (+ <-> -), altering algebraic expression value.",VALID_REFERENCE_STEP,MATHEMATICALLY_INVALID,PASSED,"Arithmetic sign flipped (+ <-> -), altering algebraic expression value."
pair_math500_384,math500_384,OP_SIGN_FLIP,"Rearranging and grouping, we obtain $(19x - 4x) + (1 - 81) = \boxed{15x - 80}$.","Rearranging and grouping, we obtain $(19x - 4x) - (1 - 81) = \boxed{15x - 80}$.",VERIFIED_INVALID,Deterministic Operator AST Verifier,"Arithmetic sign flipped (+ <-> -), altering algebraic expression value.",VALID_REFERENCE_STEP,MATHEMATICALLY_INVALID,PASSED,"Arithmetic sign flipped (+ <-> -), altering algebraic expression value."
pair_math500_385,math500_385,OP_CONSTANT_PERTURB,"After Kathy has exchanged half of her money ($300\text{ USD}\div 2 = 150\text{ USD}$) into pounds, she will have $150\text{ USD}\times\frac{1\text{ pound}}{1.64 \text{ USD}}\approx 91.46 \text{ pounds}$.","After Kathy has exchanged half of her money ($301\text{ USD}\div 2 = 150\text{ USD}$) into pounds, she will have $150\text{ USD}\times\frac{1\text{ pound}}{1.64 \text{ USD}}\approx 91.46 \text{ pounds}$.",VERIFIED_INVALID,Deterministic Operator AST Verifier,"Numerical constant perturbed (300 -> 301), contradicting reference solution.",VALID_REFERENCE_STEP,MATHEMATICALLY_INVALID,PASSED,"Numerical constant perturbed (300 -> 301), contradicting reference solution."
pair_math500_386,math500_386,OP_SIGN_FLIP,"Getting rid of the absolute value, we have $-5.6 \le x-2 \le 5.6$, or $-3.6 \le x \le 7.6$.","Getting rid of the absolute value, we have $+5.6 \le x-2 \le 5.6$, or $-3.6 \le x \le 7.6$.",VERIFIED_INVALID,Deterministic Operator AST Verifier,"Arithmetic sign flipped (+ <-> -), altering algebraic expression value.",VALID_REFERENCE_STEP,MATHEMATICALLY_INVALID,PASSED,"Arithmetic sign flipped (+ <-> -), altering algebraic expression value."
pair_math500_387,math500_387,OP_SIGN_FLIP,We have $f(-2) = 5(-2)^2 + 3(-2) + 4 = 5(4) -6 + 4 = \boxed{18}$.,We have $f(-2) = 5(-2)^2 - 3(-2) + 4 = 5(4) -6 + 4 = \boxed{18}$.,VERIFIED_INVALID,Deterministic Operator AST Verifier,"Arithmetic sign flipped (+ <-> -), altering algebraic expression value.",VALID_REFERENCE_STEP,MATHEMATICALLY_INVALID,PASSED,"Arithmetic sign flipped (+ <-> -), altering algebraic expression value."
pair_math500_388,math500_388,OP_FRACTION_FLIP,"A real number $x$ is in the domain of $g$ if and only if $$(x-3)^2 - (x-8)^2 \ge 0.$$ Expanding this out and simplifying, we get $$10x - 55\ge 0;$$ the smallest solution is $x=\frac{55}{10}=\boxed{\frac{11}{2}}$.","A real number $x$ is in the domain of $g$ if and only if $$(x-3)^2 - (x-8)^2 \ge 0.$$ Expanding this out and simplifying, we get $$10x - 55\ge 0;$$ the smallest solution is $x=\frac{10}{55}=\boxed{\frac{11}{2}}$.",VERIFIED_INVALID,Deterministic Operator AST Verifier,"Numerator/denominator flipped (55/10 -> 10/55), altering fraction value.",VALID_REFERENCE_STEP,MATHEMATICALLY_INVALID,PASSED,"Numerator/denominator flipped (55/10 -> 10/55), altering fraction value."
pair_math500_389,math500_389,OP_FRACTION_FLIP,"Because $\triangle RST$ is a right triangle, $\sin R = \frac{ST}{RT}$.","Because $\triangle RST$ is a right triangle, $\sin R = \frac{RT}{ST}$.",VERIFIED_INVALID,Deterministic Operator AST Verifier,"Numerator/denominator flipped (ST/RT -> RT/ST), altering fraction value.",VALID_REFERENCE_STEP,MATHEMATICALLY_INVALID,PASSED,"Numerator/denominator flipped (ST/RT -> RT/ST), altering fraction value."
pair_math500_390,math500_390,OP_SIGN_FLIP,"By the distance formula, we are trying to minimize $\sqrt{x^2+y^2}=\sqrt{x^2+(1/2)(x^4-6x^2+9)}$.","By the distance formula, we are trying to minimize $\sqrt{x^2-y^2}=\sqrt{x^2+(1/2)(x^4-6x^2+9)}$.",VERIFIED_INVALID,Deterministic Operator AST Verifier,"Arithmetic sign flipped (+ <-> -), altering algebraic expression value.",VALID_REFERENCE_STEP,MATHEMATICALLY_INVALID,PASSED,"Arithmetic sign flipped (+ <-> -), altering algebraic expression value."
pair_math500_391,math500_391,OP_SIGN_FLIP,The number $f^{-1}(0)$ is the value of $x$ such that $f(x) = 0$.,The number $f^{+1}(0)$ is the value of $x$ such that $f(x) = 0$.,VERIFIED_INVALID,Deterministic Operator AST Verifier,"Arithmetic sign flipped (+ <-> -), altering algebraic expression value.",VALID_REFERENCE_STEP,MATHEMATICALLY_INVALID,PASSED,"Arithmetic sign flipped (+ <-> -), altering algebraic expression value."
pair_math500_392,math500_392,OP_SIGN_FLIP,"Let $P = (x,y,z),$ and let the vertices of the octahedron be $A = (a,0,0),$ $B = (-a,0,0),$ $C = (0,a,0),$ $D = (0,-a,0),$ $E = (0,0,a),$ and $F = (0,0,-a).$  Then the squares of the distances from $P$ to the vertices are
\begin{align*}
d_A^2 &= (x - a)^2 + y^2 + z^2, \\
d_B^2 &= (x + a)^2 + y^2 + z^2, \\
d_C^2 &= x^2 + (y - a)^2 + z^2, \\
d_D^2 &= x^2 + (y + a)^2 + z^2, \\
d_E^2 &= x^2 + y^2 + (z - a)^2, \\
d_F^2 &= x^2 + y^2 + (z + a)^2.
\end{align*}Note that","Let $P = (x,y,z),$ and let the vertices of the octahedron be $A = (a,0,0),$ $B = (-a,0,0),$ $C = (0,a,0),$ $D = (0,-a,0),$ $E = (0,0,a),$ and $F = (0,0,-a).$  Then the squares of the distances from $P$ to the vertices are
\begin{align*}
d_A^2 &= (x - a)^2 - y^2 + z^2, \\
d_B^2 &= (x + a)^2 + y^2 + z^2, \\
d_C^2 &= x^2 + (y - a)^2 + z^2, \\
d_D^2 &= x^2 + (y + a)^2 + z^2, \\
d_E^2 &= x^2 + y^2 + (z - a)^2, \\
d_F^2 &= x^2 + y^2 + (z + a)^2.
\end{align*}Note that",VERIFIED_INVALID,Deterministic Operator AST Verifier,"Arithmetic sign flipped (+ <-> -), altering algebraic expression value.",VALID_REFERENCE_STEP,MATHEMATICALLY_INVALID,PASSED,"Arithmetic sign flipped (+ <-> -), altering algebraic expression value."
pair_math500_393,math500_393,OP_FRACTION_FLIP,"If $j_1$ is the acceleration of Jen's ball and $j_2$ is the acceleration of Jack's ball, then we have $$j_1 \cdot 200 = j_2 \cdot 150\qquad \Rightarrow\qquad \frac{j_1}{j_2} = \boxed{\frac 34}.$$","If $j_1$ is the acceleration of Jen's ball and $j_2$ is the acceleration of Jack's ball, then we have $$j_1 \cdot 200 = j_2 \cdot 150\qquad \Rightarrow\qquad \frac{j_2}{j_1} = \boxed{\frac 34}.$$",VERIFIED_INVALID,Deterministic Operator AST Verifier,"Numerator/denominator flipped (j_1/j_2 -> j_2/j_1), altering fraction value.",VALID_REFERENCE_STEP,MATHEMATICALLY_INVALID,PASSED,"Numerator/denominator flipped (j_1/j_2 -> j_2/j_1), altering fraction value."
pair_math500_394,math500_394,OP_SIGN_FLIP,"Expanding $z,$ we get
\begin{align*}
z &= 4x^2 - 4xy + y^2 - 2y^2 - 3y \\
&= -y^2 - (4x + 3) y + 4x^2.
\end{align*}After Archimedes chooses $x,$ Brahmagupta will choose","Expanding $z,$ we get
\begin{align*}
z &= 4x^2 - 4xy - y^2 - 2y^2 - 3y \\
&= -y^2 - (4x + 3) y + 4x^2.
\end{align*}After Archimedes chooses $x,$ Brahmagupta will choose",VERIFIED_INVALID,Deterministic Operator AST Verifier,"Arithmetic sign flipped (+ <-> -), altering algebraic expression value.",VALID_REFERENCE_STEP,MATHEMATICALLY_INVALID,PASSED,"Arithmetic sign flipped (+ <-> -), altering algebraic expression value."
pair_math500_395,math500_395,OP_CONSTANT_PERTURB,Note that $a^2 = 64$ and $\sqrt[3]{64} = 4$.,Note that $a^3 = 64$ and $\sqrt[3]{64} = 4$.,VERIFIED_INVALID,Deterministic Operator AST Verifier,"Numerical constant perturbed (2 -> 3), contradicting reference solution.",VALID_REFERENCE_STEP,MATHEMATICALLY_INVALID,PASSED,"Numerical constant perturbed (2 -> 3), contradicting reference solution."
pair_math500_396,math500_396,OP_CONSTANT_PERTURB,"Since $ABCD$ has area $16$, $AD$ has length $4$.","Since $ABCD$ has area $17$, $AD$ has length $4$.",VERIFIED_INVALID,Deterministic Operator AST Verifier,"Numerical constant perturbed (16 -> 17), contradicting reference solution.",VALID_REFERENCE_STEP,MATHEMATICALLY_INVALID,PASSED,"Numerical constant perturbed (16 -> 17), contradicting reference solution."
pair_math500_397,math500_397,OP_SIGN_FLIP,Expanding and collecting terms on the left hand side of the first equation gives $5x+2=17$.,Expanding and collecting terms on the left hand side of the first equation gives $5x-2=17$.,VERIFIED_INVALID,Deterministic Operator AST Verifier,"Arithmetic sign flipped (+ <-> -), altering algebraic expression value.",VALID_REFERENCE_STEP,MATHEMATICALLY_INVALID,PASSED,"Arithmetic sign flipped (+ <-> -), altering algebraic expression value."
pair_math500_398,math500_398,OP_CONSTANT_PERTURB,In one hour Navin makes $160\text{ rupee} \times \frac{1\text{ USD}}{32.35\text{ rupee}}\approx 4.95\; \text{USD}$.,In one hour Navin makes $161\text{ rupee} \times \frac{1\text{ USD}}{32.35\text{ rupee}}\approx 4.95\; \text{USD}$.,VERIFIED_INVALID,Deterministic Operator AST Verifier,"Numerical constant perturbed (160 -> 161), contradicting reference solution.",VALID_REFERENCE_STEP,MATHEMATICALLY_INVALID,PASSED,"Numerical constant perturbed (160 -> 161), contradicting reference solution."
pair_math500_399,math500_399,OP_SIGN_FLIP,"\[
\begin{array}{@{}c@{}c@{}c@{}c@{}c@{}c}
& & & 1 & \\
& 3 & 1 & 3. & 9 \\
+ & & 1 & 2. & 6
\\ \cline{1-5}
& 3 & 2 & 6. & 5 \\
\end{array}
\]","\[
\begin{array}{@{}c@{}c@{}c@{}c@{}c@{}c}
& & & 1 & \\
& 3 & 1 & 3. & 9 \\
- & & 1 & 2. & 6
\\ \cline{1-5}
& 3 & 2 & 6. & 5 \\
\end{array}
\]",VERIFIED_INVALID,Deterministic Operator AST Verifier,"Arithmetic sign flipped (+ <-> -), altering algebraic expression value.",VALID_REFERENCE_STEP,MATHEMATICALLY_INVALID,PASSED,"Arithmetic sign flipped (+ <-> -), altering algebraic expression value."
pair_math500_400,math500_400,OP_SIGN_FLIP,"We have $QD=QB-DB=14-r$ and $QC=7$, so we can apply the Pythagorean theorem to triangle $QCD$ to obtain","We have $QD=QB+DB=14-r$ and $QC=7$, so we can apply the Pythagorean theorem to triangle $QCD$ to obtain",VERIFIED_INVALID,Deterministic Operator AST Verifier,"Arithmetic sign flipped (+ <-> -), altering algebraic expression value.",VALID_REFERENCE_STEP,MATHEMATICALLY_INVALID,PASSED,"Arithmetic sign flipped (+ <-> -), altering algebraic expression value."
pair_math500_401,math500_401,OP_SIGN_FLIP,"Let $z = x + yi,$ where $x$ and $y$ are real numbers.","Let $z = x - yi,$ where $x$ and $y$ are real numbers.",VERIFIED_INVALID,Deterministic Operator AST Verifier,"Arithmetic sign flipped (+ <-> -), altering algebraic expression value.",VALID_REFERENCE_STEP,MATHEMATICALLY_INVALID,PASSED,"Arithmetic sign flipped (+ <-> -), altering algebraic expression value."
pair_math500_402,math500_402,OP_SIGN_FLIP,A $90^\circ$ rotation in the clockwise direction corresponds to multiplication by $\operatorname{cis} (-90^\circ) = -i.$,A $90^\circ$ rotation in the clockwise direction corresponds to multiplication by $\operatorname{cis} (+90^\circ) = -i.$,VERIFIED_INVALID,Deterministic Operator AST Verifier,"Arithmetic sign flipped (+ <-> -), altering algebraic expression value.",VALID_REFERENCE_STEP,MATHEMATICALLY_INVALID,PASSED,"Arithmetic sign flipped (+ <-> -), altering algebraic expression value."
pair_math500_403,math500_403,OP_CONSTANT_PERTURB,"First, let us convert $629_{10}$ to each of the two bases.","First, let us convert $629_{11}$ to each of the two bases.",VERIFIED_INVALID,Deterministic Operator AST Verifier,"Numerical constant perturbed (10 -> 11), contradicting reference solution.",VALID_REFERENCE_STEP,MATHEMATICALLY_INVALID,PASSED,"Numerical constant perturbed (10 -> 11), contradicting reference solution."
pair_math500_404,math500_404,OP_SIGN_FLIP,"Of the 5 boxes with pencils, 2 have pens also, so $5-2=3$ have pencils only.","Of the 5 boxes with pencils, 2 have pens also, so $5+2=3$ have pencils only.",VERIFIED_INVALID,Deterministic Operator AST Verifier,"Arithmetic sign flipped (+ <-> -), altering algebraic expression value.",VALID_REFERENCE_STEP,MATHEMATICALLY_INVALID,PASSED,"Arithmetic sign flipped (+ <-> -), altering algebraic expression value."
pair_math500_405,math500_405,OP_CONSTANT_PERTURB,"If we number the three people 1, 2, and 3, there are $5$ offices that person 1 can be assigned to, $4$ offices that person 2 can be assigned to, and $3$ offices that person 3 can be assigned to.","If we number the three people 2, 2, and 3, there are $5$ offices that person 1 can be assigned to, $4$ offices that person 2 can be assigned to, and $3$ offices that person 3 can be assigned to.",VERIFIED_INVALID,Deterministic Operator AST Verifier,"Numerical constant perturbed (1 -> 2), contradicting reference solution.",VALID_REFERENCE_STEP,MATHEMATICALLY_INVALID,PASSED,"Numerical constant perturbed (1 -> 2), contradicting reference solution."
pair_math500_406,math500_406,OP_CONSTANT_PERTURB,An integer is divisible by 12 if and only if it is divisible by both 3 and 4.,An integer is divisible by 13 if and only if it is divisible by both 3 and 4.,VERIFIED_INVALID,Deterministic Operator AST Verifier,"Numerical constant perturbed (12 -> 13), contradicting reference solution.",VALID_REFERENCE_STEP,MATHEMATICALLY_INVALID,PASSED,"Numerical constant perturbed (12 -> 13), contradicting reference solution."
pair_math500_407,math500_407,OP_FRACTION_FLIP,$f^{-1}\left(\frac{1}{5}\right)$ is defined as the number $x$ such that $f(x)=\frac{1}{5}$.,$f^{-1}\left(\frac{5}{1}\right)$ is defined as the number $x$ such that $f(x)=\frac{1}{5}$.,VERIFIED_INVALID,Deterministic Operator AST Verifier,"Numerator/denominator flipped (1/5 -> 5/1), altering fraction value.",VALID_REFERENCE_STEP,MATHEMATICALLY_INVALID,PASSED,"Numerator/denominator flipped (1/5 -> 5/1), altering fraction value."
pair_math500_408,math500_408,OP_CONSTANT_PERTURB,"The midpoint of $(5,0)$ and $(4,3)$ is","The midpoint of $(6,0)$ and $(4,3)$ is",VERIFIED_INVALID,Deterministic Operator AST Verifier,"Numerical constant perturbed (5 -> 6), contradicting reference solution.",VALID_REFERENCE_STEP,MATHEMATICALLY_INVALID,PASSED,"Numerical constant perturbed (5 -> 6), contradicting reference solution."
pair_math500_409,math500_409,OP_CONSTANT_PERTURB,"The intersection of the asymptotes is $(5,7),$ so this is the center of the hyperbola.","The intersection of the asymptotes is $(6,7),$ so this is the center of the hyperbola.",VERIFIED_INVALID,Deterministic Operator AST Verifier,"Numerical constant perturbed (5 -> 6), contradicting reference solution.",VALID_REFERENCE_STEP,MATHEMATICALLY_INVALID,PASSED,"Numerical constant perturbed (5 -> 6), contradicting reference solution."
pair_math500_410,math500_410,OP_CONSTANT_PERTURB,The number $21420N$ is divisible by $6$ if and only if it is even and the sum of its digits is divisible by $3$.,The number $21420N$ is divisible by $7$ if and only if it is even and the sum of its digits is divisible by $3$.,VERIFIED_INVALID,Deterministic Operator AST Verifier,"Numerical constant perturbed (6 -> 7), contradicting reference solution.",VALID_REFERENCE_STEP,MATHEMATICALLY_INVALID,PASSED,"Numerical constant perturbed (6 -> 7), contradicting reference solution."
pair_math500_411,math500_411,OP_CONSTANT_PERTURB,"The only handshakes at the arcane mixer were between the $6$ witches and $10$ sorcerers, so there were $6 \cdot 10 = \boxed{60}$ handshakes at the mixer.","The only handshakes at the arcane mixer were between the $7$ witches and $10$ sorcerers, so there were $6 \cdot 10 = \boxed{60}$ handshakes at the mixer.",VERIFIED_INVALID,Deterministic Operator AST Verifier,"Numerical constant perturbed (6 -> 7), contradicting reference solution.",VALID_REFERENCE_STEP,MATHEMATICALLY_INVALID,PASSED,"Numerical constant perturbed (6 -> 7), contradicting reference solution."
pair_math500_413,math500_413,OP_FRACTION_FLIP,\[\frac{(10r^3)(4r^6)}{8r^4}= \frac{40r^{3+6}}{8r^4} = \frac{40}{8}r^{3+6-4} = \boxed{5r^5}.\],\[\frac{8r^4}{(10r^3)(4r^6)}= \frac{40r^{3+6}}{8r^4} = \frac{40}{8}r^{3+6-4} = \boxed{5r^5}.\],VERIFIED_INVALID,Deterministic Operator AST Verifier,"Numerator/denominator flipped ((10r^3)(4r^6)/8r^4 -> 8r^4/(10r^3)(4r^6)), altering fraction value.",VALID_REFERENCE_STEP,MATHEMATICALLY_INVALID,PASSED,"Numerator/denominator flipped ((10r^3)(4r^6)/8r^4 -> 8r^4/(10r^3)(4r^6)), altering fraction value."
pair_math500_414,math500_414,OP_SIGN_FLIP,"First we multiply all terms in the equation by 3 to avoid fractions and then solve for $a$. \begin{align*}
9\cdot5^2-4(5-a)^2&=3\cdot63\quad\Rightarrow\\
-4(5-a)^2&=9\cdot21-9\cdot25\quad\Rightarrow\\
&=9(-4)\quad\Rightarrow\\
(5-a)^2&=9
\end{align*} Therefore, \begin{align*}
5-a=3\quad\text{ OR }\quad 5-a=-3\quad\Rightarrow\\
2=a \quad\text{ OR }\quad 8=a.
\end{align*} The sum of the values of $a$ is $2+8=\boxed{10}$.","First we multiply all terms in the equation by 3 to avoid fractions and then solve for $a$. \begin{align*}
9\cdot5^2-4(5-a)^2&=3\cdot63\quad\Rightarrow\\
-4(5-a)^2&=9\cdot21-9\cdot25\quad\Rightarrow\\
&=9(-4)\quad\Rightarrow\\
(5-a)^2&=9
\end{align*} Therefore, \begin{align*}
5-a=3\quad\text{ OR }\quad 5-a=-3\quad\Rightarrow\\
2=a \quad\text{ OR }\quad 8=a.
\end{align*} The sum of the values of $a$ is $2-8=\boxed{10}$.",VERIFIED_INVALID,Deterministic Operator AST Verifier,"Arithmetic sign flipped (+ <-> -), altering algebraic expression value.",VALID_REFERENCE_STEP,MATHEMATICALLY_INVALID,PASSED,"Arithmetic sign flipped (+ <-> -), altering algebraic expression value."
pair_math500_416,math500_416,OP_FRACTION_FLIP,"We can write
\begin{align*}
\sin^3 18^\circ + \sin^2 18^\circ &= \sin^2 18^\circ (\sin 18^\circ + 1) \\
&= \sin^2 18^\circ (\sin 18^\circ + \sin 90^\circ).
\end{align*}By sum-to-product,
\begin{align*}
\sin^2 18^\circ (\sin 18^\circ + \sin 90^\circ) &= \sin^2 18^\circ \cdot 2 \sin 54^\circ \cos 36^\circ \\
&= 2 \sin^2 18^\circ \cos^2 36^\circ \\
&= \frac{2 \sin^2 18^\circ \cos^2 18^\circ \cos^2 36^\circ}{\cos^2 18^\circ} \\
&= \frac{4 \sin^2 18^\circ \cos^2 18^\circ \cos^2 36^\circ}{2 \cos^2 18^\circ}.
\end{align*}Then by double angle formula,
\begin{align*}
\frac{4 \sin^2 18^\circ \cos^2 18^\circ \cos^2 36^\circ}{2 \cos^2 18^\circ} &= \frac{\sin^2 36^\circ \cos^2 36^\circ}{2 \cos^2 18^\circ} \\
&= \frac{4 \sin^2 36^\circ \cos^2 36^\circ}{8 \cos^2 18^\circ} \\
&= \frac{\sin^2 72^\circ}{8 \cos^2 18^\circ} \\
&= \boxed{\frac{1}{8}}.
\end{align*}Alternatively, we can plug in the value $\sin 18^\circ = \frac{\sqrt{5} - 1}{4}.$","We can write
\begin{align*}
\sin^3 18^\circ + \sin^2 18^\circ &= \sin^2 18^\circ (\sin 18^\circ + 1) \\
&= \sin^2 18^\circ (\sin 18^\circ + \sin 90^\circ).
\end{align*}By sum-to-product,
\begin{align*}
\sin^2 18^\circ (\sin 18^\circ + \sin 90^\circ) &= \sin^2 18^\circ \cdot 2 \sin 54^\circ \cos 36^\circ \\
&= 2 \sin^2 18^\circ \cos^2 36^\circ \\
&= \frac{\cos^2 18^\circ}{2 \sin^2 18^\circ \cos^2 18^\circ \cos^2 36^\circ} \\
&= \frac{4 \sin^2 18^\circ \cos^2 18^\circ \cos^2 36^\circ}{2 \cos^2 18^\circ}.
\end{align*}Then by double angle formula,
\begin{align*}
\frac{4 \sin^2 18^\circ \cos^2 18^\circ \cos^2 36^\circ}{2 \cos^2 18^\circ} &= \frac{\sin^2 36^\circ \cos^2 36^\circ}{2 \cos^2 18^\circ} \\
&= \frac{4 \sin^2 36^\circ \cos^2 36^\circ}{8 \cos^2 18^\circ} \\
&= \frac{\sin^2 72^\circ}{8 \cos^2 18^\circ} \\
&= \boxed{\frac{1}{8}}.
\end{align*}Alternatively, we can plug in the value $\sin 18^\circ = \frac{\sqrt{5} - 1}{4}.$",VERIFIED_INVALID,Deterministic Operator AST Verifier,"Numerator/denominator flipped (2 \sin^2 18^\circ \cos^2 18^\circ \cos^2 36^\circ/\cos^2 18^\circ -> \cos^2 18^\circ/2 \sin^2 18^\circ \cos^2 18^\circ \cos^2 36^\circ), altering fraction value.",VALID_REFERENCE_STEP,MATHEMATICALLY_INVALID,PASSED,"Numerator/denominator flipped (2 \sin^2 18^\circ \cos^2 18^\circ \cos^2 36^\circ/\cos^2 18^\circ -> \cos^2 18^\circ/2 \sin^2 18^\circ \cos^2 18^\circ \cos^2 36^\circ), altering fraction value."
pair_math500_417,math500_417,OP_CONSTANT_PERTURB,The sum of the coefficients of $g(x)$ can be found by evaluating $g(1)$.,The sum of the coefficients of $g(x)$ can be found by evaluating $g(2)$.,VERIFIED_INVALID,Deterministic Operator AST Verifier,"Numerical constant perturbed (1 -> 2), contradicting reference solution.",VALID_REFERENCE_STEP,MATHEMATICALLY_INVALID,PASSED,"Numerical constant perturbed (1 -> 2), contradicting reference solution."
pair_math500_418,math500_418,OP_CONSTANT_PERTURB,"The shortest line from the point $(6,0)$ to the given line will be perpendicular to it.","The shortest line from the point $(7,0)$ to the given line will be perpendicular to it.",VERIFIED_INVALID,Deterministic Operator AST Verifier,"Numerical constant perturbed (6 -> 7), contradicting reference solution.",VALID_REFERENCE_STEP,MATHEMATICALLY_INVALID,PASSED,"Numerical constant perturbed (6 -> 7), contradicting reference solution."
pair_math500_419,math500_419,OP_SIGN_FLIP,"\[\begin{pmatrix} 1 \\ 2 \\ -5 \end{pmatrix} \times \begin{pmatrix} a \\ b \\ c \end{pmatrix} = \begin{pmatrix} 90 \\ 30 \\ 30 \end{pmatrix},\]","\[\begin{pmatrix} 1 \\ 2 \\ +5 \end{pmatrix} \times \begin{pmatrix} a \\ b \\ c \end{pmatrix} = \begin{pmatrix} 90 \\ 30 \\ 30 \end{pmatrix},\]",VERIFIED_INVALID,Deterministic Operator AST Verifier,"Arithmetic sign flipped (+ <-> -), altering algebraic expression value.",VALID_REFERENCE_STEP,MATHEMATICALLY_INVALID,PASSED,"Arithmetic sign flipped (+ <-> -), altering algebraic expression value."
pair_math500_420,math500_420,OP_FRACTION_FLIP,\[\frac{\mathbf{a} \cdot \mathbf{b}}{\mathbf{b} \cdot \mathbf{b}} \mathbf{b} = \frac{8}{2^2 + 6^2 + 3^2} \begin{pmatrix} 2 \\ 6 \\ 3 \end{pmatrix} = \boxed{\begin{pmatrix} 16/49 \\ 48/49 \\ 24/49 \end{pmatrix}}.\],\[\frac{\mathbf{a} \cdot \mathbf{b}}{\mathbf{b} \cdot \mathbf{b}} \mathbf{b} = \frac{2^2 + 6^2 + 3^2}{8} \begin{pmatrix} 2 \\ 6 \\ 3 \end{pmatrix} = \boxed{\begin{pmatrix} 16/49 \\ 48/49 \\ 24/49 \end{pmatrix}}.\],VERIFIED_INVALID,Deterministic Operator AST Verifier,"Numerator/denominator flipped (8/2^2 + 6^2 + 3^2 -> 2^2 + 6^2 + 3^2/8), altering fraction value.",VALID_REFERENCE_STEP,MATHEMATICALLY_INVALID,PASSED,"Numerator/denominator flipped (8/2^2 + 6^2 + 3^2 -> 2^2 + 6^2 + 3^2/8), altering fraction value."
pair_math500_421,math500_421,OP_SIGN_FLIP,"From the equation $\arccos x + \arccos 2x + \arccos 3x = \pi,$ $\arccos x + \arccos 2x = \pi - \arccos 3x,$ so","From the equation $\arccos x - \arccos 2x + \arccos 3x = \pi,$ $\arccos x + \arccos 2x = \pi - \arccos 3x,$ so",VERIFIED_INVALID,Deterministic Operator AST Verifier,"Arithmetic sign flipped (+ <-> -), altering algebraic expression value.",VALID_REFERENCE_STEP,MATHEMATICALLY_INVALID,PASSED,"Arithmetic sign flipped (+ <-> -), altering algebraic expression value."
pair_math500_422,math500_422,OP_SIGN_FLIP,"Employing the elementary symmetric polynomials ($s_1 = \alpha_1+\alpha_2+\alpha_3+\alpha_4 = -2$, $s_2 = \alpha_1\alpha_2 + \alpha_1\alpha_3 + \alpha_1\alpha_4 + \alpha_2\alpha_3 + \alpha_2\alpha_4 + \alpha_3\alpha_4 = 0$, $s_3 = \alpha_1\alpha_2\alpha_3 + \alpha_2\alpha_3\alpha_4 + \alpha_3\alpha_4\alpha_1 + \alpha_4\alpha_1\alpha_2 = 0$, and $s_4 = \alpha_1\alpha_2\alpha_3\alpha_4 = 2$) we consider the polynomial","Employing the elementary symmetric polynomials ($s_1 = \alpha_1-\alpha_2+\alpha_3+\alpha_4 = -2$, $s_2 = \alpha_1\alpha_2 + \alpha_1\alpha_3 + \alpha_1\alpha_4 + \alpha_2\alpha_3 + \alpha_2\alpha_4 + \alpha_3\alpha_4 = 0$, $s_3 = \alpha_1\alpha_2\alpha_3 + \alpha_2\alpha_3\alpha_4 + \alpha_3\alpha_4\alpha_1 + \alpha_4\alpha_1\alpha_2 = 0$, and $s_4 = \alpha_1\alpha_2\alpha_3\alpha_4 = 2$) we consider the polynomial",VERIFIED_INVALID,Deterministic Operator AST Verifier,"Arithmetic sign flipped (+ <-> -), altering algebraic expression value.",VALID_REFERENCE_STEP,MATHEMATICALLY_INVALID,PASSED,"Arithmetic sign flipped (+ <-> -), altering algebraic expression value."
pair_math500_423,math500_423,OP_CONSTANT_PERTURB,We want a remainder of $10$ when divided by both $11$ and $13$.,We want a remainder of $11$ when divided by both $11$ and $13$.,VERIFIED_INVALID,Deterministic Operator AST Verifier,"Numerical constant perturbed (10 -> 11), contradicting reference solution.",VALID_REFERENCE_STEP,MATHEMATICALLY_INVALID,PASSED,"Numerical constant perturbed (10 -> 11), contradicting reference solution."
pair_math500_425,math500_425,OP_SIGN_FLIP,\[\overrightarrow{G} = \frac{\overrightarrow{A} + \overrightarrow{B} + \overrightarrow{C}}{3}\],\[\overrightarrow{G} = \frac{\overrightarrow{A} - \overrightarrow{B} + \overrightarrow{C}}{3}\],VERIFIED_INVALID,Deterministic Operator AST Verifier,"Arithmetic sign flipped (+ <-> -), altering algebraic expression value.",VALID_REFERENCE_STEP,MATHEMATICALLY_INVALID,PASSED,"Arithmetic sign flipped (+ <-> -), altering algebraic expression value."
pair_math500_426,math500_426,OP_CONSTANT_PERTURB,"If we let $x = $ the side length of the triangle, then we can find the area of the triangle in terms of $x$ and then set it equal to $16 \sqrt{3}$ to find $x$.","If we let $x = $ the side length of the triangle, then we can find the area of the triangle in terms of $x$ and then set it equal to $17 \sqrt{3}$ to find $x$.",VERIFIED_INVALID,Deterministic Operator AST Verifier,"Numerical constant perturbed (16 -> 17), contradicting reference solution.",VALID_REFERENCE_STEP,MATHEMATICALLY_INVALID,PASSED,"Numerical constant perturbed (16 -> 17), contradicting reference solution."
pair_math500_427,math500_427,OP_SIGN_FLIP,"We can use the following system of equations to represent the information given: \begin{align*}
3p + e &= 124 \\
5p + e &= 182 \\
\end{align*} Subtracting the first equation from the second gives $2p = 58$, or $p = 29$.","We can use the following system of equations to represent the information given: \begin{align*}
3p - e &= 124 \\
5p + e &= 182 \\
\end{align*} Subtracting the first equation from the second gives $2p = 58$, or $p = 29$.",VERIFIED_INVALID,Deterministic Operator AST Verifier,"Arithmetic sign flipped (+ <-> -), altering algebraic expression value.",VALID_REFERENCE_STEP,MATHEMATICALLY_INVALID,PASSED,"Arithmetic sign flipped (+ <-> -), altering algebraic expression value."
pair_math500_428,math500_428,OP_FRACTION_FLIP,\[(a + b + c + d) \left( \frac{1}{a} + \frac{1}{b} + \frac{4}{c} + \frac{16}{d} \right) \ge (1 + 1 + 2 + 4)^2 = 64.\],\[(a + b + c + d) \left( \frac{a}{1} + \frac{1}{b} + \frac{4}{c} + \frac{16}{d} \right) \ge (1 + 1 + 2 + 4)^2 = 64.\],VERIFIED_INVALID,Deterministic Operator AST Verifier,"Numerator/denominator flipped (1/a -> a/1), altering fraction value.",VALID_REFERENCE_STEP,MATHEMATICALLY_INVALID,PASSED,"Numerator/denominator flipped (1/a -> a/1), altering fraction value."
pair_math500_429,math500_429,OP_SIGN_FLIP,\[a^4 + b^8 \ge 2 \sqrt{a^4 b^8} = 2a^2 b^4 = 2(ab^2)^2 = 50.\],\[a^4 - b^8 \ge 2 \sqrt{a^4 b^8} = 2a^2 b^4 = 2(ab^2)^2 = 50.\],VERIFIED_INVALID,Deterministic Operator AST Verifier,"Arithmetic sign flipped (+ <-> -), altering algebraic expression value.",VALID_REFERENCE_STEP,MATHEMATICALLY_INVALID,PASSED,"Arithmetic sign flipped (+ <-> -), altering algebraic expression value."
pair_math500_430,math500_430,OP_FRACTION_FLIP,"Alternatively, we can multiply the numerator and denominator by 5, yielding $\frac{45}{10}$.","Alternatively, we can multiply the numerator and denominator by 5, yielding $\frac{10}{45}$.",VERIFIED_INVALID,Deterministic Operator AST Verifier,"Numerator/denominator flipped (45/10 -> 10/45), altering fraction value.",VALID_REFERENCE_STEP,MATHEMATICALLY_INVALID,PASSED,"Numerator/denominator flipped (45/10 -> 10/45), altering fraction value."
pair_math500_432,math500_432,OP_CONSTANT_PERTURB,"We can list the equations
\begin{align*}
f(2) &= 1 - 2f(1), \\
f(3) &= -2 - 2f(2), \\
f(4) &= 3 - 2f(3), \\
f(5) &= -4 - 2f(4), \\
&\dots, \\
f(1985) &= -1984 - 2f(1984), \\
f(1986) &= 1985 - 2f(1985).
\end{align*}Adding these equations, we get","We can list the equations
\begin{align*}
f(3) &= 1 - 2f(1), \\
f(3) &= -2 - 2f(2), \\
f(4) &= 3 - 2f(3), \\
f(5) &= -4 - 2f(4), \\
&\dots, \\
f(1985) &= -1984 - 2f(1984), \\
f(1986) &= 1985 - 2f(1985).
\end{align*}Adding these equations, we get",VERIFIED_INVALID,Deterministic Operator AST Verifier,"Numerical constant perturbed (2 -> 3), contradicting reference solution.",VALID_REFERENCE_STEP,MATHEMATICALLY_INVALID,PASSED,"Numerical constant perturbed (2 -> 3), contradicting reference solution."
pair_math500_433,math500_433,OP_FRACTION_FLIP,"A terminating decimal can be written in the form $\frac{a}{10^b}$, where $a$ and $b$ are integers.","A terminating decimal can be written in the form $\frac{10^b}{a}$, where $a$ and $b$ are integers.",VERIFIED_INVALID,Deterministic Operator AST Verifier,"Numerator/denominator flipped (a/10^b -> 10^b/a), altering fraction value.",VALID_REFERENCE_STEP,MATHEMATICALLY_INVALID,PASSED,"Numerator/denominator flipped (a/10^b -> 10^b/a), altering fraction value."
pair_math500_434,math500_434,OP_CONSTANT_PERTURB,"Because $\triangle ABC$ is an isosceles right triangle, $\angle ABC = 45^\circ$.","Because $\triangle ABC$ is an isosceles right triangle, $\angle ABC = 46^\circ$.",VERIFIED_INVALID,Deterministic Operator AST Verifier,"Numerical constant perturbed (45 -> 46), contradicting reference solution.",VALID_REFERENCE_STEP,MATHEMATICALLY_INVALID,PASSED,"Numerical constant perturbed (45 -> 46), contradicting reference solution."
pair_math500_435,math500_435,OP_SIGN_FLIP,"The function is defined when the value inside the square root is positive, i.e. we must have $x^2-5x+6>0$.","The function is defined when the value inside the square root is positive, i.e. we must have $x^2-5x-6>0$.",VERIFIED_INVALID,Deterministic Operator AST Verifier,"Arithmetic sign flipped (+ <-> -), altering algebraic expression value.",VALID_REFERENCE_STEP,MATHEMATICALLY_INVALID,PASSED,"Arithmetic sign flipped (+ <-> -), altering algebraic expression value."
pair_math500_436,math500_436,OP_FRACTION_FLIP,"For $n$ dice, there are $\binom{n}{2}=\frac{n(n-1)}{2}$ ways to choose two of them.","For $n$ dice, there are $\binom{n}{2}=\frac{2}{n(n-1)}$ ways to choose two of them.",VERIFIED_INVALID,Deterministic Operator AST Verifier,"Numerator/denominator flipped (n(n-1)/2 -> 2/n(n-1)), altering fraction value.",VALID_REFERENCE_STEP,MATHEMATICALLY_INVALID,PASSED,"Numerator/denominator flipped (n(n-1)/2 -> 2/n(n-1)), altering fraction value."
pair_math500_437,math500_437,OP_SIGN_FLIP,"The three given equations become \begin{align*}
a+b&=d\\
2a&=5c\\
2a&=c+d
\end{align*} We want to find the value of $b$.","The three given equations become \begin{align*}
a-b&=d\\
2a&=5c\\
2a&=c+d
\end{align*} We want to find the value of $b$.",VERIFIED_INVALID,Deterministic Operator AST Verifier,"Arithmetic sign flipped (+ <-> -), altering algebraic expression value.",VALID_REFERENCE_STEP,MATHEMATICALLY_INVALID,PASSED,"Arithmetic sign flipped (+ <-> -), altering algebraic expression value."
pair_math500_438,math500_438,OP_FRACTION_FLIP,"We can rewrite $\frac{137}{500}$ in the form $\frac{274}{1000}$, so $\frac{137}{500} = \frac{274}{1000} = 0.274$ and the last nonzero digit is $\boxed{4}$.","We can rewrite $\frac{500}{137}$ in the form $\frac{274}{1000}$, so $\frac{137}{500} = \frac{274}{1000} = 0.274$ and the last nonzero digit is $\boxed{4}$.",VERIFIED_INVALID,Deterministic Operator AST Verifier,"Numerator/denominator flipped (137/500 -> 500/137), altering fraction value.",VALID_REFERENCE_STEP,MATHEMATICALLY_INVALID,PASSED,"Numerator/denominator flipped (137/500 -> 500/137), altering fraction value."
pair_math500_439,math500_439,OP_FRACTION_FLIP,"We can also write
\begin{align*}
\frac{x^9 + 1}{x - 1} &= \frac{(x^9 - 1) + 2}{x - 1} \\
&= \frac{x^9 - 1}{x - 1} + \frac{2}{x - 1} \\
&= x^8 + x^7 + x^6 + x^5 + x^4 + x^3 + x^2 + x + 1 + \frac{2}{x - 1}.
\end{align*}Thus, the quotient is $\boxed{x^8 + x^7 + x^6 + x^5 + x^4 + x^3 + x^2 + x + 1}.$","We can also write
\begin{align*}
\frac{x - 1}{x^9 + 1} &= \frac{(x^9 - 1) + 2}{x - 1} \\
&= \frac{x^9 - 1}{x - 1} + \frac{2}{x - 1} \\
&= x^8 + x^7 + x^6 + x^5 + x^4 + x^3 + x^2 + x + 1 + \frac{2}{x - 1}.
\end{align*}Thus, the quotient is $\boxed{x^8 + x^7 + x^6 + x^5 + x^4 + x^3 + x^2 + x + 1}.$",VERIFIED_INVALID,Deterministic Operator AST Verifier,"Numerator/denominator flipped (x^9 + 1/x - 1 -> x - 1/x^9 + 1), altering fraction value.",VALID_REFERENCE_STEP,MATHEMATICALLY_INVALID,PASSED,"Numerator/denominator flipped (x^9 + 1/x - 1 -> x - 1/x^9 + 1), altering fraction value."
pair_math500_440,math500_440,OP_SIGN_FLIP,"Expanding the first product, the distribute property shows that  $$(u+4)(u-1) = u^2 + 4u - u - 4 = u^2 + 3u - 4.$$The second product becomes $$(u-3)(u+6) = u^2 - 3u + 6u - 18 = u^2 + 3u - 18.$$Subtracting, both the $u^2$ and the $3u$ terms cancel, leaving an answer of $-4 - (-18) = \boxed{14}$.","Expanding the first product, the distribute property shows that  $$(u-4)(u-1) = u^2 + 4u - u - 4 = u^2 + 3u - 4.$$The second product becomes $$(u-3)(u+6) = u^2 - 3u + 6u - 18 = u^2 + 3u - 18.$$Subtracting, both the $u^2$ and the $3u$ terms cancel, leaving an answer of $-4 - (-18) = \boxed{14}$.",VERIFIED_INVALID,Deterministic Operator AST Verifier,"Arithmetic sign flipped (+ <-> -), altering algebraic expression value.",VALID_REFERENCE_STEP,MATHEMATICALLY_INVALID,PASSED,"Arithmetic sign flipped (+ <-> -), altering algebraic expression value."
pair_math500_441,math500_441,OP_CONSTANT_PERTURB,Karla used $12000/15 = 800$ gallons to drive 12000 miles.,Karla used $12001/15 = 800$ gallons to drive 12000 miles.,VERIFIED_INVALID,Deterministic Operator AST Verifier,"Numerical constant perturbed (12000 -> 12001), contradicting reference solution.",VALID_REFERENCE_STEP,MATHEMATICALLY_INVALID,PASSED,"Numerical constant perturbed (12000 -> 12001), contradicting reference solution."
pair_math500_442,math500_442,OP_CONSTANT_PERTURB,"We find that $f(1) = 2^1 = 2.$ Then, $f(f(1)) = f(2) = 2^2 = 4$ and $f(f(f(1))) = f(4) = 2^4 = 16.$ Therefore, $f(f(f(f(1)))) = f(16) = 2^{16}$ and so $\sqrt{f(f(f(f(1))))} = \sqrt{2^{16}} = 2^8 = \boxed{256}.$","We find that $f(2) = 2^1 = 2.$ Then, $f(f(1)) = f(2) = 2^2 = 4$ and $f(f(f(1))) = f(4) = 2^4 = 16.$ Therefore, $f(f(f(f(1)))) = f(16) = 2^{16}$ and so $\sqrt{f(f(f(f(1))))} = \sqrt{2^{16}} = 2^8 = \boxed{256}.$",VERIFIED_INVALID,Deterministic Operator AST Verifier,"Numerical constant perturbed (1 -> 2), contradicting reference solution.",VALID_REFERENCE_STEP,MATHEMATICALLY_INVALID,PASSED,"Numerical constant perturbed (1 -> 2), contradicting reference solution."
pair_math500_443,math500_443,OP_SIGN_FLIP,"The term $x$ is simply the average of $3^2 = 9$ and $3^4 = 81$, which is $(9 + 81)/2 = 90/2 = \boxed{45}$.","The term $x$ is simply the average of $3^2 = 9$ and $3^4 = 81$, which is $(9 - 81)/2 = 90/2 = \boxed{45}$.",VERIFIED_INVALID,Deterministic Operator AST Verifier,"Arithmetic sign flipped (+ <-> -), altering algebraic expression value.",VALID_REFERENCE_STEP,MATHEMATICALLY_INVALID,PASSED,"Arithmetic sign flipped (+ <-> -), altering algebraic expression value."
pair_math500_444,math500_444,OP_CONSTANT_PERTURB,"Since a $180^\circ$ rotation about the center of the smaller rectangle takes $O$ to $A$, it takes the shaded region to the unshaded region.","Since a $181^\circ$ rotation about the center of the smaller rectangle takes $O$ to $A$, it takes the shaded region to the unshaded region.",VERIFIED_INVALID,Deterministic Operator AST Verifier,"Numerical constant perturbed (180 -> 181), contradicting reference solution.",VALID_REFERENCE_STEP,MATHEMATICALLY_INVALID,PASSED,"Numerical constant perturbed (180 -> 181), contradicting reference solution."
pair_math500_445,math500_445,OP_SIGN_FLIP,Let the equation of a tangent line be $y = mx + b.$,Let the equation of a tangent line be $y = mx - b.$,VERIFIED_INVALID,Deterministic Operator AST Verifier,"Arithmetic sign flipped (+ <-> -), altering algebraic expression value.",VALID_REFERENCE_STEP,MATHEMATICALLY_INVALID,PASSED,"Arithmetic sign flipped (+ <-> -), altering algebraic expression value."
pair_math500_447,math500_447,OP_CONSTANT_PERTURB,We assume the number of girls is a nonnegative integer and no greater than 35.,We assume the number of girls is a nonnegative integer and no greater than 36.,VERIFIED_INVALID,Deterministic Operator AST Verifier,"Numerical constant perturbed (35 -> 36), contradicting reference solution.",VALID_REFERENCE_STEP,MATHEMATICALLY_INVALID,PASSED,"Numerical constant perturbed (35 -> 36), contradicting reference solution."
pair_math500_448,math500_448,OP_CONSTANT_PERTURB,We may begin by noting that $17\cdot 5=85\equiv 2\pmod{83}$.,We may begin by noting that $18\cdot 5=85\equiv 2\pmod{83}$.,VERIFIED_INVALID,Deterministic Operator AST Verifier,"Numerical constant perturbed (17 -> 18), contradicting reference solution.",VALID_REFERENCE_STEP,MATHEMATICALLY_INVALID,PASSED,"Numerical constant perturbed (17 -> 18), contradicting reference solution."
pair_math500_449,math500_449,OP_SIGN_FLIP,"From the defined function, we know that $5\star 1 = 9(5)+2(1)-(5)(1)+5= 45+2-5+5=\boxed{47}$.","From the defined function, we know that $5\star 1 = 9(5)-2(1)-(5)(1)+5= 45+2-5+5=\boxed{47}$.",VERIFIED_INVALID,Deterministic Operator AST Verifier,"Arithmetic sign flipped (+ <-> -), altering algebraic expression value.",VALID_REFERENCE_STEP,MATHEMATICALLY_INVALID,PASSED,"Arithmetic sign flipped (+ <-> -), altering algebraic expression value."
pair_math500_450,math500_450,OP_CONSTANT_PERTURB,"Note that $14$, $46$, and $100$ all have a common factor of $2$, so we can divide it out: the solutions to $$14u \equiv 46 \pmod{100}$$ are identical to the solutions to $$7u \equiv 23 \pmod{50}.$$ Make sure you see why this is the case.","Note that $15$, $46$, and $100$ all have a common factor of $2$, so we can divide it out: the solutions to $$14u \equiv 46 \pmod{100}$$ are identical to the solutions to $$7u \equiv 23 \pmod{50}.$$ Make sure you see why this is the case.",VERIFIED_INVALID,Deterministic Operator AST Verifier,"Numerical constant perturbed (14 -> 15), contradicting reference solution.",VALID_REFERENCE_STEP,MATHEMATICALLY_INVALID,PASSED,"Numerical constant perturbed (14 -> 15), contradicting reference solution."
pair_math500_451,math500_451,OP_FRACTION_FLIP,"If we let the distance between the buildings on the map be $d$, then $\frac{d}{53.25} = \frac{3}{10}$.","If we let the distance between the buildings on the map be $d$, then $\frac{53.25}{d} = \frac{3}{10}$.",VERIFIED_INVALID,Deterministic Operator AST Verifier,"Numerator/denominator flipped (d/53.25 -> 53.25/d), altering fraction value.",VALID_REFERENCE_STEP,MATHEMATICALLY_INVALID,PASSED,"Numerator/denominator flipped (d/53.25 -> 53.25/d), altering fraction value."
pair_math500_452,math500_452,OP_SIGN_FLIP,"The two digit number can be represented as $10x + y,$ where $x$ and $y$ are digits, with $x \neq 0.$ We are given that the sum of the digits is $13,$ so $x + y = 13.$ If we reverse the digits of this number, we have $10y + x.$ We are given that the difference is $27,$ but we don't know if the original number or if the number with its digits reversed is greater.","The two digit number can be represented as $10x - y,$ where $x$ and $y$ are digits, with $x \neq 0.$ We are given that the sum of the digits is $13,$ so $x + y = 13.$ If we reverse the digits of this number, we have $10y + x.$ We are given that the difference is $27,$ but we don't know if the original number or if the number with its digits reversed is greater.",VERIFIED_INVALID,Deterministic Operator AST Verifier,"Arithmetic sign flipped (+ <-> -), altering algebraic expression value.",VALID_REFERENCE_STEP,MATHEMATICALLY_INVALID,PASSED,"Arithmetic sign flipped (+ <-> -), altering algebraic expression value."
pair_math500_453,math500_453,OP_FRACTION_FLIP,The 8th grade has $\frac{650}{520+650} = \frac{650}{1170} = \frac{65}{117}$ of the total students.,The 8th grade has $\frac{520+650}{650} = \frac{650}{1170} = \frac{65}{117}$ of the total students.,VERIFIED_INVALID,Deterministic Operator AST Verifier,"Numerator/denominator flipped (650/520+650 -> 520+650/650), altering fraction value.",VALID_REFERENCE_STEP,MATHEMATICALLY_INVALID,PASSED,"Numerator/denominator flipped (650/520+650 -> 520+650/650), altering fraction value."
pair_math500_454,math500_454,OP_SIGN_FLIP,"We have that $\mathbf{M} \begin{pmatrix} 2 \\ -1 \end{pmatrix} = \begin{pmatrix} 9 \\ 3 \end{pmatrix}$ and $\mathbf{M} \begin{pmatrix} 1 \\ -3 \end{pmatrix} = \begin{pmatrix} 7 \\ -1 \end{pmatrix}.$  Then $\mathbf{M} \begin{pmatrix} 6 \\ -3 \end{pmatrix} = \begin{pmatrix} 27 \\ 9 \end{pmatrix},$ so","We have that $\mathbf{M} \begin{pmatrix} 2 \\ +1 \end{pmatrix} = \begin{pmatrix} 9 \\ 3 \end{pmatrix}$ and $\mathbf{M} \begin{pmatrix} 1 \\ -3 \end{pmatrix} = \begin{pmatrix} 7 \\ -1 \end{pmatrix}.$  Then $\mathbf{M} \begin{pmatrix} 6 \\ -3 \end{pmatrix} = \begin{pmatrix} 27 \\ 9 \end{pmatrix},$ so",VERIFIED_INVALID,Deterministic Operator AST Verifier,"Arithmetic sign flipped (+ <-> -), altering algebraic expression value.",VALID_REFERENCE_STEP,MATHEMATICALLY_INVALID,PASSED,"Arithmetic sign flipped (+ <-> -), altering algebraic expression value."
pair_math500_455,math500_455,OP_CONSTANT_PERTURB,We can choose 5 students out of a group of 6 students  without regard to order in $\binom{6}{5} = \boxed{6}$ ways.,We can choose 6 students out of a group of 6 students  without regard to order in $\binom{6}{5} = \boxed{6}$ ways.,VERIFIED_INVALID,Deterministic Operator AST Verifier,"Numerical constant perturbed (5 -> 6), contradicting reference solution.",VALID_REFERENCE_STEP,MATHEMATICALLY_INVALID,PASSED,"Numerical constant perturbed (5 -> 6), contradicting reference solution."
pair_math500_456,math500_456,OP_SIGN_FLIP,"By the Integer Root Theorem, the possible integer roots are all the divisors of 14 (including negative divisors), which are $-14,$ $-7,$ $-2,$ $-1,$ $1,$ $2,$ $7,$ and $14.$  Checking, we find that the only integer roots are $\boxed{-2,1}.$","By the Integer Root Theorem, the possible integer roots are all the divisors of 14 (including negative divisors), which are $+14,$ $-7,$ $-2,$ $-1,$ $1,$ $2,$ $7,$ and $14.$  Checking, we find that the only integer roots are $\boxed{-2,1}.$",VERIFIED_INVALID,Deterministic Operator AST Verifier,"Arithmetic sign flipped (+ <-> -), altering algebraic expression value.",VALID_REFERENCE_STEP,MATHEMATICALLY_INVALID,PASSED,"Arithmetic sign flipped (+ <-> -), altering algebraic expression value."
pair_math500_457,math500_457,OP_SIGN_FLIP,$54 = 9 \cdot 6 + 0 \Rightarrow 54 \equiv \boxed{0} \pmod{6}$.,$54 = 9 \cdot 6 - 0 \Rightarrow 54 \equiv \boxed{0} \pmod{6}$.,VERIFIED_INVALID,Deterministic Operator AST Verifier,"Arithmetic sign flipped (+ <-> -), altering algebraic expression value.",VALID_REFERENCE_STEP,MATHEMATICALLY_INVALID,PASSED,"Arithmetic sign flipped (+ <-> -), altering algebraic expression value."
pair_math500_458,math500_458,OP_CONSTANT_PERTURB,"Betty noticed that $n$ has no divisors between 1 and itself, so $n$ is prime.","Betty noticed that $n$ has no divisors between 2 and itself, so $n$ is prime.",VERIFIED_INVALID,Deterministic Operator AST Verifier,"Numerical constant perturbed (1 -> 2), contradicting reference solution.",VALID_REFERENCE_STEP,MATHEMATICALLY_INVALID,PASSED,"Numerical constant perturbed (1 -> 2), contradicting reference solution."
pair_math500_459,math500_459,OP_SIGN_FLIP,Since a 1 inch cube has surface area 6 $\text{in}^2$ and volume 1 $\text{in}^3$ its total price will be $6x+y$ dollars.,Since a 1 inch cube has surface area 6 $\text{in}^2$ and volume 1 $\text{in}^3$ its total price will be $6x-y$ dollars.,VERIFIED_INVALID,Deterministic Operator AST Verifier,"Arithmetic sign flipped (+ <-> -), altering algebraic expression value.",VALID_REFERENCE_STEP,MATHEMATICALLY_INVALID,PASSED,"Arithmetic sign flipped (+ <-> -), altering algebraic expression value."
pair_math500_460,math500_460,OP_SIGN_FLIP,"From $\triangle PQR$, we have $\angle R = 180^\circ - \angle Q - \angle P = 105^\circ$.","From $\triangle PQR$, we have $\angle R = 180^\circ + \angle Q - \angle P = 105^\circ$.",VERIFIED_INVALID,Deterministic Operator AST Verifier,"Arithmetic sign flipped (+ <-> -), altering algebraic expression value.",VALID_REFERENCE_STEP,MATHEMATICALLY_INVALID,PASSED,"Arithmetic sign flipped (+ <-> -), altering algebraic expression value."
pair_math500_461,math500_461,OP_FRACTION_FLIP,We begin by finding $f\left(\frac{\pi}{3}\right)$.,We begin by finding $f\left(\frac{3}{\pi}\right)$.,VERIFIED_INVALID,Deterministic Operator AST Verifier,"Numerator/denominator flipped (\pi/3 -> 3/\pi), altering fraction value.",VALID_REFERENCE_STEP,MATHEMATICALLY_INVALID,PASSED,"Numerator/denominator flipped (\pi/3 -> 3/\pi), altering fraction value."
pair_math500_462,math500_462,OP_CONSTANT_PERTURB,"We convert the amount they earned to cents and find the modulo $100$ for each.  \begin{align*}
2747 &\equiv 47 \pmod{100},\\
3523 &\equiv 23 \pmod{100},\\
3737 &\equiv 37 \pmod{100},\\
2652 &\equiv 52 \pmod{100}
\end{align*}We want to find the modulo $100$ of the total number of cents.","We convert the amount they earned to cents and find the modulo $101$ for each.  \begin{align*}
2747 &\equiv 47 \pmod{100},\\
3523 &\equiv 23 \pmod{100},\\
3737 &\equiv 37 \pmod{100},\\
2652 &\equiv 52 \pmod{100}
\end{align*}We want to find the modulo $100$ of the total number of cents.",VERIFIED_INVALID,Deterministic Operator AST Verifier,"Numerical constant perturbed (100 -> 101), contradicting reference solution.",VALID_REFERENCE_STEP,MATHEMATICALLY_INVALID,PASSED,"Numerical constant perturbed (100 -> 101), contradicting reference solution."
pair_math500_463,math500_463,OP_SIGN_FLIP,"Thus, we need to find the number of values of $x$ such that $x^2-9=0$.","Thus, we need to find the number of values of $x$ such that $x^2+9=0$.",VERIFIED_INVALID,Deterministic Operator AST Verifier,"Arithmetic sign flipped (+ <-> -), altering algebraic expression value.",VALID_REFERENCE_STEP,MATHEMATICALLY_INVALID,PASSED,"Arithmetic sign flipped (+ <-> -), altering algebraic expression value."
pair_math500_464,math500_464,OP_SIGN_FLIP,"Working on the first equation, we have from the difference of squares factorization that $\log_6 (x-y) + \log_6 (x+y) = \log_6 (x^2-y^2) = 2$, so $x^2 - y^2 = 6^2 = 36$.","Working on the first equation, we have from the difference of squares factorization that $\log_6 (x-y) - \log_6 (x+y) = \log_6 (x^2-y^2) = 2$, so $x^2 - y^2 = 6^2 = 36$.",VERIFIED_INVALID,Deterministic Operator AST Verifier,"Arithmetic sign flipped (+ <-> -), altering algebraic expression value.",VALID_REFERENCE_STEP,MATHEMATICALLY_INVALID,PASSED,"Arithmetic sign flipped (+ <-> -), altering algebraic expression value."
pair_math500_465,math500_465,OP_CONSTANT_PERTURB,"If an integer has at least two different prime factors, say, $p$ and $q$, then it must have at least four positive divisors: $1$, $p$, $q$, and $pq$.","If an integer has at least two different prime factors, say, $p$ and $q$, then it must have at least four positive divisors: $2$, $p$, $q$, and $pq$.",VERIFIED_INVALID,Deterministic Operator AST Verifier,"Numerical constant perturbed (1 -> 2), contradicting reference solution.",VALID_REFERENCE_STEP,MATHEMATICALLY_INVALID,PASSED,"Numerical constant perturbed (1 -> 2), contradicting reference solution."
pair_math500_466,math500_466,OP_FRACTION_FLIP,\[\frac{z^9 + 1}{z + 1} = 0.\],\[\frac{z + 1}{z^9 + 1} = 0.\],VERIFIED_INVALID,Deterministic Operator AST Verifier,"Numerator/denominator flipped (z^9 + 1/z + 1 -> z + 1/z^9 + 1), altering fraction value.",VALID_REFERENCE_STEP,MATHEMATICALLY_INVALID,PASSED,"Numerator/denominator flipped (z^9 + 1/z + 1 -> z + 1/z^9 + 1), altering fraction value."
pair_math500_467,math500_467,OP_FRACTION_FLIP,"The shaded triangle has a base of length $10\text{ cm}.$ Since the triangle is enclosed in a rectangle of height $3\text{ cm},$ then the height of the triangle is $3\text{ cm}.$ (We know that the enclosing shape is a rectangle, because any figure with four sides, including two pairs of equal opposite sides, and two right angles must be a rectangle.) Therefore, the area of the triangle is $$\frac{1}{2}\times 3 \times 10 = \boxed{15\mbox{ cm}^2}.$$","The shaded triangle has a base of length $10\text{ cm}.$ Since the triangle is enclosed in a rectangle of height $3\text{ cm},$ then the height of the triangle is $3\text{ cm}.$ (We know that the enclosing shape is a rectangle, because any figure with four sides, including two pairs of equal opposite sides, and two right angles must be a rectangle.) Therefore, the area of the triangle is $$\frac{2}{1}\times 3 \times 10 = \boxed{15\mbox{ cm}^2}.$$",VERIFIED_INVALID,Deterministic Operator AST Verifier,"Numerator/denominator flipped (1/2 -> 2/1), altering fraction value.",VALID_REFERENCE_STEP,MATHEMATICALLY_INVALID,PASSED,"Numerator/denominator flipped (1/2 -> 2/1), altering fraction value."
pair_math500_468,math500_468,OP_FRACTION_FLIP,We have: $2 < \sqrt{t} < \frac{7}{2}$ so squaring the inequality (which we can do because all the terms in it are positive) gives us  $4 < t <\frac{49}{4}=12.25$.,We have: $2 < \sqrt{t} < \frac{2}{7}$ so squaring the inequality (which we can do because all the terms in it are positive) gives us  $4 < t <\frac{49}{4}=12.25$.,VERIFIED_INVALID,Deterministic Operator AST Verifier,"Numerator/denominator flipped (7/2 -> 2/7), altering fraction value.",VALID_REFERENCE_STEP,MATHEMATICALLY_INVALID,PASSED,"Numerator/denominator flipped (7/2 -> 2/7), altering fraction value."
pair_math500_469,math500_469,OP_CONSTANT_PERTURB,"Since $\sqrt{16}<\sqrt{20}<\sqrt{25}$, or, equivalently, $4<\sqrt{20}<5$, the smallest integer greater than or equal to $\sqrt{20}$ must be $5$.","Since $\sqrt{17}<\sqrt{20}<\sqrt{25}$, or, equivalently, $4<\sqrt{20}<5$, the smallest integer greater than or equal to $\sqrt{20}$ must be $5$.",VERIFIED_INVALID,Deterministic Operator AST Verifier,"Numerical constant perturbed (16 -> 17), contradicting reference solution.",VALID_REFERENCE_STEP,MATHEMATICALLY_INVALID,PASSED,"Numerical constant perturbed (16 -> 17), contradicting reference solution."
pair_math500_470,math500_470,OP_FRACTION_FLIP,"By AM-GM,
\begin{align*}
a + b + c + d &= a + \frac{b}{2} + \frac{b}{2} + \frac{c}{3} + \frac{c}{3} + \frac{c}{3} + \frac{d}{4} + \frac{d}{4} + \frac{d}{4} + \frac{d}{4} \\
&\ge 10 \sqrt[10]{a \left( \frac{b}{2} \right)^2 \left( \frac{c}{3} \right)^3 \left( \frac{d}{4} \right)^4} \\
&= 10 \sqrt[10]{\frac{ab^2 c^3 d^4}{27648}}.
\end{align*}Since $a + b + c + d = 10,$","By AM-GM,
\begin{align*}
a + b + c + d &= a + \frac{2}{b} + \frac{b}{2} + \frac{c}{3} + \frac{c}{3} + \frac{c}{3} + \frac{d}{4} + \frac{d}{4} + \frac{d}{4} + \frac{d}{4} \\
&\ge 10 \sqrt[10]{a \left( \frac{b}{2} \right)^2 \left( \frac{c}{3} \right)^3 \left( \frac{d}{4} \right)^4} \\
&= 10 \sqrt[10]{\frac{ab^2 c^3 d^4}{27648}}.
\end{align*}Since $a + b + c + d = 10,$",VERIFIED_INVALID,Deterministic Operator AST Verifier,"Numerator/denominator flipped (b/2 -> 2/b), altering fraction value.",VALID_REFERENCE_STEP,MATHEMATICALLY_INVALID,PASSED,"Numerator/denominator flipped (b/2 -> 2/b), altering fraction value."
pair_math500_471,math500_471,OP_FRACTION_FLIP,"From the given information, the total amount of marks obtained by the class is   $$20(80)+8(90)+2(100)=2520.$$Therefore, the class average is  $$\frac{2520}{30} = \boxed{84}.$$","From the given information, the total amount of marks obtained by the class is   $$20(80)+8(90)+2(100)=2520.$$Therefore, the class average is  $$\frac{30}{2520} = \boxed{84}.$$",VERIFIED_INVALID,Deterministic Operator AST Verifier,"Numerator/denominator flipped (2520/30 -> 30/2520), altering fraction value.",VALID_REFERENCE_STEP,MATHEMATICALLY_INVALID,PASSED,"Numerator/denominator flipped (2520/30 -> 30/2520), altering fraction value."
pair_math500_472,math500_472,OP_CONSTANT_PERTURB,"In two hours, a car traveling at $50$ mph would travel $50$ mph $\times 2$ hours $= 100$ miles.","In two hours, a car traveling at $51$ mph would travel $50$ mph $\times 2$ hours $= 100$ miles.",VERIFIED_INVALID,Deterministic Operator AST Verifier,"Numerical constant perturbed (50 -> 51), contradicting reference solution.",VALID_REFERENCE_STEP,MATHEMATICALLY_INVALID,PASSED,"Numerical constant perturbed (50 -> 51), contradicting reference solution."
pair_math500_473,math500_473,OP_SIGN_FLIP,"First, we can evaluate the sum across the first row, which gives $(n+1)+1+(n-1)=2n+1$.","First, we can evaluate the sum across the first row, which gives $(n-1)+1+(n-1)=2n+1$.",VERIFIED_INVALID,Deterministic Operator AST Verifier,"Arithmetic sign flipped (+ <-> -), altering algebraic expression value.",VALID_REFERENCE_STEP,MATHEMATICALLY_INVALID,PASSED,"Arithmetic sign flipped (+ <-> -), altering algebraic expression value."
pair_math500_474,math500_474,OP_FRACTION_FLIP,"We use the change-of-base identity $\log_a{b}=\frac{\log{b}}{\log{a}}$ to find $$\log_2{3} \cdot \log_3{4} \cdot \log_4{5} \cdot \log_5{6} \cdot \log_6{7} \cdot \log_7{8}=
\frac{\log3}{\log2} \cdot \frac{\log4}{\log3} \cdot \frac{\log5}{\log4} \cdot \frac{\log6}{\log5} \cdot \frac{\log7}{\log6} \cdot \frac{\log8}{\log7}.$$Simplifying, we get $\frac{\log8}{\log2}=\log_2{8}=\boxed{3}$.","We use the change-of-base identity $\log_a{b}=\frac{\log{b}}{\log{a}}$ to find $$\log_2{3} \cdot \log_3{4} \cdot \log_4{5} \cdot \log_5{6} \cdot \log_6{7} \cdot \log_7{8}=
\frac{\log2}{\log3} \cdot \frac{\log4}{\log3} \cdot \frac{\log5}{\log4} \cdot \frac{\log6}{\log5} \cdot \frac{\log7}{\log6} \cdot \frac{\log8}{\log7}.$$Simplifying, we get $\frac{\log8}{\log2}=\log_2{8}=\boxed{3}$.",VERIFIED_INVALID,Deterministic Operator AST Verifier,"Numerator/denominator flipped (\log3/\log2 -> \log2/\log3), altering fraction value.",VALID_REFERENCE_STEP,MATHEMATICALLY_INVALID,PASSED,"Numerator/denominator flipped (\log3/\log2 -> \log2/\log3), altering fraction value."
pair_math500_475,math500_475,OP_SIGN_FLIP,"Then the probability of obtaining a sum of 7 is $$p(1,6)+p(2,5)+p(3,4)+p(4,3)+p(5,2)+p(6,1).$$Let the probability of obtaining face $F$ be $(1/6)+x$.","Then the probability of obtaining a sum of 7 is $$p(1,6)-p(2,5)+p(3,4)+p(4,3)+p(5,2)+p(6,1).$$Let the probability of obtaining face $F$ be $(1/6)+x$.",VERIFIED_INVALID,Deterministic Operator AST Verifier,"Arithmetic sign flipped (+ <-> -), altering algebraic expression value.",VALID_REFERENCE_STEP,MATHEMATICALLY_INVALID,PASSED,"Arithmetic sign flipped (+ <-> -), altering algebraic expression value."
pair_math500_476,math500_476,OP_SIGN_FLIP,The diagonal of the field is $\sqrt{300^2+400^2}=500$ feet long so Jim walks 500 feet.,The diagonal of the field is $\sqrt{300^2-400^2}=500$ feet long so Jim walks 500 feet.,VERIFIED_INVALID,Deterministic Operator AST Verifier,"Arithmetic sign flipped (+ <-> -), altering algebraic expression value.",VALID_REFERENCE_STEP,MATHEMATICALLY_INVALID,PASSED,"Arithmetic sign flipped (+ <-> -), altering algebraic expression value."
pair_math500_477,math500_477,OP_SIGN_FLIP,"Of the two-digit perfect squares, only $4^2=16$ and $6^2=36$ end in $6$.","Of the two+digit perfect squares, only $4^2=16$ and $6^2=36$ end in $6$.",VERIFIED_INVALID,Deterministic Operator AST Verifier,"Arithmetic sign flipped (+ <-> -), altering algebraic expression value.",VALID_REFERENCE_STEP,MATHEMATICALLY_INVALID,PASSED,"Arithmetic sign flipped (+ <-> -), altering algebraic expression value."
pair_math500_478,math500_478,OP_CONSTANT_PERTURB,We can add 4 to both sides to get,We can add 5 to both sides to get,VERIFIED_INVALID,Deterministic Operator AST Verifier,"Numerical constant perturbed (4 -> 5), contradicting reference solution.",VALID_REFERENCE_STEP,MATHEMATICALLY_INVALID,PASSED,"Numerical constant perturbed (4 -> 5), contradicting reference solution."
pair_math500_479,math500_479,OP_CONSTANT_PERTURB,A solution exists if and only if $8$ is invertible modulo $p$.,A solution exists if and only if $9$ is invertible modulo $p$.,VERIFIED_INVALID,Deterministic Operator AST Verifier,"Numerical constant perturbed (8 -> 9), contradicting reference solution.",VALID_REFERENCE_STEP,MATHEMATICALLY_INVALID,PASSED,"Numerical constant perturbed (8 -> 9), contradicting reference solution."
pair_math500_480,math500_480,OP_FRACTION_FLIP,"We can write
\begin{align*}
\frac{1}{1 + \omega} + \frac{1}{1 + \omega^2} &= \frac{1 + \omega^2 + 1 + \omega}{(1 + \omega)(1 + \omega^2)} \\
&= \frac{2 + \omega + \omega^2}{1 + \omega + \omega^2 + \omega^3} \\
&= \frac{2 + \omega + \omega^2}{2 + \omega + \omega^2} \\
&= \boxed{1}.
\end{align*}","We can write
\begin{align*}
\frac{1 + \omega}{1} + \frac{1}{1 + \omega^2} &= \frac{1 + \omega^2 + 1 + \omega}{(1 + \omega)(1 + \omega^2)} \\
&= \frac{2 + \omega + \omega^2}{1 + \omega + \omega^2 + \omega^3} \\
&= \frac{2 + \omega + \omega^2}{2 + \omega + \omega^2} \\
&= \boxed{1}.
\end{align*}",VERIFIED_INVALID,Deterministic Operator AST Verifier,"Numerator/denominator flipped (1/1 + \omega -> 1 + \omega/1), altering fraction value.",VALID_REFERENCE_STEP,MATHEMATICALLY_INVALID,PASSED,"Numerator/denominator flipped (1/1 + \omega -> 1 + \omega/1), altering fraction value."
pair_math500_481,math500_481,OP_FRACTION_FLIP,\[f(m) = m^4 + \frac{1}{4} = \frac{4m^4 + 1}{4}.\],\[f(m) = m^4 + \frac{4}{1} = \frac{4m^4 + 1}{4}.\],VERIFIED_INVALID,Deterministic Operator AST Verifier,"Numerator/denominator flipped (1/4 -> 4/1), altering fraction value.",VALID_REFERENCE_STEP,MATHEMATICALLY_INVALID,PASSED,"Numerator/denominator flipped (1/4 -> 4/1), altering fraction value."
pair_math500_482,math500_482,OP_CONSTANT_PERTURB,"There are 2009 positive integers less than 2010, of which 1005 are odd.","There are 2010 positive integers less than 2010, of which 1005 are odd.",VERIFIED_INVALID,Deterministic Operator AST Verifier,"Numerical constant perturbed (2009 -> 2010), contradicting reference solution.",VALID_REFERENCE_STEP,MATHEMATICALLY_INVALID,PASSED,"Numerical constant perturbed (2009 -> 2010), contradicting reference solution."
pair_math500_483,math500_483,OP_FRACTION_FLIP,\[\frac{1}{2} bc \sin A.\],\[\frac{2}{1} bc \sin A.\],VERIFIED_INVALID,Deterministic Operator AST Verifier,"Numerator/denominator flipped (1/2 -> 2/1), altering fraction value.",VALID_REFERENCE_STEP,MATHEMATICALLY_INVALID,PASSED,"Numerator/denominator flipped (1/2 -> 2/1), altering fraction value."
pair_math500_484,math500_484,OP_SIGN_FLIP,\[x + \sqrt{3x + 6} + 2 \sqrt{x + \sqrt{3x + 6}} \sqrt{x - \sqrt{3x + 6}} + x - \sqrt{3x + 6} = 36.\],\[x - \sqrt{3x + 6} + 2 \sqrt{x + \sqrt{3x + 6}} \sqrt{x - \sqrt{3x + 6}} + x - \sqrt{3x + 6} = 36.\],VERIFIED_INVALID,Deterministic Operator AST Verifier,"Arithmetic sign flipped (+ <-> -), altering algebraic expression value.",VALID_REFERENCE_STEP,MATHEMATICALLY_INVALID,PASSED,"Arithmetic sign flipped (+ <-> -), altering algebraic expression value."
pair_math500_485,math500_485,OP_SIGN_FLIP,"The sum of the shortest three segments is $3+4+5=12$, but we quickly notice that it is impossible to start at one point and visit the other three points by traveling on a path with length $12$ ($DB$, $BC$, and $CD$ do not let us visit point $A$, and it is not possible to travel on $AD$, $CD$, and $BD$ in a continuous path).","The sum of the shortest three segments is $3-4+5=12$, but we quickly notice that it is impossible to start at one point and visit the other three points by traveling on a path with length $12$ ($DB$, $BC$, and $CD$ do not let us visit point $A$, and it is not possible to travel on $AD$, $CD$, and $BD$ in a continuous path).",VERIFIED_INVALID,Deterministic Operator AST Verifier,"Arithmetic sign flipped (+ <-> -), altering algebraic expression value.",VALID_REFERENCE_STEP,MATHEMATICALLY_INVALID,PASSED,"Arithmetic sign flipped (+ <-> -), altering algebraic expression value."
pair_math500_486,math500_486,OP_CONSTANT_PERTURB,A sphere with a 3-inch radius has a 6-inch diameter and can be inscribed in a cube with at least side length 6.,A sphere with a 4-inch radius has a 6-inch diameter and can be inscribed in a cube with at least side length 6.,VERIFIED_INVALID,Deterministic Operator AST Verifier,"Numerical constant perturbed (3 -> 4), contradicting reference solution.",VALID_REFERENCE_STEP,MATHEMATICALLY_INVALID,PASSED,"Numerical constant perturbed (3 -> 4), contradicting reference solution."
pair_math500_487,math500_487,OP_CONSTANT_PERTURB,"Grouping residues helps make some series computations easier:  \begin{align*}
1 + 2 + 3 + 0 + 1 + 2& + 3 + 0 + 1 + 2 + 3 + 0\\&\equiv 3(1 + 2 + 3 + 0) \\
&\equiv 18\\
& \equiv \boxed{2} \pmod{4}.
\end{align*}","Grouping residues helps make some series computations easier:  \begin{align*}
2 + 2 + 3 + 0 + 1 + 2& + 3 + 0 + 1 + 2 + 3 + 0\\&\equiv 3(1 + 2 + 3 + 0) \\
&\equiv 18\\
& \equiv \boxed{2} \pmod{4}.
\end{align*}",VERIFIED_INVALID,Deterministic Operator AST Verifier,"Numerical constant perturbed (1 -> 2), contradicting reference solution.",VALID_REFERENCE_STEP,MATHEMATICALLY_INVALID,PASSED,"Numerical constant perturbed (1 -> 2), contradicting reference solution."
pair_math500_488,math500_488,OP_CONSTANT_PERTURB,"If the shirt is $60\%$ off, it is currently $.4$ of the original price.","If the shirt is $61\%$ off, it is currently $.4$ of the original price.",VERIFIED_INVALID,Deterministic Operator AST Verifier,"Numerical constant perturbed (60 -> 61), contradicting reference solution.",VALID_REFERENCE_STEP,MATHEMATICALLY_INVALID,PASSED,"Numerical constant perturbed (60 -> 61), contradicting reference solution."
pair_math500_489,math500_489,OP_CONSTANT_PERTURB,"Since $0 < p \le x \le 15,$ the absolute values simplify to","Since $1 < p \le x \le 15,$ the absolute values simplify to",VERIFIED_INVALID,Deterministic Operator AST Verifier,"Numerical constant perturbed (0 -> 1), contradicting reference solution.",VALID_REFERENCE_STEP,MATHEMATICALLY_INVALID,PASSED,"Numerical constant perturbed (0 -> 1), contradicting reference solution."
pair_math500_490,math500_490,OP_CONSTANT_PERTURB,"Since $f(x)$ has integer coefficients, the Integer Root Theorem tells us that all integer roots of $f(x)$ must divide the constant term $66=2\cdot 3\cdot 11$.","Since $f(x)$ has integer coefficients, the Integer Root Theorem tells us that all integer roots of $f(x)$ must divide the constant term $67=2\cdot 3\cdot 11$.",VERIFIED_INVALID,Deterministic Operator AST Verifier,"Numerical constant perturbed (66 -> 67), contradicting reference solution.",VALID_REFERENCE_STEP,MATHEMATICALLY_INVALID,PASSED,"Numerical constant perturbed (66 -> 67), contradicting reference solution."
pair_math500_491,math500_491,OP_CONSTANT_PERTURB,"There are 2 choices of eyebrows, 1 choice for eyes, 2 choices for ears, 2 choices for lips, 2 choices for shoes, and 4 choices for hair (3 choices of hairstyles, or bald), and each can be picked independent of the others, so the number of combinations is the product of those, $2\cdot 1\cdot 2\cdot 2\cdot 2\cdot 4 = \boxed{64}$.","There are 3 choices of eyebrows, 1 choice for eyes, 2 choices for ears, 2 choices for lips, 2 choices for shoes, and 4 choices for hair (3 choices of hairstyles, or bald), and each can be picked independent of the others, so the number of combinations is the product of those, $2\cdot 1\cdot 2\cdot 2\cdot 2\cdot 4 = \boxed{64}$.",VERIFIED_INVALID,Deterministic Operator AST Verifier,"Numerical constant perturbed (2 -> 3), contradicting reference solution.",VALID_REFERENCE_STEP,MATHEMATICALLY_INVALID,PASSED,"Numerical constant perturbed (2 -> 3), contradicting reference solution."
pair_math500_493,math500_493,OP_SIGN_FLIP,"First, we calculate $(\sqrt{2} + \sqrt{3})^2$: \begin{align*}
(\sqrt{2} + \sqrt{3})^2 &= (\sqrt{2} + \sqrt{3})(\sqrt{2}+\sqrt{3})\\
&=(\sqrt{2})(\sqrt{2}) + (\sqrt{2})(\sqrt{3}) + (\sqrt{3})(\sqrt{2}) + (\sqrt{3})(\sqrt{3})\\
&= 2 + \sqrt{6} + \sqrt{6} + 3\\
&=5+2\sqrt{6}.
\end{align*} Multiplying this by $\sqrt{2} +\sqrt{3}$ gives \begin{align*}
(\sqrt{2}+ \sqrt{3})^3 &=(\sqrt{2}+\sqrt{3})^2 (\sqrt{2} +\sqrt{3})\\
&=(5+2\sqrt{6})(\sqrt{2} +\sqrt{3})\\
&= 5\sqrt{2} + 5\sqrt{3} + (2\sqrt{6})(\sqrt{2}) + (2\sqrt{6})(\sqrt{3})\\
&=5\sqrt{2} + 5\sqrt{3} + 2\sqrt{12} + 2\sqrt{18}\\
&=5\sqrt{2} + 5\sqrt{3} + 2(2\sqrt{3}) + 2(3\sqrt{2})\\
&=11\sqrt{2} + 9\sqrt{3}.
\end{align*} Therefore, we have $a+b+c = \boxed{20}$.  (Notice that $c=0;$ tricky!)","First, we calculate $(\sqrt{2} - \sqrt{3})^2$: \begin{align*}
(\sqrt{2} + \sqrt{3})^2 &= (\sqrt{2} + \sqrt{3})(\sqrt{2}+\sqrt{3})\\
&=(\sqrt{2})(\sqrt{2}) + (\sqrt{2})(\sqrt{3}) + (\sqrt{3})(\sqrt{2}) + (\sqrt{3})(\sqrt{3})\\
&= 2 + \sqrt{6} + \sqrt{6} + 3\\
&=5+2\sqrt{6}.
\end{align*} Multiplying this by $\sqrt{2} +\sqrt{3}$ gives \begin{align*}
(\sqrt{2}+ \sqrt{3})^3 &=(\sqrt{2}+\sqrt{3})^2 (\sqrt{2} +\sqrt{3})\\
&=(5+2\sqrt{6})(\sqrt{2} +\sqrt{3})\\
&= 5\sqrt{2} + 5\sqrt{3} + (2\sqrt{6})(\sqrt{2}) + (2\sqrt{6})(\sqrt{3})\\
&=5\sqrt{2} + 5\sqrt{3} + 2\sqrt{12} + 2\sqrt{18}\\
&=5\sqrt{2} + 5\sqrt{3} + 2(2\sqrt{3}) + 2(3\sqrt{2})\\
&=11\sqrt{2} + 9\sqrt{3}.
\end{align*} Therefore, we have $a+b+c = \boxed{20}$.  (Notice that $c=0;$ tricky!)",VERIFIED_INVALID,Deterministic Operator AST Verifier,"Arithmetic sign flipped (+ <-> -), altering algebraic expression value.",VALID_REFERENCE_STEP,MATHEMATICALLY_INVALID,PASSED,"Arithmetic sign flipped (+ <-> -), altering algebraic expression value."
pair_math500_494,math500_494,OP_CONSTANT_PERTURB,Note that $x = 0$ cannot be a solution of the equation.,Note that $x = 1$ cannot be a solution of the equation.,VERIFIED_INVALID,Deterministic Operator AST Verifier,"Numerical constant perturbed (0 -> 1), contradicting reference solution.",VALID_REFERENCE_STEP,MATHEMATICALLY_INVALID,PASSED,"Numerical constant perturbed (0 -> 1), contradicting reference solution."
pair_math500_495,math500_495,OP_SIGN_FLIP,"The inner logarithm is only defined if $x - 2 > 0$, so $x > 2$.","The inner logarithm is only defined if $x + 2 > 0$, so $x > 2$.",VERIFIED_INVALID,Deterministic Operator AST Verifier,"Arithmetic sign flipped (+ <-> -), altering algebraic expression value.",VALID_REFERENCE_STEP,MATHEMATICALLY_INVALID,PASSED,"Arithmetic sign flipped (+ <-> -), altering algebraic expression value."
pair_math500_496,math500_496,OP_SIGN_FLIP,"Plugging in, we have $w = \dfrac{3(1+i)+1}{5(1+i)+7} = \dfrac{4+3i}{12+5i}$.","Plugging in, we have $w = \dfrac{3(1-i)+1}{5(1+i)+7} = \dfrac{4+3i}{12+5i}$.",VERIFIED_INVALID,Deterministic Operator AST Verifier,"Arithmetic sign flipped (+ <-> -), altering algebraic expression value.",VALID_REFERENCE_STEP,MATHEMATICALLY_INVALID,PASSED,"Arithmetic sign flipped (+ <-> -), altering algebraic expression value."
pair_math500_497,math500_497,OP_CONSTANT_PERTURB,"The octagon can be partitioned into five squares and four half squares, each with side length $\sqrt{2}/2$, so its area is","The octagon can be partitioned into five squares and four half squares, each with side length $\sqrt{3}/2$, so its area is",VERIFIED_INVALID,Deterministic Operator AST Verifier,"Numerical constant perturbed (2 -> 3), contradicting reference solution.",VALID_REFERENCE_STEP,MATHEMATICALLY_INVALID,PASSED,"Numerical constant perturbed (2 -> 3), contradicting reference solution."
pair_math500_498,math500_498,OP_CONSTANT_PERTURB,so $(a_9)^9 = (a_1)^9.$,so $(a_9)^10 = (a_1)^9.$,VERIFIED_INVALID,Deterministic Operator AST Verifier,"Numerical constant perturbed (9 -> 10), contradicting reference solution.",VALID_REFERENCE_STEP,MATHEMATICALLY_INVALID,PASSED,"Numerical constant perturbed (9 -> 10), contradicting reference solution."
pair_math500_499,math500_499,OP_SIGN_FLIP,"We have $\angle AHB = \angle DHE$, and from quadrilateral $CDHE$, we have  \begin{align*}
\angle DHE &= 360^\circ - \angle HEC - \angle ECD - \angle CDH \\
&= 360^\circ - 90^\circ - \angle ACB - 90^\circ\\
&= 180^\circ - \angle ACB.
\end{align*}From triangle $ABC$, we have $180^\circ - \angle ACB = \angle BAC + \angle ABC = 54^\circ + 52^\circ = \boxed{106^\circ}$.","We have $\angle AHB = \angle DHE$, and from quadrilateral $CDHE$, we have  \begin{align*}
\angle DHE &= 360^\circ - \angle HEC - \angle ECD - \angle CDH \\
&= 360^\circ - 90^\circ - \angle ACB - 90^\circ\\
&= 180^\circ - \angle ACB.
\end{align*}From triangle $ABC$, we have $180^\circ - \angle ACB = \angle BAC - \angle ABC = 54^\circ + 52^\circ = \boxed{106^\circ}$.",VERIFIED_INVALID,Deterministic Operator AST Verifier,"Arithmetic sign flipped (+ <-> -), altering algebraic expression value.",VALID_REFERENCE_STEP,MATHEMATICALLY_INVALID,PASSED,"Arithmetic sign flipped (+ <-> -), altering algebraic expression value."
