pair_id,problem_id,operator,control_sha256,recovery_sha256,operator_replay_sha256,replay_matches_recovery,edit_span_count,edit_start,edit_end,outside_span_identical,locality_status
pair_math500_001,math500_001,OP_FRACTION_FLIP,ae12f596c8b3bd4feee52da55be5ab50d835c790724298c9e185f54e695432b9,02452e769481d5a0b9a2175c9fd0f208af08b0da0f610d4c51438600673753fa,02452e769481d5a0b9a2175c9fd0f208af08b0da0f610d4c51438600673753fa,YES,1,36,42,YES,PASSED
pair_math500_002,math500_002,OP_FRACTION_FLIP,37e088f69dbd14bd17ab16585540d7c4a62f86bd5b76ca1ac8c8af0441782102,cb8b470e08430b96fb79134c98000887809a96d8da83677ecb6a68309d6b3fe4,cb8b470e08430b96fb79134c98000887809a96d8da83677ecb6a68309d6b3fe4,YES,1,24,35,YES,PASSED
pair_math500_003,math500_003,OP_CONSTANT_PERTURB,35c9e6915ad24635e5e7275b53dc71f0a1f6029415317f3dea8f1bf0ff5cdcf9,34d6591d3b03d986658943a8e3d2bb19a6e1b02008e3075489cebf07f5338603,34d6591d3b03d986658943a8e3d2bb19a6e1b02008e3075489cebf07f5338603,YES,1,25,26,YES,PASSED
pair_math500_005,math500_005,OP_CONSTANT_PERTURB,6b2a0f88e2147baadc909c5648ee5f3bd4ad563d7af0a61f0405a98ae13a54c1,d6a5d215506843214394a9905d94fbb136327cd5ba09cb83a92bb187d7f1ce4d,d6a5d215506843214394a9905d94fbb136327cd5ba09cb83a92bb187d7f1ce4d,YES,1,44,45,YES,PASSED
pair_math500_006,math500_006,OP_SIGN_FLIP,249a355f8647569a7d4695a5050e83575a77f3129f2a7f70647f112af9a6f71f,7020fcfc35c4c197869a1813db96e9d6ecc714bb9ddcadfa4c38a6d9dc034163,7020fcfc35c4c197869a1813db96e9d6ecc714bb9ddcadfa4c38a6d9dc034163,YES,1,59,60,YES,PASSED
pair_math500_007,math500_007,OP_SIGN_FLIP,dc7dddfba68ae8af3953e40cd216dd2b7e22a8cba936673a3cbd9ebe531db474,7db01f60baccbfa3ef8b115520ec83bd0bbecf738d5a2afd6de91a84aa4f0b03,7db01f60baccbfa3ef8b115520ec83bd0bbecf738d5a2afd6de91a84aa4f0b03,YES,1,39,40,YES,PASSED
pair_math500_008,math500_008,OP_CONSTANT_PERTURB,fa5d778e065758747e3bc453e81faead53cc0c64f433ff27792ee7c84396e96c,80c837f15c6f55cab8e649dc369e60311bb406d9e82f89978b836c3dd46f2600,80c837f15c6f55cab8e649dc369e60311bb406d9e82f89978b836c3dd46f2600,YES,1,52,53,YES,PASSED
pair_math500_009,math500_009,OP_SIGN_FLIP,924e5f6001842f99567a47c9110471b4b1fef6f3582280b678bd6d0a6ab5fc02,aae148e5ae92d0c44ead84816f8d040155a8d85381da0e7a8bd4376a4f63a1d4,aae148e5ae92d0c44ead84816f8d040155a8d85381da0e7a8bd4376a4f63a1d4,YES,1,79,80,YES,PASSED
pair_math500_010,math500_010,OP_CONSTANT_PERTURB,3db397870a8abf65ca7d296186d65782f2a3b06d2b562ac406911fc788fa70ff,1dec71a868b8b90f702c5f527f3ff6c54f17b1da2a72a44f7afb5dfd40ab4a3e,1dec71a868b8b90f702c5f527f3ff6c54f17b1da2a72a44f7afb5dfd40ab4a3e,YES,1,43,44,YES,PASSED
pair_math500_011,math500_011,OP_SIGN_FLIP,2a561aa32fe5bbfe453eb7d2a9b541eae8953b99cfc88aa4c1b95e8178896f2a,5b41255125daa155c5be8e40cb846b73bb8feeca58128496299761e79fa24e26,5b41255125daa155c5be8e40cb846b73bb8feeca58128496299761e79fa24e26,YES,1,17,18,YES,PASSED
pair_math500_012,math500_012,OP_CONSTANT_PERTURB,3781a18ed111675d8af810a429540971151ff1426a42d20166ce2ae1dc0bf6b4,d02adcb495fb4bfa225613ba0c9cc7cccbe1126ad0f58e66c1afd93051a823a6,d02adcb495fb4bfa225613ba0c9cc7cccbe1126ad0f58e66c1afd93051a823a6,YES,1,19,20,YES,PASSED
pair_math500_013,math500_013,OP_CONSTANT_PERTURB,53ac88db542538fa4c8cfbd6b194b85ebff940c41b4e628a493b8603b46598ca,a2a0354dd1f08cd58fd026b87f8f2b428650fac64c747437681bbf1a2c105ed1,a2a0354dd1f08cd58fd026b87f8f2b428650fac64c747437681bbf1a2c105ed1,YES,1,27,28,YES,PASSED
pair_math500_014,math500_014,OP_FRACTION_FLIP,9df38022a6800a5afc590bfb6a8310c80783a589242ab4376b110f357ad63565,c531104b9d00f20081561ae3d23512f9b01b31b04641b969967d4139d9da6398,c531104b9d00f20081561ae3d23512f9b01b31b04641b969967d4139d9da6398,YES,1,53,58,YES,PASSED
pair_math500_015,math500_015,OP_FRACTION_FLIP,f0b6b9351704b2df47ccc662051d2e67ab2c6b2073b43975f8388ae6b7edb4ed,007f41bd80dc4705972d0317b87a25c0918a8190605daa15a40a6ab2c05adcf1,007f41bd80dc4705972d0317b87a25c0918a8190605daa15a40a6ab2c05adcf1,YES,1,19,25,YES,PASSED
pair_math500_016,math500_016,OP_SIGN_FLIP,a453082fb01baebd20b2be6a2f94ec3a0bf9021cdcf9a708348a20f01732c7d9,8027e92c9edd3a7241ec995609590b9105d97f6a7e7bc2dea368976981553bea,8027e92c9edd3a7241ec995609590b9105d97f6a7e7bc2dea368976981553bea,YES,1,6,7,YES,PASSED
pair_math500_018,math500_018,OP_CONSTANT_PERTURB,6996cb6ae1c9ff5dcda2acc18709cbb7e3febff495d6b2599fd9091c4983c116,01136e6f1267267567a708cc7555b6fbc84b3357be8ffb3afc1d719d22344fb9,01136e6f1267267567a708cc7555b6fbc84b3357be8ffb3afc1d719d22344fb9,YES,1,41,42,YES,PASSED
pair_math500_019,math500_019,OP_SIGN_FLIP,f7a69fe845daee0d4d9249b29a87360d26eabeab6c0b8f7a1c11f13317afda6d,ff76a419cfdeec06c0456a1dd2e3fae22f8a30e8e1c2584d5d807e59b286728e,ff76a419cfdeec06c0456a1dd2e3fae22f8a30e8e1c2584d5d807e59b286728e,YES,1,44,45,YES,PASSED
pair_math500_020,math500_020,OP_SIGN_FLIP,368f78a74185508903bec9adc80f2b8bb2a28a14d138a89d6777eb6c3116586a,54ee36590cf087929eefdb4a0c83ec5470ca25f2e0272a7f524b63b6dc97f83f,54ee36590cf087929eefdb4a0c83ec5470ca25f2e0272a7f524b63b6dc97f83f,YES,1,53,54,YES,PASSED
pair_math500_021,math500_021,OP_SIGN_FLIP,2519a0c95ea9dbe5dd4cc99181da56e2413704c73393908f37c5dd3fbe64b404,15fed86bf34fa04a3261d68f4ec7c5bfcb283df42f6e1e0ebfdfe32bb4c2051d,15fed86bf34fa04a3261d68f4ec7c5bfcb283df42f6e1e0ebfdfe32bb4c2051d,YES,1,18,19,YES,PASSED
pair_math500_022,math500_022,OP_CONSTANT_PERTURB,bffad31debfddbf90ea1eec4585a9fa0d1d506162584e0ca7d46bac69b320fe0,b925af6cdffb05e76f3835fe7f97f6cd92a1fc1e84511460b3626b9f5aea34a8,b925af6cdffb05e76f3835fe7f97f6cd92a1fc1e84511460b3626b9f5aea34a8,YES,1,144,145,YES,PASSED
pair_math500_023,math500_023,OP_SIGN_FLIP,60cc829fb1bff0c1d64ac62c742e439fe92e51d8f15d083f4d649f5546cbf7ad,e418b641c09bd2a2e194f0125cb198701947dae251b4cabbc08c1bc4a89489db,e418b641c09bd2a2e194f0125cb198701947dae251b4cabbc08c1bc4a89489db,YES,1,38,39,YES,PASSED
pair_math500_024,math500_024,OP_FRACTION_FLIP,dd6824d8c5ff96e10422998754b5591d67d5156d65542154aa3f0b8093f4b00a,b06c2e18ae2f8defd97e91cced915b7f9b3888b65e194b732c5d0c90e7acb376,b06c2e18ae2f8defd97e91cced915b7f9b3888b65e194b732c5d0c90e7acb376,YES,1,351,358,YES,PASSED
pair_math500_025,math500_025,OP_CONSTANT_PERTURB,572068dc8f54b719bfdddfe7f11459be82d69c734325a11a910aed6e64417a20,1ca6b0efe3736a81323e4512897c917be5b260b7c763fdc7e874f0569324109a,1ca6b0efe3736a81323e4512897c917be5b260b7c763fdc7e874f0569324109a,YES,1,17,18,YES,PASSED
pair_math500_026,math500_026,OP_CONSTANT_PERTURB,ad4ba0d933f6dc974ac0189cf11ed4cf370530e8ae29e5cb512a8daf2bfb7f55,bfd94bcf36b1bce50d61efb980b3be85b819d9e7a9239797ebee1ef5a9826cf2,bfd94bcf36b1bce50d61efb980b3be85b819d9e7a9239797ebee1ef5a9826cf2,YES,1,5,6,YES,PASSED
pair_math500_027,math500_027,OP_CONSTANT_PERTURB,fe667aec15175c1571ed7656f3aac5ee7defc0801077e56ff56765483a26c0bc,120b3531b6ad0b7aa912cd1018aaa3357522ff10efe3bd604f1439bd0d288190,120b3531b6ad0b7aa912cd1018aaa3357522ff10efe3bd604f1439bd0d288190,YES,1,49,50,YES,PASSED
pair_math500_028,math500_028,OP_SIGN_FLIP,ab78c7b5257dbad5274106debac0cab593a8709fc125ec1731254e95b4e3f30b,0f74cb8cc959600eac59c772b1bb485fa9fea9362fc2904c3758336f2b295d85,0f74cb8cc959600eac59c772b1bb485fa9fea9362fc2904c3758336f2b295d85,YES,1,54,55,YES,PASSED
pair_math500_029,math500_029,OP_CONSTANT_PERTURB,992f8571d054f1610709ed787f4430a92a20fdec115ddff86ecb3e8fc425122a,112a917c2819807345169205d8ca3e22e03427f7c7fc51be1aeba7cb9da7646e,112a917c2819807345169205d8ca3e22e03427f7c7fc51be1aeba7cb9da7646e,YES,1,18,19,YES,PASSED
pair_math500_030,math500_030,OP_SIGN_FLIP,bb5fd9b33b546f845436249751f18ce4fc9144aeb692a27b446529ab3d38c55a,790fd9126af16ec86161f1b06d0e07e962076684d54064198a93b3299574ff48,790fd9126af16ec86161f1b06d0e07e962076684d54064198a93b3299574ff48,YES,1,148,149,YES,PASSED
pair_math500_032,math500_032,OP_CONSTANT_PERTURB,3d1b374a8e52262f5b87878826512127955e5673a18784d3512149a765415d01,657b504a29d08d3eb34c14d9096a47d825aaa50a3923ca075ed417c3a4c7de1c,657b504a29d08d3eb34c14d9096a47d825aaa50a3923ca075ed417c3a4c7de1c,YES,1,44,45,YES,PASSED
pair_math500_033,math500_033,OP_FRACTION_FLIP,596d408e9811afa61fcc53b9e0ca8c0d68ea16a8c85b4c0cf71bd53fe4260676,44123f9363b336593653e427c07f3527b4173a05c1a7ae1a36d6a16e58829637,44123f9363b336593653e427c07f3527b4173a05c1a7ae1a36d6a16e58829637,YES,1,53,57,YES,PASSED
pair_math500_034,math500_034,OP_FRACTION_FLIP,6878c97919ce8531754e8d3f30ff8637b90dcded8d577d2e6f3b5363f0e141ae,12d9eea8f2c018984a516106fb03f97701f0457b13c602a4bcb6e1ef47b9f39e,12d9eea8f2c018984a516106fb03f97701f0457b13c602a4bcb6e1ef47b9f39e,YES,1,48,54,YES,PASSED
pair_math500_035,math500_035,OP_SIGN_FLIP,858f48ee4c948a89cc1eb610410c59267d5d3a0cd8288c7a2b01bd5420a5ae1e,230b37d3ee3f05404eafce25ff2d3c78bb075276ab84a07f5cfac315714707e6,230b37d3ee3f05404eafce25ff2d3c78bb075276ab84a07f5cfac315714707e6,YES,1,35,36,YES,PASSED
pair_math500_036,math500_036,OP_SIGN_FLIP,dce550955b67ccbf1d42a62da890a29ee2b2c5cb13068b92d9685498b1b939f5,57c7edcb5cadec66802161f714965892cdc17bf7c2886ee219c9a70942cd4d76,57c7edcb5cadec66802161f714965892cdc17bf7c2886ee219c9a70942cd4d76,YES,1,11,12,YES,PASSED
pair_math500_037,math500_037,OP_CONSTANT_PERTURB,e75d00106795f1183044d07daa577b718fa1355800c6cee24337db3e2429545b,63bf57099c3879a9bbe6acf6e1ba5b8394ebe1f3eba2506dd03bedb3e7316d4b,63bf57099c3879a9bbe6acf6e1ba5b8394ebe1f3eba2506dd03bedb3e7316d4b,YES,1,43,44,YES,PASSED
pair_math500_038,math500_038,OP_FRACTION_FLIP,d8904a07fe13bcbfe04801ff5c9b80f239bc5758205a13df0b42d6d56ecffdd1,015124a1e3d84b64c392b7212096de27dc2d350123aaefd69208cc7522b61ce8,015124a1e3d84b64c392b7212096de27dc2d350123aaefd69208cc7522b61ce8,YES,1,38,44,YES,PASSED
pair_math500_039,math500_039,OP_CONSTANT_PERTURB,22c11696bbbaafec5ceed8b8e40f259509d3fb3bd60036650d50c345064c8a9a,5ede72d04a3c1a7db81820455202af27e9ac3e82f987af14844301d7e354b126,5ede72d04a3c1a7db81820455202af27e9ac3e82f987af14844301d7e354b126,YES,1,27,28,YES,PASSED
pair_math500_040,math500_040,OP_CONSTANT_PERTURB,ccf5a6ea29f840abd350bdac51278f1d168312f44e389a93ab52513b2ba13ad3,bea5e8461a1f0d042c870e4c55451a90831c60cc1d9e3ece23b7aa3ca92fa69c,bea5e8461a1f0d042c870e4c55451a90831c60cc1d9e3ece23b7aa3ca92fa69c,YES,1,34,35,YES,PASSED
pair_math500_041,math500_041,OP_CONSTANT_PERTURB,9b8c15a5f48e67dfba25050d7c5d18217528f8fc5338894467508d45000e34c5,1a0f105f7ed22943c6da0b8608ddbc40f73be247c7a35422228ab91d4a79762c,1a0f105f7ed22943c6da0b8608ddbc40f73be247c7a35422228ab91d4a79762c,YES,1,19,20,YES,PASSED
pair_math500_042,math500_042,OP_CONSTANT_PERTURB,94f7a15b15fffe1d0a1f5d2493cf100354c48d294f0adbe72882941df9ec9c8b,b2c95138dd0ae47ae0dbd3dfc9274257ed2e8275d635e49a4cb174834fd015a2,b2c95138dd0ae47ae0dbd3dfc9274257ed2e8275d635e49a4cb174834fd015a2,YES,1,66,67,YES,PASSED
pair_math500_043,math500_043,OP_SIGN_FLIP,2159cd54cb48f6ad5614e5a2971e075f99c26a4901a406deaaf1aea20faad0ee,f925196281739ca5a4c4d286109c04e3fcafe35788033c6b8b7ff2aad643a809,f925196281739ca5a4c4d286109c04e3fcafe35788033c6b8b7ff2aad643a809,YES,1,12,13,YES,PASSED
pair_math500_044,math500_044,OP_FRACTION_FLIP,554151b9028593c7d99aade78091b7032516ee0d7365f8c6c0687284b41f8cf8,1158fbb90bc6ad3674518167b286bbfa30ee5be6ff176a6f22721a0b6fc8e51f,1158fbb90bc6ad3674518167b286bbfa30ee5be6ff176a6f22721a0b6fc8e51f,YES,1,125,129,YES,PASSED
pair_math500_045,math500_045,OP_FRACTION_FLIP,a22fe346b8d88a07740ac5c6c8d681c9489e8bef282bd6a47e5ef36b8de17f96,7467245eb798b39518c7230f8a8fd90171e5b539361e0aa7cad53c9e57f986a6,7467245eb798b39518c7230f8a8fd90171e5b539361e0aa7cad53c9e57f986a6,YES,1,24,29,YES,PASSED
pair_math500_046,math500_046,OP_SIGN_FLIP,c551b28f502e14fef75e18e99a4489cf05a95b1d812d57380cf43e07738914c5,14c1642680df96f72ab86c5e2dc01ae20ba5990221ba0abe11fdf129de342f2e,14c1642680df96f72ab86c5e2dc01ae20ba5990221ba0abe11fdf129de342f2e,YES,1,30,31,YES,PASSED
pair_math500_047,math500_047,OP_CONSTANT_PERTURB,0a09d01efae3e7b4e5bbd31888f366963f125b63646f92a005176c5f0288eed2,80b9530c468ca0e3ec0e4ab84c9a617eb3b8c35560006013475434f073047f41,80b9530c468ca0e3ec0e4ab84c9a617eb3b8c35560006013475434f073047f41,YES,1,68,69,YES,PASSED
pair_math500_048,math500_048,OP_CONSTANT_PERTURB,0bda7aeec5904fbf6330ce278ab2748ba6e722a51a42663c9b0a8a2b91f70ddd,6be853a45515a0422492156b4a83a473968edba43bae5596a6953ac30b46aa6a,6be853a45515a0422492156b4a83a473968edba43bae5596a6953ac30b46aa6a,YES,1,23,24,YES,PASSED
pair_math500_049,math500_049,OP_FRACTION_FLIP,a0aaf02791ac4d821048613b978e29940662f2aad0ae7d32daed3d3071d64573,b6b851caa0d4840385d0521b604b51463f6d82eaec5798c585a9c4ac3a5718ed,b6b851caa0d4840385d0521b604b51463f6d82eaec5798c585a9c4ac3a5718ed,YES,1,48,52,YES,PASSED
pair_math500_050,math500_050,OP_SIGN_FLIP,92b47ddcffb395d1b8152146d49331536beb2716653d8b1b3b6713e631321b67,b91643df9dcf7a4be79fed41e9d55ff4a0d410bfd10db427d5e7e9e91912f015,b91643df9dcf7a4be79fed41e9d55ff4a0d410bfd10db427d5e7e9e91912f015,YES,1,68,69,YES,PASSED
pair_math500_051,math500_051,OP_FRACTION_FLIP,cc7b452cf5ada4d80ad7c5d95dd61924e12a54a991395e0c92e6c78a23b0d2da,89dd5d0596b832ff1fe15503f4353cc20cf993de4ad4f62478fc7b550f3ff5b4,89dd5d0596b832ff1fe15503f4353cc20cf993de4ad4f62478fc7b550f3ff5b4,YES,1,133,146,YES,PASSED
pair_math500_052,math500_052,OP_FRACTION_FLIP,1e4171d36707976289ce5bf082e4b198ca5878f374206d3950ad4f2dd7ff4348,00f0f7ff42e814281a8a753fa694979ae374d9bd418602689fc3e41a27007611,00f0f7ff42e814281a8a753fa694979ae374d9bd418602689fc3e41a27007611,YES,1,201,211,YES,PASSED
pair_math500_055,math500_055,OP_SIGN_FLIP,e44b4ff949e94b852e33b34626df24a3a8cdf37325904c7088878c06fa96c747,15e0c8fbfd45207abc8ea794ba4ba27fbd4885b7e7f2cc0d1b02ab9e9794e37d,15e0c8fbfd45207abc8ea794ba4ba27fbd4885b7e7f2cc0d1b02ab9e9794e37d,YES,1,138,139,YES,PASSED
pair_math500_056,math500_056,OP_SIGN_FLIP,8abf408d64c98bdd3465666cafaf9baf82f7b70099984cd827a33a6625f3afc3,1f8849ecb3b440055ac7d515cebc1a47fffccd3c98103c2fd18f360c0ac40118,1f8849ecb3b440055ac7d515cebc1a47fffccd3c98103c2fd18f360c0ac40118,YES,1,59,60,YES,PASSED
pair_math500_057,math500_057,OP_SIGN_FLIP,c2653a5f3850b2bd0ccce5ac179b321ca0e7bbd8fe65bfa827411722109aff0b,c85725ad5af39debff6c80016ce2471435b826e65231e6ad75885faf623ab7ba,c85725ad5af39debff6c80016ce2471435b826e65231e6ad75885faf623ab7ba,YES,1,15,16,YES,PASSED
pair_math500_058,math500_058,OP_SIGN_FLIP,7da88bae6dd1e7187bf30e5cfbb58d382628c8c8079ffaad5394cebab47d1cf1,ece4f8bece782a0fe4195dd88a9711f757444a6fd8483b9149f5bd631767d636,ece4f8bece782a0fe4195dd88a9711f757444a6fd8483b9149f5bd631767d636,YES,1,5,6,YES,PASSED
pair_math500_059,math500_059,OP_SIGN_FLIP,f3f580183090d38ab9ebc1f854b8fba0076bb7522d301022c433b4ef8270c353,6b5eb9c31fed70c0e1d68462888ce7a22168aeb78bf04d4534319516c65007d3,6b5eb9c31fed70c0e1d68462888ce7a22168aeb78bf04d4534319516c65007d3,YES,1,13,14,YES,PASSED
pair_math500_060,math500_060,OP_SIGN_FLIP,94ec544f2f8e7e31d7c90452443a1b6f346497112159170fbe4a1aac2687c2bf,0130e2a1c9e46b963eb2932a171fc64ee39b8fb63103890f9b28b10a14af53ee,0130e2a1c9e46b963eb2932a171fc64ee39b8fb63103890f9b28b10a14af53ee,YES,1,38,39,YES,PASSED
pair_math500_061,math500_061,OP_SIGN_FLIP,651977e84539bd7825a1db5fb7abbcd004fa79a9f3968d74aecd02286362d914,136d44e19454925ca11e155d6f6189485e81a1488b759c8407d0bcec56721e91,136d44e19454925ca11e155d6f6189485e81a1488b759c8407d0bcec56721e91,YES,1,16,17,YES,PASSED
pair_math500_062,math500_062,OP_SIGN_FLIP,cce3151c3cb6d47b2a1f0d4e54b28bfec1b9df8a4e1d219cbf30753728342319,ad0d77088f5d42b13d8fa608898bd60a6f41ed6f653d669f2f6d4b98048580c4,ad0d77088f5d42b13d8fa608898bd60a6f41ed6f653d669f2f6d4b98048580c4,YES,1,83,84,YES,PASSED
pair_math500_063,math500_063,OP_SIGN_FLIP,13e40f0117bfa5435082ce77514d4fbee3a1e6ddef7b3f5d390154f4d9d37d7f,48b80990c040ff4c643c3cc7d124b38e1dcf9ea5f035eb95f3247c60ea5c01be,48b80990c040ff4c643c3cc7d124b38e1dcf9ea5f035eb95f3247c60ea5c01be,YES,1,26,27,YES,PASSED
pair_math500_064,math500_064,OP_SIGN_FLIP,d46d2dbdec101e90b25ecc67531b1bf69b11e7b2dd1b8e3608a82fe2e4dda7f8,1b9741a8e289610c6430d4797d64798a31b9ae4b31708f3f0ba2474d48a3497f,1b9741a8e289610c6430d4797d64798a31b9ae4b31708f3f0ba2474d48a3497f,YES,1,24,25,YES,PASSED
pair_math500_065,math500_065,OP_CONSTANT_PERTURB,032e72acb75c827705c4fad18e2080a120579a5ae8b42735a96330c69875f14a,404380405a77f6d09761cbe7317581466723a7ee9c56668baf2a7afe7b56a7f4,404380405a77f6d09761cbe7317581466723a7ee9c56668baf2a7afe7b56a7f4,YES,1,57,58,YES,PASSED
pair_math500_066,math500_066,OP_CONSTANT_PERTURB,b3ffa94973ec29b829ed8e72ce57bc75cf467d57d014e37b94c692b37b439049,e2a495f23cae87f9231f1e9000b894bf25f57e761e6a187479bbd65cd4b5bddf,e2a495f23cae87f9231f1e9000b894bf25f57e761e6a187479bbd65cd4b5bddf,YES,1,85,86,YES,PASSED
pair_math500_067,math500_067,OP_CONSTANT_PERTURB,92d2ec2667436e513a4e6fa620b600d6478036490af37bb483af3c7a44c86424,befe4fa479c3be9c84a588cd7546dd50919b77b495f9c219531e4fe34b1102d5,befe4fa479c3be9c84a588cd7546dd50919b77b495f9c219531e4fe34b1102d5,YES,1,61,62,YES,PASSED
pair_math500_068,math500_068,OP_FRACTION_FLIP,3ccc543e4c5382514c0d48c5966286e0733a9afcbeac85c64d3d1649d0e03c84,b60e06ee87d13a5a1fb4042131140f6b907cc004aae4e6beb13d76d86a57ed86,b60e06ee87d13a5a1fb4042131140f6b907cc004aae4e6beb13d76d86a57ed86,YES,1,79,127,YES,PASSED
pair_math500_069,math500_069,OP_SIGN_FLIP,f328322db7d4d1ca6c9a8ba806b6775d3164fb7848bd49dc5762391158b19ec3,ac97a4a1382702b52459b323b13300c59e88abf13c4bfa87d7cfdf82b1b8cc4c,ac97a4a1382702b52459b323b13300c59e88abf13c4bfa87d7cfdf82b1b8cc4c,YES,1,22,23,YES,PASSED
pair_math500_070,math500_070,OP_SIGN_FLIP,e86eaa125da0492516bc937146e2c8a69eb4159fd601e8a6d4367ed7d33153fe,06013be4575f27a1120ae2538f6c893f86fdc97e59e4ea1ca1fcf9c8e36e426c,06013be4575f27a1120ae2538f6c893f86fdc97e59e4ea1ca1fcf9c8e36e426c,YES,1,71,72,YES,PASSED
pair_math500_071,math500_071,OP_CONSTANT_PERTURB,c16f31d4fabba21a04e7e6c1251705ab68fc17dfa75bcb4f915db7e1c535c748,459065a3ac606211f3b6389beefebefe1199dd7a58297f42fbdd0ef26747e7c9,459065a3ac606211f3b6389beefebefe1199dd7a58297f42fbdd0ef26747e7c9,YES,1,7,8,YES,PASSED
pair_math500_072,math500_072,OP_FRACTION_FLIP,2d16ffa95d824aa7d0984584c02601513fe80d5849d7f75b45311ca1ec41f219,dab65f36988b7eab3e17446e137f65c643e0d6c20a30314f4a7319fe6e726e31,dab65f36988b7eab3e17446e137f65c643e0d6c20a30314f4a7319fe6e726e31,YES,1,33,37,YES,PASSED
pair_math500_073,math500_073,OP_SIGN_FLIP,5dba4ad1e6af8e3abd1ff9a7e5062fd6dbf1adf9c2582616477e157986dce33c,ce726ab2b15ab7bb702a4a1200fa2d3672db5272fcd2a2fa1d2dbac3eca6db88,ce726ab2b15ab7bb702a4a1200fa2d3672db5272fcd2a2fa1d2dbac3eca6db88,YES,1,34,35,YES,PASSED
pair_math500_074,math500_074,OP_FRACTION_FLIP,692223e0abb127d966bfb74d4d9d01b11465c9f6a2e29366ece8f4a5f82759a7,0f51300dc011551e385600c99c478f48392e2499836c77ae700c79d6e3c6d3ea,0f51300dc011551e385600c99c478f48392e2499836c77ae700c79d6e3c6d3ea,YES,1,36,46,YES,PASSED
pair_math500_075,math500_075,OP_CONSTANT_PERTURB,24bc51c91f2c465a260761ff1430cb2ae5280a2cc81a733e5e1874fd36fb08ac,f66a1df0f04d562585653e130860a4f7d749222743d5beef97a517fbf3a6916b,f66a1df0f04d562585653e130860a4f7d749222743d5beef97a517fbf3a6916b,YES,1,21,22,YES,PASSED
pair_math500_076,math500_076,OP_CONSTANT_PERTURB,03ab1a6c1482234ce11ba3504cf2104b7159b7d03c69f3585f00097dd72813b7,4310fefd1c5efaa1e443731e1d4605e297194ec1ae7574d1ae38ebcc3ff1c90a,4310fefd1c5efaa1e443731e1d4605e297194ec1ae7574d1ae38ebcc3ff1c90a,YES,1,21,22,YES,PASSED
pair_math500_077,math500_077,OP_CONSTANT_PERTURB,0c1927b68ea841aef01165e8f9d260401ff7a22b3c6f391f470f0df53c9b6a41,ccf66775bf6d955bd0cae4e2c106ed7d7d130df9f3db217cceb43aaf4fa02833,ccf66775bf6d955bd0cae4e2c106ed7d7d130df9f3db217cceb43aaf4fa02833,YES,1,9,10,YES,PASSED
pair_math500_078,math500_078,OP_SIGN_FLIP,5e44f03a59c0eaec8e067db306474693501097379d522d8b3676e06ef82974f8,cb80e6efeb0f4bc0207b59a5ea3b7aec24fdc23fcb53a3074b6f988ec6cbbc4b,cb80e6efeb0f4bc0207b59a5ea3b7aec24fdc23fcb53a3074b6f988ec6cbbc4b,YES,1,152,153,YES,PASSED
pair_math500_079,math500_079,OP_CONSTANT_PERTURB,d192adcdb3e2744cda5f83f97f7df707c49a2be91fcfcdea821339e06b716456,5433e9dac57ba259c7e94281ab80e9a4f9dc4161e923c8a799d482dbc926c76e,5433e9dac57ba259c7e94281ab80e9a4f9dc4161e923c8a799d482dbc926c76e,YES,1,34,35,YES,PASSED
pair_math500_081,math500_081,OP_SIGN_FLIP,a2b93fc995efae0fa467311b04fe12e41aef50b58c3c22f61110e414475d01bf,c80fec861ba8607cdb40e5542984c680854e27ac7facab0864aef3f95cf9c5e6,c80fec861ba8607cdb40e5542984c680854e27ac7facab0864aef3f95cf9c5e6,YES,1,59,60,YES,PASSED
pair_math500_082,math500_082,OP_SIGN_FLIP,dfc44f893d3f761556924c0e16e23267a95938c94e276eeb96b58655b8f70e9c,079c519b5390c7d2bcf33fa6422ba3f6d7a499a54d5134dc30da07fb216b1c58,079c519b5390c7d2bcf33fa6422ba3f6d7a499a54d5134dc30da07fb216b1c58,YES,1,25,26,YES,PASSED
pair_math500_083,math500_083,OP_SIGN_FLIP,77a9672b1430d68a554bc34d1f1da1859946de8e3da3a82a57367fce509e5082,b47f8ea31e41e7c5d109f478e2d4a7f46cba863725bbe328f0ce4f87ec65bda2,b47f8ea31e41e7c5d109f478e2d4a7f46cba863725bbe328f0ce4f87ec65bda2,YES,1,88,89,YES,PASSED
pair_math500_084,math500_084,OP_SIGN_FLIP,bbc8e2ea1662ebeea89e21296e15338cd83f915a6639f1f6f21b7c42f5efcfe9,cf180ab54fe18b0bb82914fb241f479c1dc4bf1a4f6dd08e885210ed1d18ada9,cf180ab54fe18b0bb82914fb241f479c1dc4bf1a4f6dd08e885210ed1d18ada9,YES,1,26,27,YES,PASSED
pair_math500_085,math500_085,OP_CONSTANT_PERTURB,fdd97033ebbb2edb87695fd0bda1d8fdb09235cec87681c65f884bbe77ef2f6a,861e56e19e3bf40ae1fc2236c12fc09d104fdabb35a7d3a975ccbb5a5d74b4f8,861e56e19e3bf40ae1fc2236c12fc09d104fdabb35a7d3a975ccbb5a5d74b4f8,YES,1,39,40,YES,PASSED
pair_math500_086,math500_086,OP_CONSTANT_PERTURB,b1394b81722bb7b2d782e786a5182df187652275828adfa45e58db720c59cfcf,86e8ac19078573f190354752d74699c4b1b0a09973cb102558b436358f3bf7da,86e8ac19078573f190354752d74699c4b1b0a09973cb102558b436358f3bf7da,YES,1,10,11,YES,PASSED
pair_math500_088,math500_088,OP_SIGN_FLIP,a064c7c10a4316e024fcb776a8701da3e7f8babb847347fab7de2b9625857848,1df1dccff63ac0322db939c85b90bb192cdcb1a6d33215f8d2313290d4bb28db,1df1dccff63ac0322db939c85b90bb192cdcb1a6d33215f8d2313290d4bb28db,YES,1,72,73,YES,PASSED
pair_math500_089,math500_089,OP_SIGN_FLIP,4e3cd5a874e1df9033663031ec6fe0a291083d9fcb14977439322641f076c73f,9a464a34ea295d0dbfb0391a8defd58118ea0499b87b3c45530116183a81a62d,9a464a34ea295d0dbfb0391a8defd58118ea0499b87b3c45530116183a81a62d,YES,1,98,99,YES,PASSED
pair_math500_090,math500_090,OP_FRACTION_FLIP,60780060978b7b956eba9610a37054108ea52b5b7152b4112d4b0cce2f002178,c624d918d8d62c016183e78317746b7c4ccbd6b77487a66de229c4c4e6dfa506,c624d918d8d62c016183e78317746b7c4ccbd6b77487a66de229c4c4e6dfa506,YES,1,25,29,YES,PASSED
pair_math500_091,math500_091,OP_SIGN_FLIP,608c48b613e06fedc3527721b5a8b8beebe7df191dfd7eb5c4aa7ef3b952674f,5c705bcb3017aad24ecc582ed0c780119c4f72d7af6359ca66784e985c2cdc7e,5c705bcb3017aad24ecc582ed0c780119c4f72d7af6359ca66784e985c2cdc7e,YES,1,115,116,YES,PASSED
pair_math500_092,math500_092,OP_CONSTANT_PERTURB,3485c4f893f4c0c87736ae516a1a9adb14c8c484381e204c989f32239731be88,72eaa548dbc66f6c1e64f50d5938309f5da9758dc8cc000d9632a3f7ee6a1a3a,72eaa548dbc66f6c1e64f50d5938309f5da9758dc8cc000d9632a3f7ee6a1a3a,YES,1,18,19,YES,PASSED
pair_math500_093,math500_093,OP_SIGN_FLIP,233eef1d767baa07b85eb6391f4b02b4a13068648f0490009b6ab1f215e9d87b,c2de8075ac661137744b8891995c4507b3774d19bdfe29ced3c6336233840913,c2de8075ac661137744b8891995c4507b3774d19bdfe29ced3c6336233840913,YES,1,42,43,YES,PASSED
pair_math500_094,math500_094,OP_CONSTANT_PERTURB,3b9cd65b1755cb603b6c862f88af6ea3c836db8783aa8e978067c6bab1a73f7c,de4745bba8b245d13f216e315ab2436f037790d2ff7b7f2266b8ece12c3af644,de4745bba8b245d13f216e315ab2436f037790d2ff7b7f2266b8ece12c3af644,YES,1,53,54,YES,PASSED
pair_math500_095,math500_095,OP_SIGN_FLIP,ccf4acc67fbff5e0571f9d04c8848d2462f31258b58706d0412e08ff4a546f13,962529f2c280853d845b71c9ec27cc3342687623d076c6480bff0fcd70191046,962529f2c280853d845b71c9ec27cc3342687623d076c6480bff0fcd70191046,YES,1,45,46,YES,PASSED
pair_math500_096,math500_096,OP_FRACTION_FLIP,a6f289adeeba3d5c307ff52e1a21b23cd91ae388e34a74f24b0772ee4bc6117e,e5712fdd17fbcd86115818f00228a816673fff77a2c3f2e3f303a69740e4dc55,e5712fdd17fbcd86115818f00228a816673fff77a2c3f2e3f303a69740e4dc55,YES,1,8,37,YES,PASSED
pair_math500_097,math500_097,OP_CONSTANT_PERTURB,e99c073f9ecfef75c70a81ce079330845ba692094ebd02f8051f64a6c2a614f2,cf518a08584d20e899de4061aabb32b0fea67a43a2a01e90eef65adfc377c834,cf518a08584d20e899de4061aabb32b0fea67a43a2a01e90eef65adfc377c834,YES,1,22,23,YES,PASSED
pair_math500_098,math500_098,OP_SIGN_FLIP,dbd416dcec6c1e7a6ba5d05c2dcfc16d99cd884afd2b0cfb15a4f4802746b4d9,7fbf3f2b3a44fa96ed294808d250cc72438ccf3eddb655b9dd3e258ad0ac203b,7fbf3f2b3a44fa96ed294808d250cc72438ccf3eddb655b9dd3e258ad0ac203b,YES,1,12,13,YES,PASSED
pair_math500_099,math500_099,OP_SIGN_FLIP,9a5cb96ee7f6079e9cfa779fe10279568752eb815af542d18d86554b8191ccbd,633e24e2fc207c8c313861535be41e3cf61ae6ac8448098d865b332f72f6a5ca,633e24e2fc207c8c313861535be41e3cf61ae6ac8448098d865b332f72f6a5ca,YES,1,124,125,YES,PASSED
pair_math500_100,math500_100,OP_SIGN_FLIP,e9877144b0d7660946836c24c703e952f11277349c85400f96a73d83e977b8e9,532e2e2bba8c14cab662c8070c6f2f63ab734c8dc2c93149889b388ba0626323,532e2e2bba8c14cab662c8070c6f2f63ab734c8dc2c93149889b388ba0626323,YES,1,251,252,YES,PASSED
pair_math500_101,math500_101,OP_SIGN_FLIP,bb26c971b6e3ac9d145c6a7f5102c2dcae1751998465d69f12cfbfa3b48fe6c2,5cc4cee1ce1765d9a41333dd11e1774b2ff43f570f00f4ed1e0f1f6e8256cc1b,5cc4cee1ce1765d9a41333dd11e1774b2ff43f570f00f4ed1e0f1f6e8256cc1b,YES,1,19,20,YES,PASSED
pair_math500_102,math500_102,OP_SIGN_FLIP,294110dca917b6cc2133cf69d9057b398155c17535a8728a5fc04e891ccf4438,4136c2d23a948452bf6f258ef3531542b62abd6c52d24cc94175b66dfcc46cb0,4136c2d23a948452bf6f258ef3531542b62abd6c52d24cc94175b66dfcc46cb0,YES,1,12,13,YES,PASSED
pair_math500_103,math500_103,OP_SIGN_FLIP,83931d88283788fb68b4089ff341612d252755d407dcd4bd5eb37b44d6e9e4d4,7b435135173d0ded4f58aea302c6dabd2217f982d910ba6e90817885e5834b03,7b435135173d0ded4f58aea302c6dabd2217f982d910ba6e90817885e5834b03,YES,1,26,27,YES,PASSED
pair_math500_104,math500_104,OP_SIGN_FLIP,8299068687229e70dc5085b3196702a10cec977650ab1fc6925cc5d6fa0a19a0,8ce1ad5a70b4aa523c982073e26d189921ead5f6c83cca009ba3618a41eebff4,8ce1ad5a70b4aa523c982073e26d189921ead5f6c83cca009ba3618a41eebff4,YES,1,7,8,YES,PASSED
pair_math500_105,math500_105,OP_CONSTANT_PERTURB,9913d3867053e7298efa28f409cde803c4056c8fe119bb507ce54eef36a8e596,b9e415b19cee6bf161e77f56a2cc187688d401b0003bb494b9be02d775a746f6,b9e415b19cee6bf161e77f56a2cc187688d401b0003bb494b9be02d775a746f6,YES,1,17,18,YES,PASSED
pair_math500_106,math500_106,OP_CONSTANT_PERTURB,c56dc5803e39f1a4ec453f6292aaa5a87886b87cc9c1593f4c6694fc5cb76d5c,a2e56b9e08ceb4c271be7aeef33055f8c08e63b091dabcc947d09b8f59bd6cce,a2e56b9e08ceb4c271be7aeef33055f8c08e63b091dabcc947d09b8f59bd6cce,YES,1,56,57,YES,PASSED
pair_math500_107,math500_107,OP_CONSTANT_PERTURB,f1e669912f85b5c9994de44ad6e9dcb0188323f0340f32b26357f9e53f5d033b,1a95293cc849bd69f5129748ab65ce0c54be33c80da14202e0ed0f74765490c8,1a95293cc849bd69f5129748ab65ce0c54be33c80da14202e0ed0f74765490c8,YES,1,86,87,YES,PASSED
pair_math500_108,math500_108,OP_FRACTION_FLIP,6392f8afe6a3032cbab5f9295b4b676b199c130b2066e4dfbb722930c2d04503,26970a3f0996550588c6d2049e8c55d27a59215f45bd01ef14ff9c1aa728ba0a,26970a3f0996550588c6d2049e8c55d27a59215f45bd01ef14ff9c1aa728ba0a,YES,1,8,24,YES,PASSED
pair_math500_109,math500_109,OP_SIGN_FLIP,67ca92d763c3214e2a07f004277524ca879cf4b487d6e0132c28be44075234cf,ed713c3f550d7947336108e79d6cf7b7a15a6e788fedf232afa0d76fcb548750,ed713c3f550d7947336108e79d6cf7b7a15a6e788fedf232afa0d76fcb548750,YES,1,124,125,YES,PASSED
pair_math500_111,math500_111,OP_FRACTION_FLIP,3f8ba147a9951373a6fd2faba1699bb4874bb5bebb298614484535f8ebacac3d,446774dc7ea05ab1a09fa6cd4f2097f34652383285207c62437ba272514c8991,446774dc7ea05ab1a09fa6cd4f2097f34652383285207c62437ba272514c8991,YES,1,271,282,YES,PASSED
pair_math500_112,math500_112,OP_SIGN_FLIP,5c42d81768ad8042535e3acb1dbe7620c63d349e21b01e60f5f5b2b26e012cf9,fa0f3124fc63bac6476ec10eacb3a711e8a9e5219d33d971124d14ccb52e645e,fa0f3124fc63bac6476ec10eacb3a711e8a9e5219d33d971124d14ccb52e645e,YES,1,61,62,YES,PASSED
pair_math500_113,math500_113,OP_SIGN_FLIP,7ec1a76fdb76bb55d7a02145b267e6f0d1a00575d2fd13c6580453b7fc40de11,9b35b223257186250af43e486f9fbfd550f79c4bea578d197f75ba1e200e6507,9b35b223257186250af43e486f9fbfd550f79c4bea578d197f75ba1e200e6507,YES,1,28,29,YES,PASSED
pair_math500_114,math500_114,OP_FRACTION_FLIP,e03482bc10f154458d991f8293e5fe4d95d2805cc2995cc9298bde6b95e7c8d3,f83d3bcff35800559d3ab957d067ffcbd089904fef624c655f6dad60c37aa89c,f83d3bcff35800559d3ab957d067ffcbd089904fef624c655f6dad60c37aa89c,YES,1,8,16,YES,PASSED
pair_math500_116,math500_116,OP_FRACTION_FLIP,950c7bc94d58a25ac6ce93944363cba4f63f2a4115a009484a2a8aae60f36fe9,80ac901e0416a75810b9298f04c0a5799fd1537f64764acf8d3fa7ad478ee790,80ac901e0416a75810b9298f04c0a5799fd1537f64764acf8d3fa7ad478ee790,YES,1,36,40,YES,PASSED
pair_math500_117,math500_117,OP_SIGN_FLIP,fcc062a407e9e2389ae6355979dc8c5793646d3267f90961a3b8a5670f81d463,90c37eab19648c1f0c4d227335a38730f61a30a8aa282059cfac5bf08a429a0a,90c37eab19648c1f0c4d227335a38730f61a30a8aa282059cfac5bf08a429a0a,YES,1,79,80,YES,PASSED
pair_math500_118,math500_118,OP_CONSTANT_PERTURB,b10976adab7b93878bb9a8cdc8d0f8a2c91ec488eee4acb90efadcb0133bd3cb,4e2c722d68f691a95ba734a4d81fa5d339ac2ef0abae2c4d4ee2f2e107eb78e8,4e2c722d68f691a95ba734a4d81fa5d339ac2ef0abae2c4d4ee2f2e107eb78e8,YES,1,98,99,YES,PASSED
pair_math500_119,math500_119,OP_SIGN_FLIP,365b3239cb9a124bfdb00f688eb0f0c90d3cf985bc565e7a73a761f8eb3a74ed,7143a006e9b23710fe8e45e33e6fb709b3ef0ab1e1274eeff7921a419bbcb2ff,7143a006e9b23710fe8e45e33e6fb709b3ef0ab1e1274eeff7921a419bbcb2ff,YES,1,90,91,YES,PASSED
pair_math500_120,math500_120,OP_SIGN_FLIP,555e7563dbb06f01c0aefdf999f9ff246899f5bee49bc7815ba29099a5ca09ae,8f850f549c9eec023add1b6e664f81263d03e8cfc6bbe9f6797616e0971eafed,8f850f549c9eec023add1b6e664f81263d03e8cfc6bbe9f6797616e0971eafed,YES,1,14,15,YES,PASSED
pair_math500_121,math500_121,OP_SIGN_FLIP,e17ee6c19bdb5f922dcf133259877e52560ba9a8f3e8b2c51e957d033a579bd5,44a932ad723f50d087dcd02bd72da1a78aa7b829416e835ad8b9f8a94c6a7a71,44a932ad723f50d087dcd02bd72da1a78aa7b829416e835ad8b9f8a94c6a7a71,YES,1,76,77,YES,PASSED
pair_math500_124,math500_124,OP_SIGN_FLIP,c058949f2f32ffc520e9bb3a250ea705b93e3a5462effdb8352c58198c46bdb7,33eab7c406e2e6268b77f94eb0240e7502de306fa1a348601095dded77191bf9,33eab7c406e2e6268b77f94eb0240e7502de306fa1a348601095dded77191bf9,YES,1,89,90,YES,PASSED
pair_math500_125,math500_125,OP_CONSTANT_PERTURB,17a97ebc3a016770d117033aa6ecb11011f068456ad8dea34e80291d819ca253,9285202e3bf0b8a814814a065e28a06b82265fc5c4e5bc133deea9be3e975da4,9285202e3bf0b8a814814a065e28a06b82265fc5c4e5bc133deea9be3e975da4,YES,1,9,10,YES,PASSED
pair_math500_126,math500_126,OP_FRACTION_FLIP,4299c57ddeb0cadeb4043c60561221446824a18fc07458a131d5e0d64b65ac5f,26a36d742b5f0ed2f3552f3f3ea7088fa3601255ceb2195aeb4595b7905d4458,26a36d742b5f0ed2f3552f3f3ea7088fa3601255ceb2195aeb4595b7905d4458,YES,1,42,48,YES,PASSED
pair_math500_127,math500_127,OP_CONSTANT_PERTURB,90e5e1e2cd6dc3daac7cfe4ac6f1b8c9bffb8b71ff0338e6b46541677ceddb68,aeae67851f59b320705df6bdacef472ac69d07f413e31b228f25ad409ad42f42,aeae67851f59b320705df6bdacef472ac69d07f413e31b228f25ad409ad42f42,YES,1,12,13,YES,PASSED
pair_math500_128,math500_128,OP_CONSTANT_PERTURB,11ba70f00078dfc3bd248c772f82afa0ab85f4e7c70553cff8e7fc0b40d66060,773ef11b898eec9f97ed7e16932a52e1adeb97c372b66fb0bb8b0ba496300c6b,773ef11b898eec9f97ed7e16932a52e1adeb97c372b66fb0bb8b0ba496300c6b,YES,1,14,15,YES,PASSED
pair_math500_129,math500_129,OP_CONSTANT_PERTURB,46303bbd33ac151f276906ccb8236d89f3256ceb8c4d888d9e4fa30d81f44065,2741bbe57057b28ac6c00bdb66741e4ebe1d93664aad41f1058dcbf34ff8e956,2741bbe57057b28ac6c00bdb66741e4ebe1d93664aad41f1058dcbf34ff8e956,YES,1,28,29,YES,PASSED
pair_math500_130,math500_130,OP_CONSTANT_PERTURB,bc979a3febf3e7976dd1c34cf91c7b4ffdba7aab9c2ac72b898930c60f43e756,ba2f31a98aea344796cebff8a235881bb162eb42a5598b2af44981d8366e3636,ba2f31a98aea344796cebff8a235881bb162eb42a5598b2af44981d8366e3636,YES,1,29,30,YES,PASSED
pair_math500_131,math500_131,OP_SIGN_FLIP,83758db7d3ed964fd37594aba443b9358c4dac869623e01325c58c4ce6e0d9e8,31ee89a8ea3e5fd7c9bde629654153bc537c54c9fffdeb57cc010b26ce467cce,31ee89a8ea3e5fd7c9bde629654153bc537c54c9fffdeb57cc010b26ce467cce,YES,1,35,36,YES,PASSED
pair_math500_132,math500_132,OP_CONSTANT_PERTURB,09825be26208a6a0401ee2bfcb95e526f57511e8f4c4afa18d98f40ffff4af24,2dd37cb729077cca5f887050b7f01dab2ee8fbc373e0975ffa12dc853f58746f,2dd37cb729077cca5f887050b7f01dab2ee8fbc373e0975ffa12dc853f58746f,YES,1,39,40,YES,PASSED
pair_math500_133,math500_133,OP_SIGN_FLIP,9a2f3cb7654f3a557e86743d4c03c4c4466d34f126e9002b49507c95b0b4c404,87dcf79ba916d067e8938828ad99ad08a623c5a84da133e8e5f7699f85df9946,87dcf79ba916d067e8938828ad99ad08a623c5a84da133e8e5f7699f85df9946,YES,1,110,111,YES,PASSED
pair_math500_134,math500_134,OP_SIGN_FLIP,ffa983ad1ca6300bfbd43ae352cf46bcbb26e5ff1ac0ff48fbf8f7ca0475f821,6f9ec4f9f83110a2dca4adb39ec1bf4ee2197ab94caa6f3a7027bc4c8e7d67be,6f9ec4f9f83110a2dca4adb39ec1bf4ee2197ab94caa6f3a7027bc4c8e7d67be,YES,1,80,81,YES,PASSED
pair_math500_135,math500_135,OP_CONSTANT_PERTURB,5a1b6889c02aa79ffa740a02c81cb2748cbac7210598757b3026498e10a07369,94b6688c23100226fd4dcb33b208c5ab01b4f37c22f20dea2bf8cf6643aaf4e4,94b6688c23100226fd4dcb33b208c5ab01b4f37c22f20dea2bf8cf6643aaf4e4,YES,1,17,18,YES,PASSED
pair_math500_136,math500_136,OP_SIGN_FLIP,90ffd19607c0dbfc4b7c3fe7da27502bf916020194b747a23b06a6c406d0c249,a1c5628afaf5f2476684b8e9bae8c85db489513484ff1468923f251c3e8af343,a1c5628afaf5f2476684b8e9bae8c85db489513484ff1468923f251c3e8af343,YES,1,7,8,YES,PASSED
pair_math500_137,math500_137,OP_CONSTANT_PERTURB,46f22b770038d3c1b2c2926b0ebe23ef38d60a532ce10f9f7a1b97a750de8863,e39e778b0bb72039ebe2325c4a94fc7101c77a8f8663a49e685b4a3123b89c2e,e39e778b0bb72039ebe2325c4a94fc7101c77a8f8663a49e685b4a3123b89c2e,YES,1,39,40,YES,PASSED
pair_math500_138,math500_138,OP_FRACTION_FLIP,32b1d9a386fc6443db81c72a0ed1bdc0ecba4726b9987d0ff289419eea6bb346,1dfaa4c41c85ff23e29f5d21e1980f3c5e1b0d5e8b671b180565f14f376f9c4b,1dfaa4c41c85ff23e29f5d21e1980f3c5e1b0d5e8b671b180565f14f376f9c4b,YES,1,148,152,YES,PASSED
pair_math500_139,math500_139,OP_SIGN_FLIP,e18489d240284a67680b501ed21d1af92158659ea1c49ff2b8c4ad267b83ff73,e37b03b1705f5d94971b47c74dba28bbfafad7b9bfc296892a695f01cf223f5f,e37b03b1705f5d94971b47c74dba28bbfafad7b9bfc296892a695f01cf223f5f,YES,1,9,10,YES,PASSED
pair_math500_140,math500_140,OP_SIGN_FLIP,27124b68617e349ea05a04710b4413b2f623ab10bb247f4d02ac253af7fc4a17,cb4b2222b22cb1a29f2500f71f07471b94ff7f5bc6888e76abb4b7ec8fecb351,cb4b2222b22cb1a29f2500f71f07471b94ff7f5bc6888e76abb4b7ec8fecb351,YES,1,16,17,YES,PASSED
pair_math500_141,math500_141,OP_CONSTANT_PERTURB,4d901375ace121ebc14e1a8d08a6829c8eadaad30e92edb76d7ded0340f0538c,b612fc23ccdf4aa42c01a0b249f2b90bf212eba9d6b1b25cb7f87c4970ae95c0,b612fc23ccdf4aa42c01a0b249f2b90bf212eba9d6b1b25cb7f87c4970ae95c0,YES,1,41,42,YES,PASSED
pair_math500_142,math500_142,OP_CONSTANT_PERTURB,d7d6defea6da6813451106b250105dab78745692ef16ccd31ccb9ef339a14a89,9524913446937dfee335cdd42e9ea189a2d0f978736a9ebd94371f774c83fd48,9524913446937dfee335cdd42e9ea189a2d0f978736a9ebd94371f774c83fd48,YES,1,23,24,YES,PASSED
pair_math500_143,math500_143,OP_SIGN_FLIP,c54db869fee0521550ed51f9b980c3bb0f405fe8842b36eef9b88e6f78b642c1,c251ed2822516c475005218fc56cc65e06c6ddf984fe2feff6262dc240be5b0b,c251ed2822516c475005218fc56cc65e06c6ddf984fe2feff6262dc240be5b0b,YES,1,128,129,YES,PASSED
pair_math500_144,math500_144,OP_SIGN_FLIP,f66b72f15528e2c0d6d4513c16037e9c2e0a1ec752760a987822c75421da4699,64ebba0908c0e51fcafd6d9d0eacb6e4e825d5e0b632c39f388285aacbdffe7a,64ebba0908c0e51fcafd6d9d0eacb6e4e825d5e0b632c39f388285aacbdffe7a,YES,1,26,27,YES,PASSED
pair_math500_145,math500_145,OP_FRACTION_FLIP,1dba0d8c41cbe3596330246203f24efeaf1660db3aff134815ca7e4f2203555f,3623a642ffad17263708b051a8b00fd5d5d9924835184740f9849c09f40de3f5,3623a642ffad17263708b051a8b00fd5d5d9924835184740f9849c09f40de3f5,YES,1,16,20,YES,PASSED
pair_math500_146,math500_146,OP_CONSTANT_PERTURB,739df21e44ec06cb5abc0e1181b491e3ef151463adc788593dec5ee2d6ef435d,ba58804f56f933d1b5603ad5510b22414a816b29ab0f0ce025a85e56baa35d22,ba58804f56f933d1b5603ad5510b22414a816b29ab0f0ce025a85e56baa35d22,YES,1,7,8,YES,PASSED
pair_math500_147,math500_147,OP_SIGN_FLIP,b4fa22404e7531808aa68724cadef0c146d9393b434adc59fdecd89f1531026d,261ea53a28a3a432096446612ac336335460594bfec4e0fc594bc9e3eab6fa00,261ea53a28a3a432096446612ac336335460594bfec4e0fc594bc9e3eab6fa00,YES,1,29,30,YES,PASSED
pair_math500_148,math500_148,OP_SIGN_FLIP,b2452fa98188eb0dd3b407cda90651a5e8c02b2242efd93a25aba714e9d6a413,e6d106736fd7fe77d5b82e3c6e768159d328a4abb32524a9d5e8061a2010f1a2,e6d106736fd7fe77d5b82e3c6e768159d328a4abb32524a9d5e8061a2010f1a2,YES,1,28,29,YES,PASSED
pair_math500_149,math500_149,OP_CONSTANT_PERTURB,27cec5764fde9c200470c9810686c940df88ce30cc8624caa3732ada7a51e6ad,12c8f62b98a504ada9631a61bf5433b122c61a5ff79e87d775eb56f23566fd4d,12c8f62b98a504ada9631a61bf5433b122c61a5ff79e87d775eb56f23566fd4d,YES,1,25,26,YES,PASSED
pair_math500_150,math500_150,OP_CONSTANT_PERTURB,8cf12ac57998bd47957c0823f27d60f42b9abbd6438b5ca4cbde3f87af577aa6,67355f41c1f5c0e994becce059ca0a688ac012bf75480705eaa7195f4e3d041a,67355f41c1f5c0e994becce059ca0a688ac012bf75480705eaa7195f4e3d041a,YES,1,43,44,YES,PASSED
pair_math500_151,math500_151,OP_FRACTION_FLIP,de2f47a0711d5cb2a65a92c51102c4f9bec30a4bd320e6ccae23aa4de60949e3,08572e167969acb3186a25ce19cea09e7028557ef8c0131a4022c7c305e7e699,08572e167969acb3186a25ce19cea09e7028557ef8c0131a4022c7c305e7e699,YES,1,8,12,YES,PASSED
pair_math500_152,math500_152,OP_CONSTANT_PERTURB,47159fe8ca85485d77da1d2c578c1ea5498ceee1957f580ef6b73a142dd646fc,d77ce7a19060886f89c47c3642e04f3a0cf7bdd2741782e355ab14f32a228775,d77ce7a19060886f89c47c3642e04f3a0cf7bdd2741782e355ab14f32a228775,YES,1,104,105,YES,PASSED
pair_math500_153,math500_153,OP_FRACTION_FLIP,5a18fe1eaa4b786c3066ea4e5f680ac0fd7695b010d52f680ef73779d1e02164,5ea269f6e2abd138a7c8cf7949e22a200e845b0e3cafe4c552135dbfb0c63d39,5ea269f6e2abd138a7c8cf7949e22a200e845b0e3cafe4c552135dbfb0c63d39,YES,1,24,37,YES,PASSED
pair_math500_154,math500_154,OP_SIGN_FLIP,be2633a4d9876f4d762c09e42ca576e994074cd8eb92c16455c0ca472ba4419b,f052fbfd4720c7113581c684d22cb6f0828d076715327ecce7c47ca13b11a7ef,f052fbfd4720c7113581c684d22cb6f0828d076715327ecce7c47ca13b11a7ef,YES,1,153,154,YES,PASSED
pair_math500_156,math500_156,OP_FRACTION_FLIP,d7f53c7d2a991c2b22101be36e84e2072b6128614a65805cac648def304fd831,8b4b643dbbea5ae3269356306c30d1491a451d3ccf8f825db57bd78910198e36,8b4b643dbbea5ae3269356306c30d1491a451d3ccf8f825db57bd78910198e36,YES,1,320,371,YES,PASSED
pair_math500_157,math500_157,OP_SIGN_FLIP,5f3db36bb30d8262d632549461fd813ad6e2ae01fc3f592ab92cae756c396174,cab5f17b6c873aedeaf6ca0270b38c9b297cf9c044c067bc008752772780372f,cab5f17b6c873aedeaf6ca0270b38c9b297cf9c044c067bc008752772780372f,YES,1,19,20,YES,PASSED
pair_math500_158,math500_158,OP_CONSTANT_PERTURB,cdfecc96f81ebed3da0d0b9e2973e0101d020eb408b8cc5f1553cc86c067e65a,3e2fcce39a95c91e6a0d9371661f651a1633ad21af90e532f5ebede2cc794106,3e2fcce39a95c91e6a0d9371661f651a1633ad21af90e532f5ebede2cc794106,YES,1,25,26,YES,PASSED
pair_math500_159,math500_159,OP_SIGN_FLIP,c657381c78f2f29729105c03b8518c0de97eea8a29203271c16de312df038b64,7ea0374950b90edca8f55fc7cc4fd1887c030c1b0d84f4c448f36fd5bf9459c0,7ea0374950b90edca8f55fc7cc4fd1887c030c1b0d84f4c448f36fd5bf9459c0,YES,1,11,12,YES,PASSED
pair_math500_160,math500_160,OP_CONSTANT_PERTURB,1682bc70d1292f952e40943d01c49875b60461423f529c8259ddd99dd11915fc,899d0638576d1459191acd55fd8f8c5dfae5dcfc8ae7e99041c3109d6531b604,899d0638576d1459191acd55fd8f8c5dfae5dcfc8ae7e99041c3109d6531b604,YES,1,43,44,YES,PASSED
pair_math500_161,math500_161,OP_CONSTANT_PERTURB,43c4a28872dd6cc234eebec415c75432106dc774a69f654c088a775cbfe43cd2,51cc7f0b36d16ad3ee3457cf746f7102bbd70a02c74de3421c5446418a07fbfc,51cc7f0b36d16ad3ee3457cf746f7102bbd70a02c74de3421c5446418a07fbfc,YES,1,9,10,YES,PASSED
pair_math500_162,math500_162,OP_CONSTANT_PERTURB,f221c621963b90849eab28e5aa582d8208b01f041b708daf81e5dab4581ac8c1,745dfe2d75d247eb0ca156ba348f4ad6097829eb4502d838d473ebd3657fd684,745dfe2d75d247eb0ca156ba348f4ad6097829eb4502d838d473ebd3657fd684,YES,1,9,10,YES,PASSED
pair_math500_163,math500_163,OP_FRACTION_FLIP,2304965636dc08bfdab2f68faea62fc377a4b4873ca1736a1646f4e6ef523720,4b0d327ff08ec3d15dc75b46bcbc47d2362137f71a374d25679b1941126e99e1,4b0d327ff08ec3d15dc75b46bcbc47d2362137f71a374d25679b1941126e99e1,YES,1,39,45,YES,PASSED
pair_math500_164,math500_164,OP_FRACTION_FLIP,b957122b5a8f709830627edb478381a18f87ed3714de4968cb736a56565d1e08,72ee4fafaa9c8b77e1c0c6025c42d8936595ec2ac315ba4d6713f6bf6b111c92,72ee4fafaa9c8b77e1c0c6025c42d8936595ec2ac315ba4d6713f6bf6b111c92,YES,1,72,91,YES,PASSED
pair_math500_165,math500_165,OP_SIGN_FLIP,7bdab7a2a5440c1d0c370dd883bd6f976b6041dda2c3594257bbd79b43c98993,85e87bdc2fbc7dc18d95a9c7394d4850a663c52f650a6f1b05073e763a0997ee,85e87bdc2fbc7dc18d95a9c7394d4850a663c52f650a6f1b05073e763a0997ee,YES,1,46,47,YES,PASSED
pair_math500_166,math500_166,OP_SIGN_FLIP,0a5980e37ce35503ba3864ca40322d82dbcd64a7712dba1aa4f8f1a0d0f87462,b8bbe1926c895db524b3b803b8ec0a00535130511e946139a88de33292c4ede6,b8bbe1926c895db524b3b803b8ec0a00535130511e946139a88de33292c4ede6,YES,1,51,52,YES,PASSED
pair_math500_167,math500_167,OP_FRACTION_FLIP,fe9655ccaaf21bf792a5f85b1be422289d826972b6879d2fec88ee0a58b24089,c819126931c577392cfdee27f8b92a407a79ee1b00ac8f29fb89751ecf55344e,c819126931c577392cfdee27f8b92a407a79ee1b00ac8f29fb89751ecf55344e,YES,1,66,70,YES,PASSED
pair_math500_168,math500_168,OP_SIGN_FLIP,f49e8306eac69e9f98cc8c124a9c17f9dd30136531eea46a7f00d5d29f51d2fd,bd60750d4fc7703bf02686e6046bda8d55b11a7221ce86118da9c713d5dace16,bd60750d4fc7703bf02686e6046bda8d55b11a7221ce86118da9c713d5dace16,YES,1,55,56,YES,PASSED
pair_math500_169,math500_169,OP_CONSTANT_PERTURB,a8a294e2d4f97046365c7401fce5523146ab0a68579e7cc37101875d6152cfb8,634dd871c088565d5005ab9628ee8a8e5d00ab3b2f0666114d8ea336d15c92bc,634dd871c088565d5005ab9628ee8a8e5d00ab3b2f0666114d8ea336d15c92bc,YES,1,72,73,YES,PASSED
pair_math500_170,math500_170,OP_SIGN_FLIP,9f9c66a90411709a71d9ff52d73f45509b54b1332b622d4498758593f82488bd,21e4030ba2ce6dec7d40e9c1e04b982cbf90c945f36e738b004e9968b947d168,21e4030ba2ce6dec7d40e9c1e04b982cbf90c945f36e738b004e9968b947d168,YES,1,44,45,YES,PASSED
pair_math500_171,math500_171,OP_CONSTANT_PERTURB,765a61cd31f307cc0b2da66ae1590ea5d93305b717cb185013f4687948fc74b8,333a1973cde20ff411d6faaed30934276539b3f434ed49a01bd41fd45d66a6c0,333a1973cde20ff411d6faaed30934276539b3f434ed49a01bd41fd45d66a6c0,YES,1,18,19,YES,PASSED
pair_math500_172,math500_172,OP_SIGN_FLIP,6273af69df5cf32a49031689c8111bff2c14ba0aae713c24e6288500ab14e6e9,cb4e4f9ad1ebcd72007dc0d5a555ce0ac1c85d85b1cb746ad18b0145e5659986,cb4e4f9ad1ebcd72007dc0d5a555ce0ac1c85d85b1cb746ad18b0145e5659986,YES,1,35,36,YES,PASSED
pair_math500_173,math500_173,OP_FRACTION_FLIP,a0ff6531f60b9215348d4f21eb2ba129d9fecc9f3d8058647db5ea603cdf64a6,2b17af54b8bf9b1236cc954ffbe9b606f5cc76f9ab3b4d7ec5c07ab534954529,2b17af54b8bf9b1236cc954ffbe9b606f5cc76f9ab3b4d7ec5c07ab534954529,YES,1,157,161,YES,PASSED
pair_math500_174,math500_174,OP_SIGN_FLIP,9467463b4215b1247196f63fb8ec01ab5894eab13d2fe0f77ee3c284465a89e7,c748cecde284f97f744d3a1124503ee5a0e94d76ecefde7b285097b818e9bd7e,c748cecde284f97f744d3a1124503ee5a0e94d76ecefde7b285097b818e9bd7e,YES,1,5,6,YES,PASSED
pair_math500_175,math500_175,OP_FRACTION_FLIP,c9c006739fca30a238a4830ebef8a769093660febe133a8b606bd4b27ba6964d,dc5f25650881ea74388675c4ab9a36715ba7fca67ca45315270ce8caaa2204c6,dc5f25650881ea74388675c4ab9a36715ba7fca67ca45315270ce8caaa2204c6,YES,1,53,57,YES,PASSED
pair_math500_176,math500_176,OP_FRACTION_FLIP,aa2718e4eff42f64802a83c309f67d828008bb6a8ff90ab5359915a38f2c83f7,86298d5e918352e7203548ac6271ea08c61d905b41a4a04ad99b3d979d199d68,86298d5e918352e7203548ac6271ea08c61d905b41a4a04ad99b3d979d199d68,YES,1,56,63,YES,PASSED
pair_math500_177,math500_177,OP_CONSTANT_PERTURB,e3cb3eeb7d0fa29f29e2728c00a5af281ccc48bade163a890ed45df4b7d511f2,791c80205a8441fc0e36adcbb3044a8502a894f6a767fcf9f9197fa10f27c554,791c80205a8441fc0e36adcbb3044a8502a894f6a767fcf9f9197fa10f27c554,YES,1,159,160,YES,PASSED
pair_math500_178,math500_178,OP_CONSTANT_PERTURB,e750ea763f30b52981ad9d1611b0b7005afc0d217eb9428650aee4dd63cf8b22,b1b223b448b6cb25acfbb9ae5fb153b6a0f4afd29a603684ffbe813ae794feb2,b1b223b448b6cb25acfbb9ae5fb153b6a0f4afd29a603684ffbe813ae794feb2,YES,1,22,23,YES,PASSED
pair_math500_179,math500_179,OP_SIGN_FLIP,d691c8dea4260ffb13e86f644a8bb13573050d035761d56ff96c383050df312e,4ba3649e169a8945331fdc693d557170fc262fdebd9224558459dc94a3dffd05,4ba3649e169a8945331fdc693d557170fc262fdebd9224558459dc94a3dffd05,YES,1,39,40,YES,PASSED
pair_math500_180,math500_180,OP_CONSTANT_PERTURB,7a81dd66d2fb1b6c86f2101c3070f42683dda7464dd43188128a16f4c7eef3cb,cdf818d53f04063c605db3b53f526ac1c5172adc3a17a7b3c8c8bb36ce0a5c37,cdf818d53f04063c605db3b53f526ac1c5172adc3a17a7b3c8c8bb36ce0a5c37,YES,1,17,18,YES,PASSED
pair_math500_181,math500_181,OP_CONSTANT_PERTURB,5f5b69f71e60847ff47b22ec9b491072de975ae56a5f8630ce9aad4625af8c2e,c8ef2a02fc7040c1277ed6e3997fbec0c7930a7c5cc950349b2fb4ce919c6d6c,c8ef2a02fc7040c1277ed6e3997fbec0c7930a7c5cc950349b2fb4ce919c6d6c,YES,1,21,23,YES,PASSED
pair_math500_182,math500_182,OP_FRACTION_FLIP,829b0495118029797fe8dd6b470444323c18ae3519fe8ebd9fbecffa63a02e6c,bc4994fb5c063bd8a8f5147ace8131cd0e2170b84f93d3fc3c22238a4784a160,bc4994fb5c063bd8a8f5147ace8131cd0e2170b84f93d3fc3c22238a4784a160,YES,1,62,66,YES,PASSED
pair_math500_184,math500_184,OP_FRACTION_FLIP,f28a139cea440cf8e78693d1c7254224ea126d315e0e7f90781cb9bbe3dc3ffd,80c375845d870f0cee2bd3d16c8883bd558a75c1d3eaa8ccec699e7b05bac438,80c375845d870f0cee2bd3d16c8883bd558a75c1d3eaa8ccec699e7b05bac438,YES,1,12,16,YES,PASSED
pair_math500_185,math500_185,OP_CONSTANT_PERTURB,de707e8f306f721fb8eace8e4bb090ec3514a2effb7b0b716f619ece26d7d598,ade378ee7b164a7a8f899a348d44e82dbf3462e10b15e4679c1de7e8c0632308,ade378ee7b164a7a8f899a348d44e82dbf3462e10b15e4679c1de7e8c0632308,YES,1,28,29,YES,PASSED
pair_math500_186,math500_186,OP_CONSTANT_PERTURB,9e4529a78d7eecd18a89653b5c4ea5ecb154414bb45a4e3fb1c72698c324ec1a,f106d683dd6f7f5351bd33e4238c17f485df531f346cb0035bfd22247bcbdcbf,f106d683dd6f7f5351bd33e4238c17f485df531f346cb0035bfd22247bcbdcbf,YES,1,11,12,YES,PASSED
pair_math500_187,math500_187,OP_SIGN_FLIP,35c0ea83af790b6e7470863d98f93869bb0ca117c6720cdc217f3b9055b627e9,5355f60b93c18468e4e8d42f9bfccfc95e49cb6bf05ae830aa4272e4aaa3c40b,5355f60b93c18468e4e8d42f9bfccfc95e49cb6bf05ae830aa4272e4aaa3c40b,YES,1,42,43,YES,PASSED
pair_math500_188,math500_188,OP_SIGN_FLIP,c4c32d2f415d474bf75d83c2a234aded3df0f3a5b3a9970bbdc2f49133aa3adc,6aabddd9080eb31e1a09a4a975c8bd72b2bdea6072f8dffc60bdc775b6387ec2,6aabddd9080eb31e1a09a4a975c8bd72b2bdea6072f8dffc60bdc775b6387ec2,YES,1,50,51,YES,PASSED
pair_math500_189,math500_189,OP_CONSTANT_PERTURB,ddcb7a2b060614034cfe0fdd0dc8b54549e440211ead3376e22ca77d001cd52b,ae0ddc5a68d8353bab060525085d937aaad5e2d5215003cbb975c793e38c0f03,ae0ddc5a68d8353bab060525085d937aaad5e2d5215003cbb975c793e38c0f03,YES,1,220,221,YES,PASSED
pair_math500_190,math500_190,OP_CONSTANT_PERTURB,6cc5e4e9d3a07e76c3dc24f46daf46a50f92c2d9869d20d268e6d219135c4283,b20f332ede810e97a728cec94852d0fd601aee56c34c2ba85c54833a37215127,b20f332ede810e97a728cec94852d0fd601aee56c34c2ba85c54833a37215127,YES,1,98,99,YES,PASSED
pair_math500_191,math500_191,OP_SIGN_FLIP,36bd6d3f31faada2c601cda7d648a69ac834d68e309a147a6d68d4cfa0cddc3f,61d0d5f679195c166cdcbc596430846b2c9af22ca6e86190732bc6f5dd180e7e,61d0d5f679195c166cdcbc596430846b2c9af22ca6e86190732bc6f5dd180e7e,YES,1,40,41,YES,PASSED
pair_math500_192,math500_192,OP_SIGN_FLIP,7a3f6b69af123d87b1db0ae8ee3d5f28081ddece113acb54fb558af103237f4d,e6b6bc867371f8a26ca67485fb2257d497b1a92b015dfb4ec8b859ed745e76d4,e6b6bc867371f8a26ca67485fb2257d497b1a92b015dfb4ec8b859ed745e76d4,YES,1,145,146,YES,PASSED
pair_math500_194,math500_194,OP_SIGN_FLIP,91dc3891979184840a8f703ad374ce92eada0e748e46248d01faced04af5b584,ee09dc728bca24dfdcb61f02973a4bac882cbe8e2e892f8f05c557025f9de316,ee09dc728bca24dfdcb61f02973a4bac882cbe8e2e892f8f05c557025f9de316,YES,1,9,10,YES,PASSED
pair_math500_195,math500_195,OP_CONSTANT_PERTURB,5d7d9725958e8c13ddbb97bf8b07557b24c10f1a251b7f5de82f5acd6579a959,0ec4cdf5dafb51d6253d786ee996a4b393cbece1bdb7bc139ddbe062b7a66d9c,0ec4cdf5dafb51d6253d786ee996a4b393cbece1bdb7bc139ddbe062b7a66d9c,YES,1,39,40,YES,PASSED
pair_math500_197,math500_197,OP_CONSTANT_PERTURB,c24776f104b1ee3b64a570b0452fc156b61d247828d29a9e075e0ca419a1fefa,e135014088ed7d68157ed1d7bce0888265c474a74f2aa8b18be0b9f703cc62a1,e135014088ed7d68157ed1d7bce0888265c474a74f2aa8b18be0b9f703cc62a1,YES,1,19,20,YES,PASSED
pair_math500_198,math500_198,OP_CONSTANT_PERTURB,d23bdc7e8a9ffcdf4931821cbb4de6905160ef451f61050633f3cf65b766386c,b5e175bceaa153a0c640589c49a21dd5a2efe96e60f405d7b8afe0e8de208e72,b5e175bceaa153a0c640589c49a21dd5a2efe96e60f405d7b8afe0e8de208e72,YES,1,97,98,YES,PASSED
pair_math500_199,math500_199,OP_CONSTANT_PERTURB,c716b2a80009916f1d57704f156c890f06ba61f0ebb57e18b9d4d8eac17f6bfe,1ffd4a6374cc6d44caca79fb7e957bdf124b1b401988c43140b9f67c5c1ba9c9,1ffd4a6374cc6d44caca79fb7e957bdf124b1b401988c43140b9f67c5c1ba9c9,YES,1,9,10,YES,PASSED
pair_math500_200,math500_200,OP_CONSTANT_PERTURB,b5e5d15b65a328dc8913b7aef7d2b6e302aabe2d43b687caf93a8b09f8ad9762,8bf0002ae62e35538124c843b4d9ca6f7b649d2033ff8a14d79e211ccffa429e,8bf0002ae62e35538124c843b4d9ca6f7b649d2033ff8a14d79e211ccffa429e,YES,1,10,11,YES,PASSED
pair_math500_201,math500_201,OP_CONSTANT_PERTURB,8f765d5d4b33d4f631c07587ebdb7abf24e52ee65c727ca96dc1e228a14afa96,d031fd6db643a028eab0ff3371901d009f4a1d97fd5fea84681472def2ae7280,d031fd6db643a028eab0ff3371901d009f4a1d97fd5fea84681472def2ae7280,YES,1,27,28,YES,PASSED
pair_math500_202,math500_202,OP_CONSTANT_PERTURB,67a72e9f5f392710359aeba2a52dbd8d5822c81220b172f16eb352e9a3647390,45b5be4d6fb88581cd8256ab675294755cb9d173536c3d6044c5559fe36820da,45b5be4d6fb88581cd8256ab675294755cb9d173536c3d6044c5559fe36820da,YES,1,13,14,YES,PASSED
pair_math500_203,math500_203,OP_SIGN_FLIP,734380394b5df765d7dd0d48534f6d56a4ff53735c277ae5a788e7b4dbaa6c55,d3ccaad6a1cc2531e52e264c0fc07aaffa04cd6af239a7238c45b4565589aea3,d3ccaad6a1cc2531e52e264c0fc07aaffa04cd6af239a7238c45b4565589aea3,YES,1,61,62,YES,PASSED
pair_math500_204,math500_204,OP_FRACTION_FLIP,21fac6c47ba21f043c691d2ee956e047cced53bdbf4220707dd1f7e9a5efeadc,2fd2474568204b18e8ddd31778c644ae5bed6058cd059868d27c0e840f709014,2fd2474568204b18e8ddd31778c644ae5bed6058cd059868d27c0e840f709014,YES,1,68,72,YES,PASSED
pair_math500_205,math500_205,OP_SIGN_FLIP,9da40a796277bb9cec623708800ab35a8f9a9dd31287aa71399f8797a6f54f63,5782a452501d00926a493f00b66604d78f2cf1534becf6a9079be5c7746b7cdb,5782a452501d00926a493f00b66604d78f2cf1534becf6a9079be5c7746b7cdb,YES,1,108,109,YES,PASSED
pair_math500_206,math500_206,OP_SIGN_FLIP,c2b58ac96a16968e611997d557b9ac0e75d46c9196fc5f62cadae80642248afd,e278318bf62c99fc630f84c66e11d1241eb7e4572a9da0195d7281f4e8d6e797,e278318bf62c99fc630f84c66e11d1241eb7e4572a9da0195d7281f4e8d6e797,YES,1,20,21,YES,PASSED
pair_math500_207,math500_207,OP_CONSTANT_PERTURB,6db93f24065599603e7d5617a82736ac317b70aec52eeff67590c73285e3023d,46c5f2394f60181512888a884410380ac5c34fcba402bb4ba9226c41971c4bb1,46c5f2394f60181512888a884410380ac5c34fcba402bb4ba9226c41971c4bb1,YES,1,10,11,YES,PASSED
pair_math500_208,math500_208,OP_CONSTANT_PERTURB,7c2fd4a67d587fc5206db6d42419da3876ca0fb7054733657819835987acf950,6bd2953beed7c17855f0fd1db43973bcc1c46ee8c57328253c08eb50003939c8,6bd2953beed7c17855f0fd1db43973bcc1c46ee8c57328253c08eb50003939c8,YES,1,48,49,YES,PASSED
pair_math500_209,math500_209,OP_CONSTANT_PERTURB,c7234afa60f4a304d0c02cc93c912039956f0a0cc56f79881411aa636d7ba509,77b40b4f91d44d112e90a61e37fad52025548db58edd5e025138e2535340b8ed,77b40b4f91d44d112e90a61e37fad52025548db58edd5e025138e2535340b8ed,YES,1,8,9,YES,PASSED
pair_math500_210,math500_210,OP_CONSTANT_PERTURB,50520fa2982830da678b998aaec91dc73d340f5c53cf1f4f17912b1c24ee821c,25a2ea4ede36504ee07d06678c69366dea96a896dddf5ee2a57db5339d527cee,25a2ea4ede36504ee07d06678c69366dea96a896dddf5ee2a57db5339d527cee,YES,1,36,37,YES,PASSED
pair_math500_211,math500_211,OP_SIGN_FLIP,f176ce420f7a7f9bafdddb7f81aec1494d433f415eff59ef136f06980438cc5b,88299837d537e27ed65c94af6dd2ea789a16d418a02ed2ab479041a66522cf57,88299837d537e27ed65c94af6dd2ea789a16d418a02ed2ab479041a66522cf57,YES,1,84,85,YES,PASSED
pair_math500_212,math500_212,OP_SIGN_FLIP,a555333f42d827fdf7ecb69cae9a46f1eb987890ac83336d3000cf4709357d85,933d32a84f8fae9c5e2b25d2f17c63e611766b582b775ceb4e347e9f15852797,933d32a84f8fae9c5e2b25d2f17c63e611766b582b775ceb4e347e9f15852797,YES,1,42,43,YES,PASSED
pair_math500_213,math500_213,OP_SIGN_FLIP,eccd15779480e253fe65f44f633ba5aca2a8da1912d1fe3b40760eab39e40f7b,07e549ed3a613d5e0442cd1a3f7c3df5509bc715b9b67cd5608d9c8ccf8e53d3,07e549ed3a613d5e0442cd1a3f7c3df5509bc715b9b67cd5608d9c8ccf8e53d3,YES,1,12,13,YES,PASSED
pair_math500_214,math500_214,OP_SIGN_FLIP,30b9af51a8b39b09cff2efd41aa213131a12c7dea563e72463dc160649c1d310,98a0074a8f094c562c87ca44dd46031fa33393a5e1b83eebfa30482ffdf04945,98a0074a8f094c562c87ca44dd46031fa33393a5e1b83eebfa30482ffdf04945,YES,1,108,109,YES,PASSED
pair_math500_215,math500_215,OP_SIGN_FLIP,af6f8329dbe4a435bd5b9c08ecf1e1fe1022ac478c53f186bc605c48ab0daec9,772d4d419fb67705718e0ad96a22457594df68f7056584d428f4915ef19eeb3b,772d4d419fb67705718e0ad96a22457594df68f7056584d428f4915ef19eeb3b,YES,1,44,45,YES,PASSED
pair_math500_216,math500_216,OP_CONSTANT_PERTURB,c49ac1485808f11df300232af5916f4d5f6b7d1d77286e5f850f750ef7d46c7b,c9b2131351e5e28bf91dd146f8871e7e7906b079cf80ec70e9e3680eeb06bf6a,c9b2131351e5e28bf91dd146f8871e7e7906b079cf80ec70e9e3680eeb06bf6a,YES,1,3,4,YES,PASSED
pair_math500_217,math500_217,OP_CONSTANT_PERTURB,7e0271d170f3c888db1efc7ec878f59e34acc9188d687accbe2543dd083e616d,fdd6eecd9a5d0049283140fbfc48432af9488719b42bf5dc7336855e01db59d3,fdd6eecd9a5d0049283140fbfc48432af9488719b42bf5dc7336855e01db59d3,YES,1,30,31,YES,PASSED
pair_math500_218,math500_218,OP_FRACTION_FLIP,416b8185ab24d6cd63117069e750f8cc2f15d399fad97faec3fd422da1436f8e,1cc90deca96b110d29066ef67fcda792d60f8a0e44c5c18e06d008073eb21355,1cc90deca96b110d29066ef67fcda792d60f8a0e44c5c18e06d008073eb21355,YES,1,53,60,YES,PASSED
pair_math500_219,math500_219,OP_CONSTANT_PERTURB,6cc1f591fb61fb2486d90a5263bc884ba0d9e18927d38f3f0a67a9c0d1a4c7dc,8cbaf4aae82729dfcc36d9a98f4dc8d9e734318e1cd8bcd74ec34513eb44468e,8cbaf4aae82729dfcc36d9a98f4dc8d9e734318e1cd8bcd74ec34513eb44468e,YES,1,46,47,YES,PASSED
pair_math500_220,math500_220,OP_FRACTION_FLIP,ff7695e4b3e9e9f64828ec9c97d557d888c6e7fe173ea74c3de060e54d76394a,32f984fe5f9479f4608fcb59c3e471333480b5d3577a9bca084f82261589ccd2,32f984fe5f9479f4608fcb59c3e471333480b5d3577a9bca084f82261589ccd2,YES,1,51,55,YES,PASSED
pair_math500_221,math500_221,OP_CONSTANT_PERTURB,87444f4d658ce142d97bd6debeadffc14c567969037abee4ed78002e9348587e,20013c0c4b5a9732013bb1890e710c1325e2acbe66e98f1bdddcd9829870c438,20013c0c4b5a9732013bb1890e710c1325e2acbe66e98f1bdddcd9829870c438,YES,1,3,4,YES,PASSED
pair_math500_222,math500_222,OP_SIGN_FLIP,8cca3f719a57b4cc3c9005e186bda254dea228ca8f593a80cc8b470daba8d236,6c6e4c2ca2e9e936d0678edfd9cc919bc3deba102c2d066271c1871a63869758,6c6e4c2ca2e9e936d0678edfd9cc919bc3deba102c2d066271c1871a63869758,YES,1,188,189,YES,PASSED
pair_math500_223,math500_223,OP_FRACTION_FLIP,71bbc7f2628d45ce0315301f2711c5ca85f28fad2e71ba91d2ee6dfc292ea9d1,66d89fa7fc939ccce2dacbda4c157c6612938cad283fe85f8f93d373e595ff67,66d89fa7fc939ccce2dacbda4c157c6612938cad283fe85f8f93d373e595ff67,YES,1,17,34,YES,PASSED
pair_math500_224,math500_224,OP_FRACTION_FLIP,4dd0a13a5cfc7b3868937f1f43237a8fef31640899d45b6aa634c53df87b257a,d89fb2de014b72e2f4de7fc0527cdb482310753a1058bd99dc31aa792a03cc85,d89fb2de014b72e2f4de7fc0527cdb482310753a1058bd99dc31aa792a03cc85,YES,1,217,221,YES,PASSED
pair_math500_225,math500_225,OP_SIGN_FLIP,bdcf54791b98f2eccbaedcd2cbf483bdce4c422c48f79bd9e7fda2f19237d26c,9824d8fc1668a77681aca6b9456b33bda9c2a7a43e9e29fd3d423191e6889f0e,9824d8fc1668a77681aca6b9456b33bda9c2a7a43e9e29fd3d423191e6889f0e,YES,1,30,31,YES,PASSED
pair_math500_228,math500_228,OP_SIGN_FLIP,72b705583a4345ba7f612cb67c4ca13e90f6e8398cf2a6c594a5c3fb43683a88,97d9d193c53effd510b94a95fd93ec2a86b578332745b137710e665f15a944f5,97d9d193c53effd510b94a95fd93ec2a86b578332745b137710e665f15a944f5,YES,1,63,64,YES,PASSED
pair_math500_229,math500_229,OP_CONSTANT_PERTURB,d64fc4774d63f7e37f2ea2c3c7933c636b168acbddbbea9423a1bf3ce67218b9,688e90e3bc60b1242f38102cec7c460dba74382b71a1b2b819c671e310080bdd,688e90e3bc60b1242f38102cec7c460dba74382b71a1b2b819c671e310080bdd,YES,1,16,17,YES,PASSED
pair_math500_230,math500_230,OP_SIGN_FLIP,e201770f11ddf9c8c84956aea49c26dc42786a170952b36fc07033d7beedea0e,c0610a9385f7ba6108500a640d7c6f45a0e9dc975083cf3975c9fbd94852f011,c0610a9385f7ba6108500a640d7c6f45a0e9dc975083cf3975c9fbd94852f011,YES,1,7,8,YES,PASSED
pair_math500_231,math500_231,OP_FRACTION_FLIP,d98e79ce78bb01dfb435b57bd5ffde99147849e0169c9e9e9e8892e4edbddee4,e4de58c5148e22f44e2d153323e951c33f2f9a4e74f330fdc20cd08c6e34b1c6,e4de58c5148e22f44e2d153323e951c33f2f9a4e74f330fdc20cd08c6e34b1c6,YES,1,51,59,YES,PASSED
pair_math500_232,math500_232,OP_FRACTION_FLIP,6706f372e3e8745d87e291c6ad45bf80b74d98e4a0e4aa5654416ae08805b005,194da684c57b0007caa834810e20d6e88a99710fb53944ba450d51ae567ec89c,194da684c57b0007caa834810e20d6e88a99710fb53944ba450d51ae567ec89c,YES,1,32,46,YES,PASSED
pair_math500_233,math500_233,OP_FRACTION_FLIP,b9c0a767f9ad3485490355ce6f81dbf72fc8b89ef678b5eab200e3cc06cec75c,6317c13568b4b2a5f3ebe54c5737376c902a061fe8fdabcb99938ebcb564caee,6317c13568b4b2a5f3ebe54c5737376c902a061fe8fdabcb99938ebcb564caee,YES,1,74,78,YES,PASSED
pair_math500_234,math500_234,OP_SIGN_FLIP,11a10a768ba2369eb5f62f4daca9a2a1821be42f96ef59c5e3a5e9f7a688a165,576947c6e72f52f21aaf757c2ead8978941329971e0481bc194b31cf7638b588,576947c6e72f52f21aaf757c2ead8978941329971e0481bc194b31cf7638b588,YES,1,47,48,YES,PASSED
pair_math500_235,math500_235,OP_FRACTION_FLIP,753a517b84a21211a145c190555f96841cfedc9f14f477a5bcb16a9b6eb1cfd3,e1a215ce824183a583b0ab291b27d7b99e5c1ca207f5949aaa80ddd898d6f4ec,e1a215ce824183a583b0ab291b27d7b99e5c1ca207f5949aaa80ddd898d6f4ec,YES,1,265,269,YES,PASSED
pair_math500_236,math500_236,OP_FRACTION_FLIP,87e425443071e0463b36558dc78907ed8b34086224bd424fa200c12c8227d966,3e039f0e1387b9af0553ffcf4bc9e4e2dec22a35ba4cc63a70d15d24fa3fafcf,3e039f0e1387b9af0553ffcf4bc9e4e2dec22a35ba4cc63a70d15d24fa3fafcf,YES,1,34,52,YES,PASSED
pair_math500_237,math500_237,OP_FRACTION_FLIP,102e2a5f5cbb8b5fb5b90efd26fa5850bc208df0bb1a32f9576426a2328a41c3,222340061a13d3fa2dad9c06eda4e4d97ddaef83a522b51f7c057ef29925a39e,222340061a13d3fa2dad9c06eda4e4d97ddaef83a522b51f7c057ef29925a39e,YES,1,161,166,YES,PASSED
pair_math500_238,math500_238,OP_CONSTANT_PERTURB,36e4cdd7530dacc74b846c2c83d6757fbef64fd41ccf7e45a0304f1bb2fb989a,732e0baeb8fd61ca5a6c0908169dd957dc92921af703bfe70ccb7794c5f5effe,732e0baeb8fd61ca5a6c0908169dd957dc92921af703bfe70ccb7794c5f5effe,YES,1,15,16,YES,PASSED
pair_math500_239,math500_239,OP_CONSTANT_PERTURB,4093506552d9ed8b43b4b77e2da2ab9f69439e1a3d6ba220d1f1661da7237de7,cb0924d5de82c81d4943725d52e9c0e9e8be10123dc6d34187c5a8f235a12503,cb0924d5de82c81d4943725d52e9c0e9e8be10123dc6d34187c5a8f235a12503,YES,1,49,50,YES,PASSED
pair_math500_240,math500_240,OP_CONSTANT_PERTURB,06960248dcad8da770fd4386df0676e7db84c0fa548317edea7b170e4b4c60a6,09df3c3a777239d9fb6ec99fc5e1c01155a6ca52ff286edabf3d6ff2137f41ed,09df3c3a777239d9fb6ec99fc5e1c01155a6ca52ff286edabf3d6ff2137f41ed,YES,1,51,52,YES,PASSED
pair_math500_241,math500_241,OP_FRACTION_FLIP,0750a1f309881839734730cebf77cf280c54130f40f69dede75ee4c1b73b8e62,e649088fdd34cf3559a85e7c5704f0001a3788f418244c2f6f3324db53fac26d,e649088fdd34cf3559a85e7c5704f0001a3788f418244c2f6f3324db53fac26d,YES,1,83,87,YES,PASSED
pair_math500_242,math500_242,OP_CONSTANT_PERTURB,d86eae9e880d25732c27e7f58c7c670491eacc4fb474646c63fe64fafe428904,a032b53f8ed6820df43d416d6beb95dcc944a0858e115d860d0e7ef530ae0ade,a032b53f8ed6820df43d416d6beb95dcc944a0858e115d860d0e7ef530ae0ade,YES,1,69,70,YES,PASSED
pair_math500_243,math500_243,OP_SIGN_FLIP,bd6425daee871d7675f1cae3b0e7fd3bb6c7c264e0fb2970e930edd6e1dce3f6,bce624bfc23d7fdb64a7e667488875d4e169911d3ac3f38ef20c4be8ce912bcc,bce624bfc23d7fdb64a7e667488875d4e169911d3ac3f38ef20c4be8ce912bcc,YES,1,30,31,YES,PASSED
pair_math500_244,math500_244,OP_SIGN_FLIP,f5c263fd7d5b2b06df7401adafed4790d98f9e60ba086dc1c3d82d36f4d0cd07,2b80be17ff9ad5308b0efb4e6ee15c728a9c04f1d0d6b0453d5dfcd538155ea1,2b80be17ff9ad5308b0efb4e6ee15c728a9c04f1d0d6b0453d5dfcd538155ea1,YES,1,41,42,YES,PASSED
pair_math500_245,math500_245,OP_SIGN_FLIP,5ae2c69133cb3e54e79d3a991bc1d0776520ddc846e403e1c46e17f1ed357473,cbb30692139b770a21ab6e3a83b3257e30999e10378b67e6aedc053968a325aa,cbb30692139b770a21ab6e3a83b3257e30999e10378b67e6aedc053968a325aa,YES,1,29,30,YES,PASSED
pair_math500_246,math500_246,OP_FRACTION_FLIP,0c904cc5acb12342d92d623c9bba9926e7579ef68ede0fff45f93e5fae49798a,990e3b6b8d00cb6ad1db5c380f81a624ef807dd750d1f3e4df58681fd71f3bae,990e3b6b8d00cb6ad1db5c380f81a624ef807dd750d1f3e4df58681fd71f3bae,YES,1,27,32,YES,PASSED
pair_math500_247,math500_247,OP_SIGN_FLIP,da684c7843b827b6382e0861a0a3e04a5ff57729a96c3736d55702278b0fd27d,0a0b7cc7e47e7e8e13f58e332bf06cb6e94e8e4f88d8322fe774acb6cc5f0f36,0a0b7cc7e47e7e8e13f58e332bf06cb6e94e8e4f88d8322fe774acb6cc5f0f36,YES,1,179,180,YES,PASSED
pair_math500_248,math500_248,OP_SIGN_FLIP,b765ea5cc3e1d9709dd7b58c899e2480762182a43406d88bfde0c93b137717d8,708a2011b68c7437047361a4249896bbe4fbed673b2e21b8048dc9f1503202b8,708a2011b68c7437047361a4249896bbe4fbed673b2e21b8048dc9f1503202b8,YES,1,42,43,YES,PASSED
pair_math500_249,math500_249,OP_SIGN_FLIP,610ca52425d8406eb839a6845f254ec9bec7c06b5b18c652443a912d165dd067,8b28f1e18294cc7e7848d8500f3865390a597fdc3cc0548cc705dceaaefd9e74,8b28f1e18294cc7e7848d8500f3865390a597fdc3cc0548cc705dceaaefd9e74,YES,1,94,95,YES,PASSED
pair_math500_250,math500_250,OP_SIGN_FLIP,df7b4f0be413108cfc8471a0efbe3033f0da6fd0bc0365e6d7d9e4280e9c7239,a49c6044b88879208faf1f95e5e764586295c8f85f4995ccaf35ee6cdc3675bb,a49c6044b88879208faf1f95e5e764586295c8f85f4995ccaf35ee6cdc3675bb,YES,1,19,20,YES,PASSED
pair_math500_251,math500_251,OP_CONSTANT_PERTURB,e956925ba17c844026e81d71853e2647d1be7d1914dc870c78913f5a2d5dc849,60212a7fae26c318baa5c79e21eef3e702e30ed3d6b57f88b2bf884680c4c54f,60212a7fae26c318baa5c79e21eef3e702e30ed3d6b57f88b2bf884680c4c54f,YES,1,99,100,YES,PASSED
pair_math500_252,math500_252,OP_SIGN_FLIP,734a8da7307230e5d0555069116fdab8ab5343953f2079c8c83871d7a601cd81,dcc5d9e64aae4c785e435f13a97912b26c01b7118e4999ca630f0759bf11e687,dcc5d9e64aae4c785e435f13a97912b26c01b7118e4999ca630f0759bf11e687,YES,1,22,23,YES,PASSED
pair_math500_253,math500_253,OP_FRACTION_FLIP,4c95dbd679439fee28062e2ce73b3ef142ea6f51304b49317e60db636366df03,fc95ff299dda859b07a4f368971630e4c6d158e76e7626247363716ddf1688f3,fc95ff299dda859b07a4f368971630e4c6d158e76e7626247363716ddf1688f3,YES,1,69,73,YES,PASSED
pair_math500_254,math500_254,OP_CONSTANT_PERTURB,f60b4ef6f37b6282a2eaeb5c25abf014a89e64f36e417cbf64e9a445443f0716,5222dcbb878d516c3d86e803d528a6204596fe882caedcecbb603a70860bceca,5222dcbb878d516c3d86e803d528a6204596fe882caedcecbb603a70860bceca,YES,1,3,4,YES,PASSED
pair_math500_255,math500_255,OP_CONSTANT_PERTURB,94bee06121a2541d2af51666e639604a161f23e01100673ea50503d036dfc95d,f0199cf7d826ee2a7b0bbf07f7989e9e376e1f90e9399ee05a6e12396df47d11,f0199cf7d826ee2a7b0bbf07f7989e9e376e1f90e9399ee05a6e12396df47d11,YES,1,8,9,YES,PASSED
pair_math500_256,math500_256,OP_FRACTION_FLIP,43e352c340e4cfabc6b2f48418bfd29c4cf39e5fcde7ecb5a527331c067fc584,b82d4dd2e40358d60ddcc212e0f8d783b3a037e6394e54ff58e1b5a8d2bd5dcf,b82d4dd2e40358d60ddcc212e0f8d783b3a037e6394e54ff58e1b5a8d2bd5dcf,YES,1,15,19,YES,PASSED
pair_math500_257,math500_257,OP_CONSTANT_PERTURB,742f14b1a66b03e8cf4cad6db97b561bea1bc5da29abfc4c86688402f3687224,9f47d2acb1bfc3b86ebb6028e84466eaa7028dbddb7adfdcd702466594f762e8,9f47d2acb1bfc3b86ebb6028e84466eaa7028dbddb7adfdcd702466594f762e8,YES,1,15,16,YES,PASSED
pair_math500_258,math500_258,OP_CONSTANT_PERTURB,3406577c0812266765fdef975a18c66333fdfad71f6868420029df6f6dba4d4a,c249d72775256dc4cd48523edd79fd790203ce61b18c4a7e78b38614c096c6e7,c249d72775256dc4cd48523edd79fd790203ce61b18c4a7e78b38614c096c6e7,YES,1,49,50,YES,PASSED
pair_math500_259,math500_259,OP_SIGN_FLIP,d75f9ca48280398cdb35db33b88ea81fef12b5f8d8d86ab482086aad195cf130,b71f05522d6988c4255ed6ef6ba99fd5b656fd99c2cfcfc02517f006c3e0c388,b71f05522d6988c4255ed6ef6ba99fd5b656fd99c2cfcfc02517f006c3e0c388,YES,1,42,43,YES,PASSED
pair_math500_260,math500_260,OP_CONSTANT_PERTURB,4a82664602b9958c2692431cc5d91a333fa92202e1490146de8c60189a2e449d,a0be7eb6664dae5c7bb08cf37e5fcbd74b0aefee4bfe51ebf160cafea4517318,a0be7eb6664dae5c7bb08cf37e5fcbd74b0aefee4bfe51ebf160cafea4517318,YES,1,49,50,YES,PASSED
pair_math500_261,math500_261,OP_SIGN_FLIP,e9001d83bf6ca2f0dd35e0e925547b743ff48cdc25a34cbc4968f34ca00554c7,571501b965fecaa6533fdc9af363a667feda0c250b2e1fe88b98d5511e1a9ce1,571501b965fecaa6533fdc9af363a667feda0c250b2e1fe88b98d5511e1a9ce1,YES,1,152,153,YES,PASSED
pair_math500_262,math500_262,OP_SIGN_FLIP,45211e1759e7650385ba361a995d69f8447633feab9a6a8917e246419aec90d2,788f123d6e26320f5bbef53e7e82ac6ca21cd4355414d6086ced3350bdc60df9,788f123d6e26320f5bbef53e7e82ac6ca21cd4355414d6086ced3350bdc60df9,YES,1,47,48,YES,PASSED
pair_math500_263,math500_263,OP_FRACTION_FLIP,2830e1fcd038383b007f7f0557ed44878a3b44a5894daa7576fe371a7eadb9ed,5363de1dbf2257c61e1346e7bb08cae306dd564ba1511648fd1b0f30cf80ab2a,5363de1dbf2257c61e1346e7bb08cae306dd564ba1511648fd1b0f30cf80ab2a,YES,1,64,75,YES,PASSED
pair_math500_264,math500_264,OP_SIGN_FLIP,e4f4d92f4118667f5bc3c814bb23f53441fc1b40d3a274f57d8cc8492125fcca,510cd40321a1795b05568428d717c216436378803d56dcfe3aed2e1b4e9d378f,510cd40321a1795b05568428d717c216436378803d56dcfe3aed2e1b4e9d378f,YES,1,27,28,YES,PASSED
pair_math500_265,math500_265,OP_CONSTANT_PERTURB,227cc099a9b2415b99cf70ef08d4863f7e5c7b199dc9f9c21feafae44ce4e976,b1a635655dfdec11ce28df23a2b0ef919834f24e6c37a4fc3615452f8fc8fa3c,b1a635655dfdec11ce28df23a2b0ef919834f24e6c37a4fc3615452f8fc8fa3c,YES,1,28,29,YES,PASSED
pair_math500_266,math500_266,OP_CONSTANT_PERTURB,e2d780625a4df4f687488f5ad4d0b2a680981ae9095219138c91f09a7f9be346,a0f2aa8f6942b3df05d97224d0015470c253c8bce47c3fffb20cdd45e1044478,a0f2aa8f6942b3df05d97224d0015470c253c8bce47c3fffb20cdd45e1044478,YES,1,12,13,YES,PASSED
pair_math500_267,math500_267,OP_CONSTANT_PERTURB,00cb4cdffffd2ed7e77eedf873dc66784432f80945745c339a0dfb9f17972eb1,b48869e28d1d46f0bcbf4f875962166d5dd387dadfb144148abd51dc3d1150c2,b48869e28d1d46f0bcbf4f875962166d5dd387dadfb144148abd51dc3d1150c2,YES,1,124,125,YES,PASSED
pair_math500_269,math500_269,OP_CONSTANT_PERTURB,ac6f49e37379e924d8637a6a929b16d06e3c0cddf695f565d12e01347a39076b,28d6be1405b5683f8f085cd3728b6921f69ede22c18c380f07808d6034c23974,28d6be1405b5683f8f085cd3728b6921f69ede22c18c380f07808d6034c23974,YES,1,10,11,YES,PASSED
pair_math500_270,math500_270,OP_CONSTANT_PERTURB,37e3c8d9356298f281d983d3a6e75569972dcb76dfdac9a0564ff2c113e7bcff,0ea5adb9e806da11225f0f840b62de99ca877bc7d453d1e332fca2ad3a0fad4d,0ea5adb9e806da11225f0f840b62de99ca877bc7d453d1e332fca2ad3a0fad4d,YES,1,14,15,YES,PASSED
pair_math500_271,math500_271,OP_SIGN_FLIP,953023cb9d9cf9221ce9492c6c6e3736a2524a43cb142f13a51fa2ba1a961216,256520407e48c09b1f966fc946212bd9e7a3dc4a8fe43f7801e5da98904ca8a6,256520407e48c09b1f966fc946212bd9e7a3dc4a8fe43f7801e5da98904ca8a6,YES,1,75,76,YES,PASSED
pair_math500_272,math500_272,OP_CONSTANT_PERTURB,82c803b91d13f8eefe03e9bbed6236bba0375670c368251be9ab926339b4f827,566ec2c86ddfcfea271cadc6eb1f476c8b9e2a13f9cd71f8c764ec7201acedbc,566ec2c86ddfcfea271cadc6eb1f476c8b9e2a13f9cd71f8c764ec7201acedbc,YES,1,9,10,YES,PASSED
pair_math500_274,math500_274,OP_CONSTANT_PERTURB,00fccec1de120c623a10786034a151a61561ab1ee1c10d6f5de4e9b462683f51,5009e5609f2451e8c15d7861dae0728b99f8daaca75ab473982edc4183c09e0b,5009e5609f2451e8c15d7861dae0728b99f8daaca75ab473982edc4183c09e0b,YES,1,65,67,YES,PASSED
pair_math500_275,math500_275,OP_SIGN_FLIP,792bcd1d27fa7f05224727507377dbb40e1b56322bb26497d550c6fd9af00659,9cf67753eab72945c09a36efe1d4030bc7f43d75fdabe68629d3c0166b56ab11,9cf67753eab72945c09a36efe1d4030bc7f43d75fdabe68629d3c0166b56ab11,YES,1,63,64,YES,PASSED
pair_math500_276,math500_276,OP_SIGN_FLIP,7e9459eee140ca1867e138e8096533a57ef984a3575fa8fd34a6cad64c45d211,ff8b60d74fc5c582f1b60116a081250f71e77dd6b3e102c6f4c0959c35796be0,ff8b60d74fc5c582f1b60116a081250f71e77dd6b3e102c6f4c0959c35796be0,YES,1,29,30,YES,PASSED
pair_math500_277,math500_277,OP_CONSTANT_PERTURB,434b3eee23852a10469978f3ccd871f08c3d56c9b154a53e1c217081b51e60dd,1b58b2fe915441d3641c828b4fba2188048f6899761f865cdca245c10f9b4018,1b58b2fe915441d3641c828b4fba2188048f6899761f865cdca245c10f9b4018,YES,1,7,8,YES,PASSED
pair_math500_278,math500_278,OP_SIGN_FLIP,0007399ae39afc6c0e4414663ca3755360a19b66f78152524da6deaaeb07ef21,ebcc87e42be257607e92975729c7c3acc873a2d26938bf24beb4f7f890bb1ee9,ebcc87e42be257607e92975729c7c3acc873a2d26938bf24beb4f7f890bb1ee9,YES,1,17,18,YES,PASSED
pair_math500_279,math500_279,OP_CONSTANT_PERTURB,0e719e36487ea09ebd7d3d2e05d9a20fa5acfbe156e480289bbbadd01da74418,52c10e12e628b25108d1e3d69e6539377dfef8742695dda64ca5391f84893a0d,52c10e12e628b25108d1e3d69e6539377dfef8742695dda64ca5391f84893a0d,YES,1,56,57,YES,PASSED
pair_math500_280,math500_280,OP_SIGN_FLIP,49f64485ff1e7383dee73b6dbd7a0eca5fc70ed30228e808c1e4e9084019e5bb,3da15234a33a354b10645512add69843e313b821b639193a57aeaab4a6a736bd,3da15234a33a354b10645512add69843e313b821b639193a57aeaab4a6a736bd,YES,1,52,53,YES,PASSED
pair_math500_281,math500_281,OP_SIGN_FLIP,1dfd110efc85c76b619609e6f9e42f8be5f7cc51f742075a792cc42fb5c4a10d,a0962bf1e0cd6e06b7ab976439cbadad142235b690d005021852030f3e072c37,a0962bf1e0cd6e06b7ab976439cbadad142235b690d005021852030f3e072c37,YES,1,53,54,YES,PASSED
pair_math500_282,math500_282,OP_CONSTANT_PERTURB,bb92cfaa886abd64776790bf16ea0491cf2aea284052787698635e92e10e923f,83f30de378c94f87a7d7bbd861b851797bb35a8178b442db8bb387bfd6b2a0de,83f30de378c94f87a7d7bbd861b851797bb35a8178b442db8bb387bfd6b2a0de,YES,1,35,36,YES,PASSED
pair_math500_283,math500_283,OP_CONSTANT_PERTURB,7ce8baa3ea2ec5200c4df045f9334025199a74fbc0815f918d8e3a476ee09b93,a12e6631bdf95a217eed5cbe02f3886f015b21860c75c3362717f60d81572c3c,a12e6631bdf95a217eed5cbe02f3886f015b21860c75c3362717f60d81572c3c,YES,1,18,19,YES,PASSED
pair_math500_284,math500_284,OP_FRACTION_FLIP,20923b4390e14a6453f388adada554979130d70c6b1affba0ad45e9c019a583f,30234a262f4318e145bf0fe8c14e5d114502daf8cba1cb9ba1ca5c8cacceb3fb,30234a262f4318e145bf0fe8c14e5d114502daf8cba1cb9ba1ca5c8cacceb3fb,YES,1,30,34,YES,PASSED
pair_math500_286,math500_286,OP_FRACTION_FLIP,eb1d98193dff5650c31ede61c3e5c4816edbdc126ba869c4e68f26c32c0f4f57,30794105de27076d98a15a3e60463c6c878addaf6a4cb3700cde4c8f6fc045bc,30794105de27076d98a15a3e60463c6c878addaf6a4cb3700cde4c8f6fc045bc,YES,1,63,75,YES,PASSED
pair_math500_287,math500_287,OP_FRACTION_FLIP,809cf48521d30cbb9c1851b20a29f9580e5dbb715fbc0ffec886fbd337d68085,17c0b85297c4031436b52f8824c69996bcdcf105d4ea0d9d834c744fa0048833,17c0b85297c4031436b52f8824c69996bcdcf105d4ea0d9d834c744fa0048833,YES,1,24,28,YES,PASSED
pair_math500_288,math500_288,OP_SIGN_FLIP,5fd3f048d6b04fcd5291499abbfe9be248cf551d2a4d5fe6431a3e3a10a7ff90,5823475103e2383fad97cced29d8a770325935591c99fd2288a667cfd5d72d41,5823475103e2383fad97cced29d8a770325935591c99fd2288a667cfd5d72d41,YES,1,16,17,YES,PASSED
pair_math500_289,math500_289,OP_SIGN_FLIP,1380ef1119ecaf145cc8091fcbfeceb7aac65b064a5902fa5c85ab08725b9c65,1bc23d0960f1ffcd213cb79b9491930e7325cd4a4698d008e72c0f432452387b,1bc23d0960f1ffcd213cb79b9491930e7325cd4a4698d008e72c0f432452387b,YES,1,4,5,YES,PASSED
pair_math500_290,math500_290,OP_FRACTION_FLIP,f098183d0ca718a882c885601616b1b02b04a05b68528fa49041fe400fa5b9bc,1556c051a5a84384d0d1231e0b114f917e9aaa299688030d1c2886a1dd22597d,1556c051a5a84384d0d1231e0b114f917e9aaa299688030d1c2886a1dd22597d,YES,1,50,68,YES,PASSED
pair_math500_291,math500_291,OP_CONSTANT_PERTURB,268e228aeee420781ce03fb404e7f2f29338d488edf4e1ad5e3f881e83fd16c9,64cd74903138f13a654e242b46457349e8ecef91df0afd9143097b42c3ab4fe1,64cd74903138f13a654e242b46457349e8ecef91df0afd9143097b42c3ab4fe1,YES,1,27,28,YES,PASSED
pair_math500_293,math500_293,OP_FRACTION_FLIP,a419a7daf17c799750eb651195c1470492b15584f721a20fa091d2f37dc746b3,2633c05090f523284008ff0c0435eb76bf3d2c880e84a0086215bba26339de28,2633c05090f523284008ff0c0435eb76bf3d2c880e84a0086215bba26339de28,YES,1,91,97,YES,PASSED
pair_math500_294,math500_294,OP_SIGN_FLIP,9582795ebdd56879edb426fccba96cbe95988580486b737c2a67593945dda848,b76dbd622378fd483c6001b3fbd2dcad83888ff3fb040553ef643e2b810d751e,b76dbd622378fd483c6001b3fbd2dcad83888ff3fb040553ef643e2b810d751e,YES,1,31,32,YES,PASSED
pair_math500_295,math500_295,OP_SIGN_FLIP,0ccfb9b76a5c3c9412920ac0f8d29f0bf6e43aa40e25cb25bdf80d293bf6788b,97fb03c2834a4cc50620e3128899ef9ed5b56318b15ae4eff10d191a3b0f4635,97fb03c2834a4cc50620e3128899ef9ed5b56318b15ae4eff10d191a3b0f4635,YES,1,43,44,YES,PASSED
pair_math500_296,math500_296,OP_CONSTANT_PERTURB,6d69e0415b3cadc368e45cfd20929988c25c7fa5534a058c3306d5943383e69d,b683b6374e4f20e5824404dde9b67450b6a3a8073068d952931b18a172211022,b683b6374e4f20e5824404dde9b67450b6a3a8073068d952931b18a172211022,YES,1,76,77,YES,PASSED
pair_math500_297,math500_297,OP_CONSTANT_PERTURB,bbdd3853fc6333119bc5fa84d0eb52b2bc0e4c4885317b5155ba67b8b3088116,3ce6b4428ad1ea008b53b2a97165cb13efb9b49506645bab621490cf9c7928a6,3ce6b4428ad1ea008b53b2a97165cb13efb9b49506645bab621490cf9c7928a6,YES,1,23,24,YES,PASSED
pair_math500_298,math500_298,OP_CONSTANT_PERTURB,dd9c2ce5881bfc1a69898ef70c351dda8cba555cd23c46441080f15369dd6de3,292be44edbdd76ee87740153deb6328eb745669e8d676a59da368bd80ff3e734,292be44edbdd76ee87740153deb6328eb745669e8d676a59da368bd80ff3e734,YES,1,34,35,YES,PASSED
pair_math500_299,math500_299,OP_SIGN_FLIP,e98998e05552904d6a68ff5ef66b69e022e0e9b71af447a31cf7417082f31906,2c744ffbcfc4d79d7c9d88d2b55657cce181d2003de9c3270e659ddfa2fef6cd,2c744ffbcfc4d79d7c9d88d2b55657cce181d2003de9c3270e659ddfa2fef6cd,YES,1,34,35,YES,PASSED
pair_math500_300,math500_300,OP_CONSTANT_PERTURB,0bfed2134713592934ffb89c17ade7b1a40137a14e7e7edcfe8af4e159c83044,8cb5d2bf4575e6f1edecf8a7a9c882759af9d2e84e06d6496454300a8ccf1eaa,8cb5d2bf4575e6f1edecf8a7a9c882759af9d2e84e06d6496454300a8ccf1eaa,YES,1,18,19,YES,PASSED
pair_math500_301,math500_301,OP_CONSTANT_PERTURB,62187591ad30e062038ed10873183cd0ec5e010ce7b29be31596334dfe631ef2,95a6646f286bcd085c96d66d985c8d5a7829f4c44b54bbed9fce78b5a637b7ca,95a6646f286bcd085c96d66d985c8d5a7829f4c44b54bbed9fce78b5a637b7ca,YES,1,12,13,YES,PASSED
pair_math500_302,math500_302,OP_FRACTION_FLIP,fd97cb6ee2f5e7286cafbb5c4b2bcf3e19f668855f99cd5cb53dfcaaa1c0248b,0810219d8f979aa8f1ac734e854053d1013c07b0bfcee8fff323cdae8662485d,0810219d8f979aa8f1ac734e854053d1013c07b0bfcee8fff323cdae8662485d,YES,1,35,43,YES,PASSED
pair_math500_303,math500_303,OP_CONSTANT_PERTURB,83b428d6cb486813bf427ce148b7e6f9cbe16ab19d8def346a0702ce6ab3a66a,fb49db55769c69d369c99519557f044833af479485656a34672da1e077e6d576,fb49db55769c69d369c99519557f044833af479485656a34672da1e077e6d576,YES,1,86,87,YES,PASSED
pair_math500_304,math500_304,OP_FRACTION_FLIP,9aa21006576c4230ea9aa928d8997b2931517420db12edb93dc8a9fa1a0af1d4,4380af174547ef9f3ffaeadac7765df05b06005d2a51ca20024ae427035bb77b,4380af174547ef9f3ffaeadac7765df05b06005d2a51ca20024ae427035bb77b,YES,1,8,29,YES,PASSED
pair_math500_305,math500_305,OP_SIGN_FLIP,0f00e8e1c8a83458b9b85b198fadaf30042b7e0ce401ce64e39054f67c5df26e,581a28e2392c21ab667a92726dfd078fb8e81a801ff6fea8be80aec46cdadbe1,581a28e2392c21ab667a92726dfd078fb8e81a801ff6fea8be80aec46cdadbe1,YES,1,21,22,YES,PASSED
pair_math500_306,math500_306,OP_CONSTANT_PERTURB,a67a53f45374c1abab863e8a78e39c43d89cad6cbb84ade17ab67a1fb332abc6,61fb64f604573050c0900f576bcc2ad052ec4accb25a65bf4940873f1495e026,61fb64f604573050c0900f576bcc2ad052ec4accb25a65bf4940873f1495e026,YES,1,5,6,YES,PASSED
pair_math500_307,math500_307,OP_CONSTANT_PERTURB,2065767cd61d60cf7e0018d7fa3b86703ff986c9bb17adc8538b047a4b52c715,afb7ed62d085e7a6e9855dde4f925d2ffdfb1c9e8110177284fc0738025cff0a,afb7ed62d085e7a6e9855dde4f925d2ffdfb1c9e8110177284fc0738025cff0a,YES,1,8,9,YES,PASSED
pair_math500_308,math500_308,OP_CONSTANT_PERTURB,21a0583ec67c92a5ee71f41e132e6d2dd9c2f9935591cd562df4344d539df385,59b5926ae4d81fb7521ec1a32df56bc3a9f0d32728626743af4480b3f64af214,59b5926ae4d81fb7521ec1a32df56bc3a9f0d32728626743af4480b3f64af214,YES,1,182,183,YES,PASSED
pair_math500_309,math500_309,OP_CONSTANT_PERTURB,4d9dc3100be0dca43ad8ffc008032044d6699f4616849a81c85f1c5f29b78177,b5ef7cfa4bf26cd9f2c9c366405118a971ed4573d239c0df7622445d3f635e68,b5ef7cfa4bf26cd9f2c9c366405118a971ed4573d239c0df7622445d3f635e68,YES,1,86,87,YES,PASSED
pair_math500_310,math500_310,OP_FRACTION_FLIP,dcd006247069522ea3403ee9a4c03f56731ba705367a92deccb62f4f46459b00,11982a8c8ae49b9e53dabc3b92bbe68f96b9f465a4bba590d3db04c42d4f4b0e,11982a8c8ae49b9e53dabc3b92bbe68f96b9f465a4bba590d3db04c42d4f4b0e,YES,1,15,20,YES,PASSED
pair_math500_312,math500_312,OP_FRACTION_FLIP,6ef3d048e3de59c991c61d5f4a8a9d781da684d6b4ae99a128bd472bf5f8fb12,8e060f81bcef2bc1c2223435a248d35acfa07c79ea4bd7b6ae128a468b7c21c1,8e060f81bcef2bc1c2223435a248d35acfa07c79ea4bd7b6ae128a468b7c21c1,YES,1,24,32,YES,PASSED
pair_math500_313,math500_313,OP_CONSTANT_PERTURB,69f4637de9a4eee95919298ab01d2c21aec263fed65b96030be0eef9eb4a630e,29220e0a4250db70530d007b84bd50044d24a37a429b34c2f53b8b07253ce0fb,29220e0a4250db70530d007b84bd50044d24a37a429b34c2f53b8b07253ce0fb,YES,1,21,23,YES,PASSED
pair_math500_314,math500_314,OP_CONSTANT_PERTURB,3c0fd51d18dfb6771dbe3e35a7c145b3a78277d7cd11b4b8ebfe922676f1b81c,4ec1f0df1433be23b45669dcef21aec0fbca00f77a5e26802eaaad07a90178bd,4ec1f0df1433be23b45669dcef21aec0fbca00f77a5e26802eaaad07a90178bd,YES,1,7,8,YES,PASSED
pair_math500_315,math500_315,OP_CONSTANT_PERTURB,3dac5d3ae66bfe3883b8c07380fad1d3d57ad63c3e5490061ca58cf0602ee89a,5404032b6e090c477b6ed765d8e02ada10ea141c7440e87148d6c25e33c33b5b,5404032b6e090c477b6ed765d8e02ada10ea141c7440e87148d6c25e33c33b5b,YES,1,30,32,YES,PASSED
pair_math500_316,math500_316,OP_SIGN_FLIP,e59c82fecace92cebea706d14f32c1a302fcc1d71b4238bff0ccc2202e74aabf,bb4853fe0998661f31d2cf53e8b933c6bbccd20b76a17509cec96419a1fab5c3,bb4853fe0998661f31d2cf53e8b933c6bbccd20b76a17509cec96419a1fab5c3,YES,1,33,34,YES,PASSED
pair_math500_317,math500_317,OP_CONSTANT_PERTURB,ba6b3360ee31be61c5d1976a0723a071eedf5af5e1944da8ce04dc882d2641f9,45440d926bff62f6f2973434d10fb897056032b41987b55ac43608fe9871c7db,45440d926bff62f6f2973434d10fb897056032b41987b55ac43608fe9871c7db,YES,1,36,37,YES,PASSED
pair_math500_318,math500_318,OP_CONSTANT_PERTURB,0608d70497e5398891ab62d3d690c3d3f1aeda36c344339fbd34e0cea7f5765c,ba66f7a498316f5f959f0806bd8d6a4778e9785bb3ca54780420025e83d32c81,ba66f7a498316f5f959f0806bd8d6a4778e9785bb3ca54780420025e83d32c81,YES,1,27,28,YES,PASSED
pair_math500_319,math500_319,OP_SIGN_FLIP,853c07ad59f5d7f793731135116c612ad95239e923425785fef70e2e1f892e1c,c4a090198870ca29bf04c3f51fceb3f4266cd8e51d1270be47062622a84a5856,c4a090198870ca29bf04c3f51fceb3f4266cd8e51d1270be47062622a84a5856,YES,1,38,39,YES,PASSED
pair_math500_320,math500_320,OP_SIGN_FLIP,2eed6d02d1c934287138f154de40003ec7b3f640b6ff97ce23959162d81cfdf5,b6e7deec3684fe6f95ca7bc3f69c15d96af0eb4a1810f6bdbe0adf839678fe62,b6e7deec3684fe6f95ca7bc3f69c15d96af0eb4a1810f6bdbe0adf839678fe62,YES,1,43,44,YES,PASSED
pair_math500_321,math500_321,OP_CONSTANT_PERTURB,7a489579798062b400d61b8bfb6ccd288980ee88a15675394947a593fd069b6e,3280ab48a9722fb14d576fb0bde1659d28f2df90f542ffd1410080242ddb0b04,3280ab48a9722fb14d576fb0bde1659d28f2df90f542ffd1410080242ddb0b04,YES,1,12,13,YES,PASSED
pair_math500_322,math500_322,OP_SIGN_FLIP,f187ee1acb14a04195c5d42daf685c275d1e4530ef11e609c81a7dd00d2ec08e,403fc69f4f5647067769a91b724d056911f597ff788addf3cf9a3bcbd8371833,403fc69f4f5647067769a91b724d056911f597ff788addf3cf9a3bcbd8371833,YES,1,25,26,YES,PASSED
pair_math500_323,math500_323,OP_FRACTION_FLIP,b15fa7e88e391f332d55d91abd3827556f71bec9b181702b372c3b47dada77bb,d1c8d8d3b8cbd60cb8897ba6ce1a38fa67d9b0a1c0a3a2465b3e77a22bff8bc5,d1c8d8d3b8cbd60cb8897ba6ce1a38fa67d9b0a1c0a3a2465b3e77a22bff8bc5,YES,1,100,104,YES,PASSED
pair_math500_324,math500_324,OP_CONSTANT_PERTURB,c896aecd1cf6d979e5d00087d31df8b3c43466119c4704354b96a3ec6eb79f12,182c4a22d756ab98f9c55a13f9dbc3a6f1572f9d0bcac9cd353ab6eb6981a16f,182c4a22d756ab98f9c55a13f9dbc3a6f1572f9d0bcac9cd353ab6eb6981a16f,YES,1,72,73,YES,PASSED
pair_math500_325,math500_325,OP_CONSTANT_PERTURB,62a15f2fac071fbc9b7ee761f834d9657702caa3a398b0a53e7f5ea3e900819c,3afc91e5e9f66c60efc962ed89c38ee60a054a9594eb0d90a310dac99f3865d4,3afc91e5e9f66c60efc962ed89c38ee60a054a9594eb0d90a310dac99f3865d4,YES,1,58,59,YES,PASSED
pair_math500_326,math500_326,OP_FRACTION_FLIP,4d977be2b589f31ef79ed65a3f48f2941d4071e521199cdc5bc86bbcbf9a2385,5b4b5666b0eb22969938b16823277d6743566367629b758fe4f3108ace5f3730,5b4b5666b0eb22969938b16823277d6743566367629b758fe4f3108ace5f3730,YES,1,784,790,YES,PASSED
pair_math500_327,math500_327,OP_SIGN_FLIP,22eb2556d039484407224c1242a1323aeea6f7b1a2ae06a6b767f996923eda5b,8e91754b0a9d499ed3c21b595cc31287df6c8ec10836668294302727f3ea4970,8e91754b0a9d499ed3c21b595cc31287df6c8ec10836668294302727f3ea4970,YES,1,16,17,YES,PASSED
pair_math500_328,math500_328,OP_SIGN_FLIP,972b562882cfd03483c6eed08c01319c1eb071df91afe2fd3e33eacc27d6df7d,a81a104cea5b6623402c624f34c1008ccb7331a888d6858b3c30c371c67b7bc9,a81a104cea5b6623402c624f34c1008ccb7331a888d6858b3c30c371c67b7bc9,YES,1,7,8,YES,PASSED
pair_math500_329,math500_329,OP_CONSTANT_PERTURB,0a38ff91659643621c847d720a91c794876dab4e748e2829f59cb891807867f0,47da598dfc1ccc14b59d14cfac5b6450433bc3dedc51d4616d01033cb034ff61,47da598dfc1ccc14b59d14cfac5b6450433bc3dedc51d4616d01033cb034ff61,YES,1,12,13,YES,PASSED
pair_math500_330,math500_330,OP_CONSTANT_PERTURB,d991360208c2480f7e8848c8cc1be2a1c34466f5c1daaf6d6c9c9a5292681063,c016fabdfab4c7428f753532308043788a1a45ac3ae8e4a04bf48c604d111a83,c016fabdfab4c7428f753532308043788a1a45ac3ae8e4a04bf48c604d111a83,YES,1,30,31,YES,PASSED
pair_math500_331,math500_331,OP_SIGN_FLIP,1bc16d64c9e515e7bcdf3604579ac4b2df301d3017fdcc42e9a5dc8fd3ada3bf,cf1598cdae803bdc425cbb9b11dfccfbd0ca24b34eca5bfa7fd0ad69fdc0dcc0,cf1598cdae803bdc425cbb9b11dfccfbd0ca24b34eca5bfa7fd0ad69fdc0dcc0,YES,1,138,139,YES,PASSED
pair_math500_332,math500_332,OP_SIGN_FLIP,ca698e7997ef78d9c2650e2c851fea91ae299a52b48b555f848a92493c2c08dd,0fc9dd112ddabd6509b74b51923d0362cbac64e82a720b4636d029a4e220e346,0fc9dd112ddabd6509b74b51923d0362cbac64e82a720b4636d029a4e220e346,YES,1,17,18,YES,PASSED
pair_math500_333,math500_333,OP_SIGN_FLIP,a81df0ec8dd67ac1688fb18ae8ffe0649095d5ca6a0c3e58308f85c640498b09,2c7a3b3699a278772399bf545a412c0db054bef9ee5d4bd3f795803edd8c81b3,2c7a3b3699a278772399bf545a412c0db054bef9ee5d4bd3f795803edd8c81b3,YES,1,18,19,YES,PASSED
pair_math500_334,math500_334,OP_SIGN_FLIP,b063237706f22e3effd70be82ca1f1e35893a2255462614ca8ceed5ff7a8ae40,44a6d5b3800449c4226f852ae8ab29412d95de3507ff169debccb19d5aebbc1a,44a6d5b3800449c4226f852ae8ab29412d95de3507ff169debccb19d5aebbc1a,YES,1,57,58,YES,PASSED
pair_math500_335,math500_335,OP_CONSTANT_PERTURB,01a84ecc7a42f76e0b442c13dea3a6b7a49aaf737625f19b31cf5d379bf352d6,45d0cb9ae4f584a7bd3d86e0d7b3dd4a108c78687fdefa8b31088b3489e3de8c,45d0cb9ae4f584a7bd3d86e0d7b3dd4a108c78687fdefa8b31088b3489e3de8c,YES,1,44,45,YES,PASSED
pair_math500_337,math500_337,OP_SIGN_FLIP,b21014a5dc425d54b714ddb42dbac811573801f0ee2865d453d6cfe8520b0b14,1dfb884cd01c0ba4679da5c80f93026199e4c9a48d3728558ecf93f19e52a87c,1dfb884cd01c0ba4679da5c80f93026199e4c9a48d3728558ecf93f19e52a87c,YES,1,36,37,YES,PASSED
pair_math500_338,math500_338,OP_CONSTANT_PERTURB,6160ee03a81316960762574b1f39f34721282a4c161b830afc916dda5131da7d,f96f7d936699fc2ea90de0121a53b0b2597ced62c9a004bff2d8c1471362e941,f96f7d936699fc2ea90de0121a53b0b2597ced62c9a004bff2d8c1471362e941,YES,1,14,15,YES,PASSED
pair_math500_339,math500_339,OP_SIGN_FLIP,384b1d8d9627065921451ed272846f10fabf481a26b6102b48551a184df9c5ca,c116d4203681d9d50456a162df7b2b893478a8686adf52a0a101d76a3022e05c,c116d4203681d9d50456a162df7b2b893478a8686adf52a0a101d76a3022e05c,YES,1,17,18,YES,PASSED
pair_math500_340,math500_340,OP_SIGN_FLIP,8359a12a14fdf6bf9925c7e617540408d56cbaf0dbc9f2126bf1ea9d603cee2e,5584355aef8b5c23113a9455541750a2f7114ea5bb676cdda4b6fca7f208073b,5584355aef8b5c23113a9455541750a2f7114ea5bb676cdda4b6fca7f208073b,YES,1,46,47,YES,PASSED
pair_math500_341,math500_341,OP_FRACTION_FLIP,203443ff614c0eda67d534d081771f7fc5092f16fca0ad52476370d50d530d34,0e78a72350b83ea2aff8fef4d94f69b8aadd45144ff825bd87056939e0cb983f,0e78a72350b83ea2aff8fef4d94f69b8aadd45144ff825bd87056939e0cb983f,YES,1,87,91,YES,PASSED
pair_math500_342,math500_342,OP_CONSTANT_PERTURB,dec5cdf5da7b6cd36b93994fd990fe9e4ea2b72e05057b861b0a22a0a5eecddd,4482547cbd789f23319c453a94adb15701d8dc85b634a895a309e44255606b40,4482547cbd789f23319c453a94adb15701d8dc85b634a895a309e44255606b40,YES,1,52,53,YES,PASSED
pair_math500_343,math500_343,OP_CONSTANT_PERTURB,83e1ac372b1c19a41d427401b91a25d4757c5f587ddb915ec4e56bfb7ada6ca8,206f9601b1736cc2902cd48fd323defa46c1af6bf30865774581cf258c32fc2b,206f9601b1736cc2902cd48fd323defa46c1af6bf30865774581cf258c32fc2b,YES,1,36,37,YES,PASSED
pair_math500_344,math500_344,OP_SIGN_FLIP,ff1b968b5efb8f4262998e8b7f646a2fca8ff8749bf0e96e4a308442e7fae101,889ba0d22bf081dad75c38726a1c1ab6ad21564828ce55a7390795e76fc00e15,889ba0d22bf081dad75c38726a1c1ab6ad21564828ce55a7390795e76fc00e15,YES,1,45,46,YES,PASSED
pair_math500_345,math500_345,OP_SIGN_FLIP,1b9c64f383c94ea96c6234d96e6abd0d52523335c5f0b672b5261b9b1c3efa42,91531e8148dcdfafc96e4312103396cf8f2ba30546e26b3d62207e182c848132,91531e8148dcdfafc96e4312103396cf8f2ba30546e26b3d62207e182c848132,YES,1,44,45,YES,PASSED
pair_math500_346,math500_346,OP_SIGN_FLIP,0bf6ba829a74662ec5ccda0ba874ecb8bbd8de30b8988306e07109ab1a3f224e,d66300caf72b504a9cc0cdb269a030f5b521e38b64b23279a7b1592a5aa12469,d66300caf72b504a9cc0cdb269a030f5b521e38b64b23279a7b1592a5aa12469,YES,1,57,58,YES,PASSED
pair_math500_347,math500_347,OP_SIGN_FLIP,0308ccd874005f11dd1bf9bf9ed4d4aa4eb29b8e08d3cd7ca7e631d43d0213f3,6ef8bc15da0b8b373b4356d86651ef74a7c97429ba9483ef64068fd9223bb367,6ef8bc15da0b8b373b4356d86651ef74a7c97429ba9483ef64068fd9223bb367,YES,1,74,75,YES,PASSED
pair_math500_349,math500_349,OP_CONSTANT_PERTURB,4059e8fdcfaaeaca498ef6b06d3b7402021fd151f40c997eeb1bf975fde97d61,7a998cf1215a27c251a54340324a3e5999bc7319df49b4dcdac81b7777809ec9,7a998cf1215a27c251a54340324a3e5999bc7319df49b4dcdac81b7777809ec9,YES,1,11,12,YES,PASSED
pair_math500_350,math500_350,OP_CONSTANT_PERTURB,8fd98c772cf299f23715f4de4525979255d179ad09d504147eced2c26096e662,206ebc1689d50bfb950dbd81ef7100acf0e1ec7c5586c5a440a378f2d993960e,206ebc1689d50bfb950dbd81ef7100acf0e1ec7c5586c5a440a378f2d993960e,YES,1,21,22,YES,PASSED
pair_math500_351,math500_351,OP_FRACTION_FLIP,42fd60170fc18df5df5bf5ba037aea3691db41bed630fb2b523e7a911a4f518c,435b8666af5aa8079a077a579b00a2f04ead22863ea64291a473f71bd1d7964f,435b8666af5aa8079a077a579b00a2f04ead22863ea64291a473f71bd1d7964f,YES,1,27,36,YES,PASSED
pair_math500_352,math500_352,OP_SIGN_FLIP,049280da03a26cc8d58d66e69550a5b3f0ca0d761f0afaa71dcc6fb2594cb875,e332c3ef48a795de2249ae76d8ebda608560e74e3e4bfbfcdbfc04e70f5357d5,e332c3ef48a795de2249ae76d8ebda608560e74e3e4bfbfcdbfc04e70f5357d5,YES,1,134,135,YES,PASSED
pair_math500_353,math500_353,OP_CONSTANT_PERTURB,5f4d8145f6a0a0a896eb409aef8b225203c4c35b6b197648d073e53955c9b522,7df4cca2ea5c706ce8884bc6468fdbc21e3fbeb275f194508ff5488c3b393379,7df4cca2ea5c706ce8884bc6468fdbc21e3fbeb275f194508ff5488c3b393379,YES,1,11,12,YES,PASSED
pair_math500_354,math500_354,OP_CONSTANT_PERTURB,78a2548bd0c0beffd6af99ffb3d4398ad22ee106cdfaad4b924ae189865d2806,a2321123127e64ae1d48009055293fa371f7ff54f9db34fb259a10aa44b17f93,a2321123127e64ae1d48009055293fa371f7ff54f9db34fb259a10aa44b17f93,YES,1,82,83,YES,PASSED
pair_math500_355,math500_355,OP_SIGN_FLIP,0d1ce219716f15423e509f1567ad4e5085e5de3e0e0ebcf28e8f4bc23d68dd7d,8b744ab0fc865f56ce2b0efe02235bede8d608496293309ba79f179a3346ab4b,8b744ab0fc865f56ce2b0efe02235bede8d608496293309ba79f179a3346ab4b,YES,1,4,5,YES,PASSED
pair_math500_356,math500_356,OP_CONSTANT_PERTURB,c61cc170e5994007967b3d25b7469cc021f2d9c42a5fd238ddd8eb1525705b5e,3419eb3623447c323301c81b1be0142852c74c86b579909a73cd22205650b0fe,3419eb3623447c323301c81b1be0142852c74c86b579909a73cd22205650b0fe,YES,1,26,27,YES,PASSED
pair_math500_357,math500_357,OP_CONSTANT_PERTURB,a80a98cca9e016811fe610817dbc66deabf6fb467fd53dd42f7ce3e611726c45,5ada6ab14e95a4b0f6d85f93321cc3a2189f0aeab8544901cc366aa60654042f,5ada6ab14e95a4b0f6d85f93321cc3a2189f0aeab8544901cc366aa60654042f,YES,1,13,14,YES,PASSED
pair_math500_358,math500_358,OP_SIGN_FLIP,991d07853692e219ce8d38b38b5fedab3de68b803dc61f25a78e404d71c34316,706f86a1d186a8b6eb2db9316d8416486927b958a7d097425d34fc11930cb7de,706f86a1d186a8b6eb2db9316d8416486927b958a7d097425d34fc11930cb7de,YES,1,17,18,YES,PASSED
pair_math500_359,math500_359,OP_FRACTION_FLIP,094cc8ea2d564996ab61289f861b9d327f6885171395d804cbb10dc79f16bbba,7dfbf675519b933ef2f3468b58eb3383dcf315e6894984b7049ae51992d2a8fa,7dfbf675519b933ef2f3468b58eb3383dcf315e6894984b7049ae51992d2a8fa,YES,1,410,417,YES,PASSED
pair_math500_360,math500_360,OP_SIGN_FLIP,be90c9b0a87acd5de2862c15059e81db39ebb97c1a229a244e0f01cdad18c852,b9f0124a3480a372d267054e041c9c1acb441851b74aa997914a7071f3a89387,b9f0124a3480a372d267054e041c9c1acb441851b74aa997914a7071f3a89387,YES,1,41,42,YES,PASSED
pair_math500_361,math500_361,OP_FRACTION_FLIP,e2e0d81c78bda01213323344b16cf39f9e74ae3de146bb39a4383904dae2faa8,5c04901b522c13caff8093691969da38e6173e86f9543e38890d3ef93282caa8,5c04901b522c13caff8093691969da38e6173e86f9543e38890d3ef93282caa8,YES,1,25,31,YES,PASSED
pair_math500_363,math500_363,OP_SIGN_FLIP,b154c0a66f87f796e756f5c9be887c20981e03567dc638e7230aa7ac134fdfee,ae9453a6b303079129f401cee9a4d7339777e59be8a145343960d5f978acc567,ae9453a6b303079129f401cee9a4d7339777e59be8a145343960d5f978acc567,YES,1,64,65,YES,PASSED
pair_math500_364,math500_364,OP_CONSTANT_PERTURB,3cd179979c09d2637e9eff03a992722c471148e58ac5ffc3881c926ccf0f4189,568d8f94c286331d09a8bc991551e6424f4668f9d10fe90c580683c7768dc5ba,568d8f94c286331d09a8bc991551e6424f4668f9d10fe90c580683c7768dc5ba,YES,1,39,40,YES,PASSED
pair_math500_365,math500_365,OP_CONSTANT_PERTURB,a5134c25121efa69cfb90c108fec0b0ce84331b23c514f7e481267eedc607031,0d2574223a8a865d071b690248fa9df1de8794ccc0b929897d616b6b804b3db4,0d2574223a8a865d071b690248fa9df1de8794ccc0b929897d616b6b804b3db4,YES,1,40,41,YES,PASSED
pair_math500_366,math500_366,OP_SIGN_FLIP,526d51286578fe5afc3740aa476d4a5935c928b781aeef1d64efe03a16bf6a54,5604d4e7f36746c333428cf430be145953e6f75cc42ee6224bbb676f9ddb5afe,5604d4e7f36746c333428cf430be145953e6f75cc42ee6224bbb676f9ddb5afe,YES,1,57,58,YES,PASSED
pair_math500_367,math500_367,OP_SIGN_FLIP,bfb8a030e5e27a5dfca4793e7789f41375b775d11709dd7c8e0e4030038827de,3715e19fd4ac90882d905b71ad2ab7a16cac9057a48c4675a512e6dab81fb899,3715e19fd4ac90882d905b71ad2ab7a16cac9057a48c4675a512e6dab81fb899,YES,1,30,31,YES,PASSED
pair_math500_368,math500_368,OP_SIGN_FLIP,d9accd5c65aeede6384d0c1f5f0cb7b2c2a7d2f78eff32fcdad83025e07729f8,8420326d83d73b2b539bf3995e3927b9e157f9dd5935f6d0667e0e4b26a2d770,8420326d83d73b2b539bf3995e3927b9e157f9dd5935f6d0667e0e4b26a2d770,YES,1,13,14,YES,PASSED
pair_math500_369,math500_369,OP_FRACTION_FLIP,9b3a28444726e6350b2d0fd7e66e554ff71e81a8a01b6edb4fe976936216a32c,c1c68ef9e9f7c46b8734d18b9386a3b32d8c535ca1824ecfd699b4e3436af8f1,c1c68ef9e9f7c46b8734d18b9386a3b32d8c535ca1824ecfd699b4e3436af8f1,YES,1,113,117,YES,PASSED
pair_math500_370,math500_370,OP_SIGN_FLIP,ea5a9f5c64d8aec169d00013139d251938b66915d29377af64e776171d73cc58,a1a08c6897c81fc8aac1ca820cd3d92a49d751b034a4a36195f94026d6c6b472,a1a08c6897c81fc8aac1ca820cd3d92a49d751b034a4a36195f94026d6c6b472,YES,1,36,37,YES,PASSED
pair_math500_371,math500_371,OP_CONSTANT_PERTURB,703cfd8a0ca7dd1a86d263359da346f2f290b6b3a9e2fde995ae9eb9935b9734,2a98efa27ab898fa7f717b64cf1b4a78a1fbf7648b53985bbcffdb477bb0f2e6,2a98efa27ab898fa7f717b64cf1b4a78a1fbf7648b53985bbcffdb477bb0f2e6,YES,1,13,14,YES,PASSED
pair_math500_372,math500_372,OP_CONSTANT_PERTURB,0a2f67e88ba259f75dd64cce96b60c141c10f5d700adf1c15e6d8dcdb3010987,0726b6a8e48f9a6ba38752dfd177f5b1dc593d9f7827629c0094366434825f45,0726b6a8e48f9a6ba38752dfd177f5b1dc593d9f7827629c0094366434825f45,YES,1,21,22,YES,PASSED
pair_math500_373,math500_373,OP_SIGN_FLIP,49ea02371834af0179308c27ed4273b8cb539d39121ed101cd9949d150744cb0,b1312c6a3b4eb6d9d26f63d2d8ab049df7db99500ed461d3d4fc544c1fcf4cb9,b1312c6a3b4eb6d9d26f63d2d8ab049df7db99500ed461d3d4fc544c1fcf4cb9,YES,1,33,34,YES,PASSED
pair_math500_374,math500_374,OP_CONSTANT_PERTURB,a69137d3724cde968a32032253681e910498a9a3353c0efed8ef67a7a8273c5f,33c909c81f9384ce9cc9660ca1a88a86b4398fba4f5ebe11c4942b9949f91188,33c909c81f9384ce9cc9660ca1a88a86b4398fba4f5ebe11c4942b9949f91188,YES,1,29,30,YES,PASSED
pair_math500_375,math500_375,OP_CONSTANT_PERTURB,dcd9c825a277a5790d45c769a507c400447bc5aa15c15793dd2938b1a1110b10,13b1a515a09673c17cc7750f9663c83fb72469a373df1a44e9cde92baf76a282,13b1a515a09673c17cc7750f9663c83fb72469a373df1a44e9cde92baf76a282,YES,1,30,31,YES,PASSED
pair_math500_376,math500_376,OP_FRACTION_FLIP,eaf9739796984b9f5d0de6c03b842c385f20a3fe2b59e9385e58482001beca97,e3a3b621c65f51d0ecbe73d9ae4f9df5f614b69411330db8565032f5dca20e1c,e3a3b621c65f51d0ecbe73d9ae4f9df5f614b69411330db8565032f5dca20e1c,YES,1,92,99,YES,PASSED
pair_math500_377,math500_377,OP_CONSTANT_PERTURB,9fbe15247dc01a01d2cdba9deff6f7514edd126b947ced30a55c489d257ff8b4,740fe9645b8f02a55dfac965db835cd0cab710b3a2dbc4a332fbb2a4b8cea958,740fe9645b8f02a55dfac965db835cd0cab710b3a2dbc4a332fbb2a4b8cea958,YES,1,27,28,YES,PASSED
pair_math500_378,math500_378,OP_CONSTANT_PERTURB,274cb7c7aea74fc17de7f5da75a63510417b856d31ae6712bd93e51217dd5447,9cc08e32220ef1061853c1ea72c24b4f5c1b830fd91d3c6fec4fd72e0dc05b27,9cc08e32220ef1061853c1ea72c24b4f5c1b830fd91d3c6fec4fd72e0dc05b27,YES,1,62,63,YES,PASSED
pair_math500_379,math500_379,OP_CONSTANT_PERTURB,0d2a45c76fdfc12a6a3f522af9f32d626f21a6770d5eca9e9c620e256a4d415b,9cd5dfc1341a6093bbc86996627c31b4798bbff2548b91a95d34625c40a6fe7e,9cd5dfc1341a6093bbc86996627c31b4798bbff2548b91a95d34625c40a6fe7e,YES,1,72,73,YES,PASSED
pair_math500_380,math500_380,OP_SIGN_FLIP,42010ce84cc4c012c2ce0a651abb54f4cfc4ee63e1e29c11a95fd99a7f5f9912,1ccbe483da1e6c1c3ce981ada0e68c47d30e2ea9d1a1205fb7b5efdbf29f6e0d,1ccbe483da1e6c1c3ce981ada0e68c47d30e2ea9d1a1205fb7b5efdbf29f6e0d,YES,1,16,17,YES,PASSED
pair_math500_381,math500_381,OP_SIGN_FLIP,ed28696bb0705df9ecdc8f237e64859d72b40ac90b5b2015a870fa6509d95b7f,0a678debce25ac94b6021f7bb86a29283b1d1eb3b4e8020b07a453887617f98f,0a678debce25ac94b6021f7bb86a29283b1d1eb3b4e8020b07a453887617f98f,YES,1,122,123,YES,PASSED
pair_math500_382,math500_382,OP_SIGN_FLIP,ac3b74c3912c1e7849f36acb4dab2e0cbd7ff1759a30b06ef6ecc852b62b77d9,0b17ce5cea2a38b33f2441c9a641ad40d06e041963ab4fb7b04598d545aa70b2,0b17ce5cea2a38b33f2441c9a641ad40d06e041963ab4fb7b04598d545aa70b2,YES,1,36,37,YES,PASSED
pair_math500_383,math500_383,OP_SIGN_FLIP,1c2aa17ecdc5717a67048df4306b022c9e1bb6cfd3aa100c294aba2c7117f334,5c64eea0e9725bfc7c5867f9ebc6f9b635f1b2bc95d6f808e31243abdaebc259,5c64eea0e9725bfc7c5867f9ebc6f9b635f1b2bc95d6f808e31243abdaebc259,YES,1,2,3,YES,PASSED
pair_math500_384,math500_384,OP_SIGN_FLIP,25c623fbc85893e0bae2e35f124549b4c8b694d0a3bd485739d9d33478afeda6,3afdcee804f1a5e3935116f2cacef43553e36a08acc60136760406d905d41fbc,3afdcee804f1a5e3935116f2cacef43553e36a08acc60136760406d905d41fbc,YES,1,48,49,YES,PASSED
pair_math500_385,math500_385,OP_CONSTANT_PERTURB,412a1d337f5fc60e6a0bff4df7479288f43dd09bb28dafacf36bee408c6fb32b,5083ffe99829be6204949743acde5db4f2aed978d070c104d376614040f94a1c,5083ffe99829be6204949743acde5db4f2aed978d070c104d376614040f94a1c,YES,1,48,49,YES,PASSED
pair_math500_386,math500_386,OP_SIGN_FLIP,f4bc22e45e8a4c6b9afb96dd487254553cfde78eb37f35e752b899eb37ab86ea,4ed443a687aaf680e07295eed4a4fc7174c20f47770c1c2c91be3f451aab362b,4ed443a687aaf680e07295eed4a4fc7174c20f47770c1c2c91be3f451aab362b,YES,1,44,45,YES,PASSED
pair_math500_387,math500_387,OP_SIGN_FLIP,00f9eeb82c31ac9c56d97dc851dde609d25b83a1571fc4628a31139d99fbca45,14d3705650cd89d25d3a339ca61458b3d81550533a79a0182e86802097f16f29,14d3705650cd89d25d3a339ca61458b3d81550533a79a0182e86802097f16f29,YES,1,25,26,YES,PASSED
pair_math500_388,math500_388,OP_FRACTION_FLIP,6b01a68229558e216c468d6c40266e625115fa4896c55da794a3c1002f956f1a,2709c482c0dc49b02df1949710748318c0f597c6b8af2a9705b346a03baba321,2709c482c0dc49b02df1949710748318c0f597c6b8af2a9705b346a03baba321,YES,1,182,188,YES,PASSED
pair_math500_389,math500_389,OP_FRACTION_FLIP,a10bece6b32fda39e30af23b5d9cf380174333728ac01c98c4956430907edecd,323c0da9d283616d9ea356d0a40c26ceaca00be8242dde7c9c4aba2ca6d398f0,323c0da9d283616d9ea356d0a40c26ceaca00be8242dde7c9c4aba2ca6d398f0,YES,1,61,66,YES,PASSED
pair_math500_390,math500_390,OP_SIGN_FLIP,b5016694be1faef3d5358df8e4b86e9f7a65643b913e9c75e39b9273998e9815,1f9d0f1baeb3e4bcd7c3c8ac06c654f3dbbc61256537a067d046f14c35609910,1f9d0f1baeb3e4bcd7c3c8ac06c654f3dbbc61256537a067d046f14c35609910,YES,1,61,62,YES,PASSED
pair_math500_391,math500_391,OP_SIGN_FLIP,c5b246011894c54c239038dde42443433fb610e47d79c1ddca063ccc19f7d0c8,7d88a425dfcad80f741b4b65f296c5f0fb30a28f0b9afbc73733fd69a848f198,7d88a425dfcad80f741b4b65f296c5f0fb30a28f0b9afbc73733fd69a848f198,YES,1,15,16,YES,PASSED
pair_math500_392,math500_392,OP_SIGN_FLIP,94c65a1a47ebb182ba2410af77b6f4a430f5d82022ae481a3406d02da47e72ce,d3a5cafad8638ebdfc755a31c9ac22b724e73c25a488b84d819bd88489c81b91,d3a5cafad8638ebdfc755a31c9ac22b724e73c25a488b84d819bd88489c81b91,YES,1,256,257,YES,PASSED
pair_math500_393,math500_393,OP_FRACTION_FLIP,13ccf7723bd0f7f39202ea9507200e208df8f939b706061cee04a81587b95ead,ca9907a2b4a951d5092d18d41e8c8a97bc563793c0162ab3da213c5f52777b4f,ca9907a2b4a951d5092d18d41e8c8a97bc563793c0162ab3da213c5f52777b4f,YES,1,166,172,YES,PASSED
pair_math500_394,math500_394,OP_SIGN_FLIP,88d226e8cd23268674dfc24dcaa8c13190d26da8e95efdf44035195db11fb938,26928b3af2558509b3ca6183d42dc54b12a4657357062010527815d10c9d2402,26928b3af2558509b3ca6183d42dc54b12a4657357062010527815d10c9d2402,YES,1,53,54,YES,PASSED
pair_math500_395,math500_395,OP_CONSTANT_PERTURB,179da1828c4273b655289cfe8ae485b0547a5aa6e248e23e0de6c4c478bfece6,55c00fb8b6a3aba3b333cfa37884a8e0f40bf45d658e3ac07b35c528de1815b4,55c00fb8b6a3aba3b333cfa37884a8e0f40bf45d658e3ac07b35c528de1815b4,YES,1,13,14,YES,PASSED
pair_math500_396,math500_396,OP_CONSTANT_PERTURB,e38ac158fcc6985eb1e98e6938c7e40db9bee28a03362f45085f14a5a2f856ce,1b1f540a6a9fd10968bca14a56718863b692609aed427424a26b75ca982d14ac,1b1f540a6a9fd10968bca14a56718863b692609aed427424a26b75ca982d14ac,YES,1,24,25,YES,PASSED
pair_math500_397,math500_397,OP_SIGN_FLIP,eb23bafb79f1dbc951c9f757cb05ac152d76bcb440e128b6f488f0164a7c1992,a1dc3e4d509b781d17dce425cd8df45546fb487b5fa3279aebeed06d07ffddd1,a1dc3e4d509b781d17dce425cd8df45546fb487b5fa3279aebeed06d07ffddd1,YES,1,84,85,YES,PASSED
pair_math500_398,math500_398,OP_CONSTANT_PERTURB,bbc849610549fd5a5e906866760de66d97643fa6f7b54ca9384eef5576d1903d,fdbfeb8b2806447141b43f0e75f560a9aec43b0b328503ef6d3c6d57e675ac3d,fdbfeb8b2806447141b43f0e75f560a9aec43b0b328503ef6d3c6d57e675ac3d,YES,1,27,28,YES,PASSED
pair_math500_399,math500_399,OP_SIGN_FLIP,dc21faa1f4cf540a8bfaa1deb90722e173f7fa82662641609df20a0f71320adf,e071ef6376c4b195e0e7c60e82b30828ec0c7070f89b8e35a9cd748177df7a7b,e071ef6376c4b195e0e7c60e82b30828ec0c7070f89b8e35a9cd748177df7a7b,YES,1,76,77,YES,PASSED
pair_math500_400,math500_400,OP_SIGN_FLIP,ec6c191e666bfc495d5d15cf97d194fd254458b6ac617f57e3c94425a3751e6b,c6da2985b123b977ccf20f7e0ac8ff7a299b9615d2923c24df2e396c6565f444,c6da2985b123b977ccf20f7e0ac8ff7a299b9615d2923c24df2e396c6565f444,YES,1,14,15,YES,PASSED
pair_math500_401,math500_401,OP_SIGN_FLIP,34a487570724119b596a0f4f048804bc018e6adb0ad7cfe43b3afdf76187a28b,c03702256e1eabc2520e4ddc99db68ea461a3a5a4a6962b251b7c96fcc1329fe,c03702256e1eabc2520e4ddc99db68ea461a3a5a4a6962b251b7c96fcc1329fe,YES,1,11,12,YES,PASSED
pair_math500_402,math500_402,OP_SIGN_FLIP,d4250922091e819705c6b351d4d78017d881b19c57ef3d0df58eb6ea74fc0e0d,a2638f75b8bec453737a325dbd365e66881e883d4ca843700abaec4861f966a9,a2638f75b8bec453737a325dbd365e66881e883d4ca843700abaec4861f966a9,YES,1,103,104,YES,PASSED
pair_math500_403,math500_403,OP_CONSTANT_PERTURB,dfdbc679fa4d249ae42409d13791d2dfaa78538327b785217e40ec3bf94d3049,5d66740b66c9635ab878f66558c3f2ffef6b1a69d0f9eb4d28f847aac5011d3b,5d66740b66c9635ab878f66558c3f2ffef6b1a69d0f9eb4d28f847aac5011d3b,YES,1,29,30,YES,PASSED
pair_math500_404,math500_404,OP_SIGN_FLIP,9abe79ddc670d04323d216e26c3e6547803d9169f5d48ba42dfd44f1e5178382,ace54b4fc6bc895eec29c89df195e8a42d0b66dbca3bbdfb1de3e3d7d48d1543,ace54b4fc6bc895eec29c89df195e8a42d0b66dbca3bbdfb1de3e3d7d48d1543,YES,1,52,53,YES,PASSED
pair_math500_405,math500_405,OP_CONSTANT_PERTURB,864b2c923aef13fe133ef5462ff3cc6e883e1648e504959e30419f0f70e698b5,aa5a16f4b0aaf3644544006146480bf78f75727080a4bb805e777e1efcefab73,aa5a16f4b0aaf3644544006146480bf78f75727080a4bb805e777e1efcefab73,YES,1,30,31,YES,PASSED
pair_math500_406,math500_406,OP_CONSTANT_PERTURB,948e81cde1aed39882f83ac4ac5baf1a1531e6d44690c1043da14d726aef6251,2e2af34d78bec226513cb067f71e3e1cd390f37ca0a3e9d9c2cf6c3f995ce9c8,2e2af34d78bec226513cb067f71e3e1cd390f37ca0a3e9d9c2cf6c3f995ce9c8,YES,1,28,29,YES,PASSED
pair_math500_407,math500_407,OP_FRACTION_FLIP,9a299300f7e2a924c020164816b17bf9e30d5cb1e367238ab06e969dc3d45b28,2f0a556d068655a48c1325a2a1ff16e1dffbde6c311bb405bd6180558b2c57fe,2f0a556d068655a48c1325a2a1ff16e1dffbde6c311bb405bd6180558b2c57fe,YES,1,19,23,YES,PASSED
pair_math500_408,math500_408,OP_CONSTANT_PERTURB,d3fad01059913d653b0d2d1673c0cb769abea0dda41bcdecc0d6b848711dc129,c48c0739a2199c5b6e12555f67ad141be525dfa8201208840c81d699b6f95e7f,c48c0739a2199c5b6e12555f67ad141be525dfa8201208840c81d699b6f95e7f,YES,1,18,19,YES,PASSED
pair_math500_409,math500_409,OP_CONSTANT_PERTURB,90671ee5d680d1c181c2b203c155765d4e69ef1bac66e0d24bde346194edbd13,f64a2a835484db167fbc7d8123be713af12071bcbca03cede22d56be6b975028,f64a2a835484db167fbc7d8123be713af12071bcbca03cede22d56be6b975028,YES,1,40,41,YES,PASSED
pair_math500_410,math500_410,OP_CONSTANT_PERTURB,d1f5e27071f68d1d5ebea276ec7ee8d997ee975f14276c5eb223696e3e60ad03,125ad2271e5658b0d1e642c765344656749b197f36a60ea8aea25ff3dab07e36,125ad2271e5658b0d1e642c765344656749b197f36a60ea8aea25ff3dab07e36,YES,1,37,38,YES,PASSED
pair_math500_411,math500_411,OP_CONSTANT_PERTURB,4e52fb19421516e4ed11626b1744ea0d14fdadb715a51338a6ed1affc8c3548b,3ebf8b512fa25f0d6504fb0b15ffd185e73bda3fbc433e90dd85bd836988b13c,3ebf8b512fa25f0d6504fb0b15ffd185e73bda3fbc433e90dd85bd836988b13c,YES,1,58,59,YES,PASSED
pair_math500_413,math500_413,OP_FRACTION_FLIP,0ca5a240ede6a0765ad4043460a834da4d99e8a8b0126c96a86f2ad5fc8e1239,d3263ef3752e0d34b131e9e8da3195156d6955e5c4f192d1d360ca81a0bba11a,d3263ef3752e0d34b131e9e8da3195156d6955e5c4f192d1d360ca81a0bba11a,YES,1,8,27,YES,PASSED
pair_math500_414,math500_414,OP_SIGN_FLIP,91792a3464d13044db813e38a293f9d01f2044a386c41602a2cef4391551c56c,4bc540d43770cc592dc2c48898bf8c004bc701ae90a17372f8612266e72aba1e,4bc540d43770cc592dc2c48898bf8c004bc701ae90a17372f8612266e72aba1e,YES,1,407,408,YES,PASSED
pair_math500_416,math500_416,OP_FRACTION_FLIP,8ac5704619ba9a38b6d88b4becc413ba34597f8b8577485765a4bd780d845512,930151f7ef6dcf747c4412a72ccc18860333998b30f85e183c97034f1ecbad99,930151f7ef6dcf747c4412a72ccc18860333998b30f85e183c97034f1ecbad99,YES,1,357,417,YES,PASSED
pair_math500_417,math500_417,OP_CONSTANT_PERTURB,8441f009cbf2be16447554bbd77623d94baeef2542ff70090a6c7bd9bda98004,0bc6fd9fbce88dd5ac7e6e08e91bc0e38cb3eada4590c22ca79116d4e19e3dc8,0bc6fd9fbce88dd5ac7e6e08e91bc0e38cb3eada4590c22ca79116d4e19e3dc8,YES,1,68,69,YES,PASSED
pair_math500_418,math500_418,OP_CONSTANT_PERTURB,6cecd17c4f0830876291289c509cb0a6e8f1cb11266e390bd2baadc85d6ce00e,41b753e786716bd361f19f3c9a1bb0d69abe9707468b3eabe05ec05d9c9cc14a,41b753e786716bd361f19f3c9a1bb0d69abe9707468b3eabe05ec05d9c9cc14a,YES,1,35,36,YES,PASSED
pair_math500_419,math500_419,OP_SIGN_FLIP,0e02b971a2adf7016d8fe1a20f7f0ceccfc508c7ee3e08d69a65a192b147e048,c8aa8200338ac8a9847659f00a8fd8df27c7ac09b0591c54b3b4dff1fc5d060d,c8aa8200338ac8a9847659f00a8fd8df27c7ac09b0591c54b3b4dff1fc5d060d,YES,1,28,29,YES,PASSED
pair_math500_420,math500_420,OP_FRACTION_FLIP,8adc19985e9cf0db2748fb6ed6618e1b02157e6d73acac90def71613c4d93016,2cdb87c0295e9dced375753f9758d07dce770e0350764fd05948632556ea2136,2cdb87c0295e9dced375753f9758d07dce770e0350764fd05948632556ea2136,YES,1,85,103,YES,PASSED
pair_math500_421,math500_421,OP_SIGN_FLIP,434a7f5d5adfc52eaf025eee72d7ca9c4e800df75d2f88d76ea3fd18190eb00a,0d6b85c98a3745e38f865c65edeec37be761b76fd1861ee2dc8118c097d7742c,0d6b85c98a3745e38f865c65edeec37be761b76fd1861ee2dc8118c097d7742c,YES,1,29,30,YES,PASSED
pair_math500_422,math500_422,OP_SIGN_FLIP,255ed412ee1e9921e946e181ff3ec21dfba1d854b9d15aa3e353ebfe97f3ae4f,0909f94dce782bd8ebb7a055220bbef775987dda41efd61abe6dfd0d120a176c,0909f94dce782bd8ebb7a055220bbef775987dda41efd61abe6dfd0d120a176c,YES,1,63,64,YES,PASSED
pair_math500_423,math500_423,OP_CONSTANT_PERTURB,32b1770c69d0a7bcd94ca6af9cd432f95ed0cf9e3b23be12450358b80bf6e9f2,852743a0378a317cfc3a5b7023ee18aa9c81e55a03cfdf1efa3a08b4ad2b2575,852743a0378a317cfc3a5b7023ee18aa9c81e55a03cfdf1efa3a08b4ad2b2575,YES,1,25,26,YES,PASSED
pair_math500_425,math500_425,OP_SIGN_FLIP,7ecb71076fce2bfaebf6bd9b9c272a0b0e8840daa61e617b05939b40abf043ac,fb948530344606840ba9b9413993c22e86aada399f6ae2a62f61d9707cc82375,fb948530344606840ba9b9413993c22e86aada399f6ae2a62f61d9707cc82375,YES,1,48,49,YES,PASSED
pair_math500_426,math500_426,OP_CONSTANT_PERTURB,0dcce0277b6f085733b6f9ee832f5898b57cfe08cb8c437e70570109db8549a0,ecadccaeba1e1388962d384a41b6ea88e08ebc71917f89dc8661c88b6f20aadb,ecadccaeba1e1388962d384a41b6ea88e08ebc71917f89dc8661c88b6f20aadb,YES,1,135,136,YES,PASSED
pair_math500_427,math500_427,OP_SIGN_FLIP,2cf3ec4af063f3603d7d5acbb9448cc570773f7a2df79e9c2eba1a276623bc76,0178661d42e5507fe3b0ffb713a6317f4c6da46f78b6411840dcd4f4a58e04d2,0178661d42e5507fe3b0ffb713a6317f4c6da46f78b6411840dcd4f4a58e04d2,YES,1,99,100,YES,PASSED
pair_math500_428,math500_428,OP_FRACTION_FLIP,b8cf9abedd8f69f7158a7db1116cb42c06d1b6ac47a893bd06a5e9bf4e87ca14,85f74fbf5b61afb79f4d68063f61b3d6cbfa65a90fa77401d9d79c5cc34b658c,85f74fbf5b61afb79f4d68063f61b3d6cbfa65a90fa77401d9d79c5cc34b658c,YES,1,31,35,YES,PASSED
pair_math500_429,math500_429,OP_SIGN_FLIP,6e7a0f3f720c3f1a393c51f8d2a69eab4cc767810a076265c0c155227b79d38d,f4a9f51ffff73ad3da01c7adfa8baa21b5f441bfe37e14acf1b697e613293c32,f4a9f51ffff73ad3da01c7adfa8baa21b5f441bfe37e14acf1b697e613293c32,YES,1,6,7,YES,PASSED
pair_math500_430,math500_430,OP_FRACTION_FLIP,7c01d9ce68a390a42eccc4c89e5d0c56915ca4d46f4828f5f9111d9fb09d3ac9,a50dcd699d714175177d23d28b2cc8c4d46fd9d08ad9f12d0fd57cc1051e029a,a50dcd699d714175177d23d28b2cc8c4d46fd9d08ad9f12d0fd57cc1051e029a,YES,1,83,89,YES,PASSED
pair_math500_432,math500_432,OP_CONSTANT_PERTURB,6554bf5bcac970daee54711688d8343807ec4b012f8286b5980d3a610063fc05,84e7e2a4aaaeeeb1ff807104d5976c2dba0c7ee2906ac12cef3d8cceffc3800f,84e7e2a4aaaeeeb1ff807104d5976c2dba0c7ee2906ac12cef3d8cceffc3800f,YES,1,43,44,YES,PASSED
pair_math500_433,math500_433,OP_FRACTION_FLIP,aa2718e4eff42f64802a83c309f67d828008bb6a8ff90ab5359915a38f2c83f7,86298d5e918352e7203548ac6271ea08c61d905b41a4a04ad99b3d979d199d68,86298d5e918352e7203548ac6271ea08c61d905b41a4a04ad99b3d979d199d68,YES,1,56,63,YES,PASSED
pair_math500_434,math500_434,OP_CONSTANT_PERTURB,bd308697bfa90b6e4567dc0ec580f3a3aa38297dcef9a8c10ece7cb8ba4442fc,f71cba33b5e47080078dfbce63ad2501017dcdf79160ecfe332ad814d5c39532,f71cba33b5e47080078dfbce63ad2501017dcdf79160ecfe332ad814d5c39532,YES,1,71,72,YES,PASSED
pair_math500_435,math500_435,OP_SIGN_FLIP,29090da166a6622e24f59bc56ac65f1c01a1f86e2d2ac1442d51d3a0a3f9683b,cf14b4c15cdbadec700c273c498b7143bfc5b798e3284fc223eb2d03d412ad10,cf14b4c15cdbadec700c273c498b7143bfc5b798e3284fc223eb2d03d412ad10,YES,1,100,101,YES,PASSED
pair_math500_436,math500_436,OP_FRACTION_FLIP,00dd9e2d361fcb8f2cc516c2791eb8d25da7fefc7205f7164d1edb5f085ad94b,77d089ef91974bd8babbf9e3a80774931957955178ef4529f355881f85bead9b,77d089ef91974bd8babbf9e3a80774931957955178ef4529f355881f85bead9b,YES,1,44,53,YES,PASSED
pair_math500_437,math500_437,OP_SIGN_FLIP,fd6f6d38483c550c298ee0a3fa0e8ff22c6cfda9d67b22f2042e62c51d9653bb,58078d5a6b53bb62847715189b76a67be93c7edc496607428c8ff9ac63941858,58078d5a6b53bb62847715189b76a67be93c7edc496607428c8ff9ac63941858,YES,1,49,50,YES,PASSED
pair_math500_438,math500_438,OP_FRACTION_FLIP,c1b8c6f67e2ae77b5f84092ac8e8552229153fc84258539eae5b96c1f381caa6,94b4b6d3380bbfd26e0df4dc9beb77ab21cf4b55f67cdc580ae06f0c2e7510ba,94b4b6d3380bbfd26e0df4dc9beb77ab21cf4b55f67cdc580ae06f0c2e7510ba,YES,1,22,30,YES,PASSED
pair_math500_439,math500_439,OP_FRACTION_FLIP,cae1ca6acbca031ebff8953d8fa62ff7c892bb60aa75a6a338457586d9ae9a09,b0a5ed8d923ea2c1f1a5c729762471a1e3e86a77c7a957298165418e0c989295,b0a5ed8d923ea2c1f1a5c729762471a1e3e86a77c7a957298165418e0c989295,YES,1,40,51,YES,PASSED
pair_math500_440,math500_440,OP_SIGN_FLIP,71b4ae7f88326d1924a327eb3f864026e12c78585f085bc64a52686448bb63e6,9feaa2990d171eb3e2ebd3b8811fbf18b28d8aa6a9626e9ed401e94df30eb581,9feaa2990d171eb3e2ebd3b8811fbf18b28d8aa6a9626e9ed401e94df30eb581,YES,1,69,70,YES,PASSED
pair_math500_441,math500_441,OP_CONSTANT_PERTURB,6f452e7e09fa35ad592fabe2b7477aa02ea017a324fe8edff43b5cff85d009e6,4d50aba4894372a8e8c018ff0edf76993d921602159a66416b12fdedd7515e41,4d50aba4894372a8e8c018ff0edf76993d921602159a66416b12fdedd7515e41,YES,1,16,17,YES,PASSED
pair_math500_442,math500_442,OP_CONSTANT_PERTURB,2830e7092fa61c1d81128001a26596e3ebe3524da0d42c163acba49e1b1c7430,4b136baaa69a8cdd3d3bec3307b618386850052f37325bd8ab27b720bf93c1fa,4b136baaa69a8cdd3d3bec3307b618386850052f37325bd8ab27b720bf93c1fa,YES,1,16,17,YES,PASSED
pair_math500_443,math500_443,OP_SIGN_FLIP,ac7998b60aaeb35e674994a22ad70aa8bd8fafaadefc5b0de502f84187d97c7d,f5e2ee8885fedeb997ae88ab47b1349ece41cfe45ddabde40b0e00f1be2fb2e2,f5e2ee8885fedeb997ae88ab47b1349ece41cfe45ddabde40b0e00f1be2fb2e2,YES,1,77,78,YES,PASSED
pair_math500_444,math500_444,OP_CONSTANT_PERTURB,7d6601195334834a1a8f37ddc8ceed13db1f56629eed20429deb58e800ef721c,051f5de7bffea880974e2cba30c6ecc4caa85adc6c0d12d0344b0cd1f910eef6,051f5de7bffea880974e2cba30c6ecc4caa85adc6c0d12d0344b0cd1f910eef6,YES,1,11,12,YES,PASSED
pair_math500_445,math500_445,OP_SIGN_FLIP,c4ec52609172af64d0db66306802363c44325623d099f9c599de57411baae4de,86d12a00fff706db1de2902d337d8b34863956c957dac6c65a448cdad5fbaba5,86d12a00fff706db1de2902d337d8b34863956c957dac6c65a448cdad5fbaba5,YES,1,46,47,YES,PASSED
pair_math500_447,math500_447,OP_CONSTANT_PERTURB,c3555cb42310dafa607e7cbc17af14de04b228ab9149827c31c8afc4b2cf5530,edc3f272c6329d07d065c124e490b9e7c32139ba90258b8707e842e7d1208251,edc3f272c6329d07d065c124e490b9e7c32139ba90258b8707e842e7d1208251,YES,1,76,77,YES,PASSED
pair_math500_448,math500_448,OP_CONSTANT_PERTURB,1b91791b9be7f9d4e0cf31f990df175a019bf9bc2c4c9df62bc50dc534e49561,0102d19b2dc6651bf57ca11daa9696284a17c018071c29f8707575271c68f61b,0102d19b2dc6651bf57ca11daa9696284a17c018071c29f8707575271c68f61b,YES,1,30,31,YES,PASSED
pair_math500_449,math500_449,OP_SIGN_FLIP,0bc7552a36032a83447ddf6ae426b35791051d0517203eee5a7406a5d7b5fb61,141ef5514643b68c5cb42fdef0b5a27ecd26ba6124e590b8d1466619b194c627,141ef5514643b68c5cb42fdef0b5a27ecd26ba6124e590b8d1466619b194c627,YES,1,56,57,YES,PASSED
pair_math500_450,math500_450,OP_CONSTANT_PERTURB,10912d1bd0a350005cb2a37f4d146316d29279878595a26988d08c9f94d7bdcd,3cd748acf06bd47d79326473906a5f7c0220be3108d93dde5a1631f7f721309d,3cd748acf06bd47d79326473906a5f7c0220be3108d93dde5a1631f7f721309d,YES,1,12,13,YES,PASSED
pair_math500_451,math500_451,OP_FRACTION_FLIP,71510b58159c137d93b668bb62bebd3fecd52f3169d4dc1e87e4023a468d8694,f44f946b564bec4ca4b6ba053d4a82883995ded5baf34f6285897a419ae9d3ac,f44f946b564bec4ca4b6ba053d4a82883995ded5baf34f6285897a419ae9d3ac,YES,1,76,84,YES,PASSED
pair_math500_452,math500_452,OP_SIGN_FLIP,65b3e8c13409bc39714914ceb35f2ec4a19a676c4af73b709ff64bbd7f6b2a78,b7de625afa5ef515b64b9e8f15880828675d1884809e702fba2cef87ac37aced,b7de625afa5ef515b64b9e8f15880828675d1884809e702fba2cef87ac37aced,YES,1,48,49,YES,PASSED
pair_math500_453,math500_453,OP_FRACTION_FLIP,e04ea3d2a58f67c0ce83f88db5ecd70f9fac3c03260c87bdc680a35fe8e0473b,7af69227c80db90258f83e2161a7b4805314a2077387fa9d3d2d1b2b8877c5ca,7af69227c80db90258f83e2161a7b4805314a2077387fa9d3d2d1b2b8877c5ca,YES,1,25,34,YES,PASSED
pair_math500_454,math500_454,OP_SIGN_FLIP,142a43d42d9122f22b92406f1d3d453d3fcc5bb154524f1179fa0fd8e7bf9206,fabc332617c57e3dca0606a789d379a3728b5a1384c4529d2e154ec1cea442f2,fabc332617c57e3dca0606a789d379a3728b5a1384c4529d2e154ec1cea442f2,YES,1,46,47,YES,PASSED
pair_math500_455,math500_455,OP_CONSTANT_PERTURB,37c35ea36dc1e8a161d5b97fcfd9910dde2fe3ba7593f46915e2d8db3432b47a,f3e6ba9e69427030a2b8627ec1f5f056e14a709f54070dbec9ab2656676642ae,f3e6ba9e69427030a2b8627ec1f5f056e14a709f54070dbec9ab2656676642ae,YES,1,14,15,YES,PASSED
pair_math500_456,math500_456,OP_SIGN_FLIP,4c9b825eb339e023b4b2c89aca2a7c4c4b456cb0c591815b0a08b50da7fc8526,3ad2727c36f05a258452e08ef5e17f54d2564b6498751228f93b9ff33e09bf32,3ad2727c36f05a258452e08ef5e17f54d2564b6498751228f93b9ff33e09bf32,YES,1,125,126,YES,PASSED
pair_math500_457,math500_457,OP_SIGN_FLIP,9dc5e2522ffa8ad9172fc78c47be09b29d639005d7e35075681e70e0c0fce29c,62855db688c480f924a81f6fc9876305ab7a510e71ec9c6c8c0d06f7f547a612,62855db688c480f924a81f6fc9876305ab7a510e71ec9c6c8c0d06f7f547a612,YES,1,16,17,YES,PASSED
pair_math500_458,math500_458,OP_CONSTANT_PERTURB,7fcfe111ca58949f246f9322430f91e6f8d77d671a860dee58a73f950c3925c6,8b22d6f4a8a958ee66064ffffc7f816d1e6708a5390e369921bd56d3f837aca6,8b22d6f4a8a958ee66064ffffc7f816d1e6708a5390e369921bd56d3f837aca6,YES,1,47,48,YES,PASSED
pair_math500_459,math500_459,OP_SIGN_FLIP,8c57539c6d65e552698f515d51580b4121c827a07026ac66b5316e358b1205a2,7b7d31b924cedb939aed4b17fa35aac18c83c08c37a8575e97df59aa3f263162,7b7d31b924cedb939aed4b17fa35aac18c83c08c37a8575e97df59aa3f263162,YES,1,107,108,YES,PASSED
pair_math500_460,math500_460,OP_SIGN_FLIP,591a1abce50630ab80dd6e60a4cdfb809873a6228dace8327be0954ec21fccac,4de417bb7c59f50e394b0d24339cec79b724ed43a210cfce8a5ee19631800652,4de417bb7c59f50e394b0d24339cec79b724ed43a210cfce8a5ee19631800652,YES,1,52,53,YES,PASSED
pair_math500_461,math500_461,OP_FRACTION_FLIP,aaf5431499d6b14ead60473d584bd5427906b3386183909bbf6abb4ad1e0741a,355fdec4766786b8cebc774a09e9a0e8ba10981eece606f66c6a4d190d53f9a3,355fdec4766786b8cebc774a09e9a0e8ba10981eece606f66c6a4d190d53f9a3,YES,1,34,40,YES,PASSED
pair_math500_462,math500_462,OP_CONSTANT_PERTURB,318be1e6d830893aff4ebf729bf6d424868e3f9c820a7bfa6f448c71b3949083,cf287e36924d2f2d32e7895ba2d7e2cc68f05dfd4fbc40668af022a5fb4cc90a,cf287e36924d2f2d32e7895ba2d7e2cc68f05dfd4fbc40668af022a5fb4cc90a,YES,1,66,67,YES,PASSED
pair_math500_463,math500_463,OP_SIGN_FLIP,9123f29ca76456dea96a92f619622a12779ac8cff9038e4ab52c2024d4de9eee,768c7bb11d5259e49c8441c4a65e93a1caa64a9624e0877f5f63339666e2e596,768c7bb11d5259e49c8441c4a65e93a1caa64a9624e0877f5f63339666e2e596,YES,1,64,65,YES,PASSED
pair_math500_464,math500_464,OP_SIGN_FLIP,0a6be292790a5b19efe17be51b2afa38f96bb00e4f4c8995754e1eb299165913,7bbec6d0d9adbe68b8bb467857e2ebb75eb5982099329daab8416a989db2e2f1,7bbec6d0d9adbe68b8bb467857e2ebb75eb5982099329daab8416a989db2e2f1,YES,1,103,104,YES,PASSED
pair_math500_465,math500_465,OP_CONSTANT_PERTURB,a7d75d6b9d869e59bbb735dc29aca23d906b21a4c293e823bc06b5222018c8e8,def3a85f44050d10345f8d5ec7837dc25816b18ea83a8e3263558bcbc567ac59,def3a85f44050d10345f8d5ec7837dc25816b18ea83a8e3263558bcbc567ac59,YES,1,126,127,YES,PASSED
pair_math500_466,math500_466,OP_FRACTION_FLIP,a2ceb7ab5c61fb79ed668d99cda7c88881d1c92037290f8a5cf7ac150f3801ed,24f5ceb927d7586b0ea6f2d51a72ada6b342cb5d0e266416f8073dadfcb00ff6,24f5ceb927d7586b0ea6f2d51a72ada6b342cb5d0e266416f8073dadfcb00ff6,YES,1,9,18,YES,PASSED
pair_math500_467,math500_467,OP_FRACTION_FLIP,d41ff5a8018779fe82fb37f97508c6a207f4ab4ed45f038dfdf8d70e7f192384,bb9bb79e58deace0495895293b548bbeb8f9a01d84c230eeeff154df88cc6df0,bb9bb79e58deace0495895293b548bbeb8f9a01d84c230eeeff154df88cc6df0,YES,1,399,403,YES,PASSED
pair_math500_468,math500_468,OP_FRACTION_FLIP,4cc446b1d28bee3c6a874e7c06e81b9d5ced83484a7d6484154eb284e4648210,517b7a2f705d377d690f1646da1a503c7e7d304f5743e8c4b88de38511dcf15f,517b7a2f705d377d690f1646da1a503c7e7d304f5743e8c4b88de38511dcf15f,YES,1,31,35,YES,PASSED
pair_math500_469,math500_469,OP_CONSTANT_PERTURB,d347ed0fb76c1bd9cc7b074cf646217397865a512526bce18163820622973fdd,773d4f334634f7b05f539df6f6f6b0ba067a413782d4f38c00f56bfe73fb392e,773d4f334634f7b05f539df6f6f6b0ba067a413782d4f38c00f56bfe73fb392e,YES,1,14,15,YES,PASSED
pair_math500_470,math500_470,OP_FRACTION_FLIP,1c5a93fd87d1c79cac5a49d1fc11aa8afb6b9ed3533856de3de51912d18f57a3,10032fe5a51403b3fe727209c1b029c605acc2b95488865e11d58e1b555599d1,10032fe5a51403b3fe727209c1b029c605acc2b95488865e11d58e1b555599d1,YES,1,52,56,YES,PASSED
pair_math500_471,math500_471,OP_FRACTION_FLIP,60aca5c576f66ec2314d4bd7896b7247d1c1c60fc74c67eba7c078596c337e0c,b28d371d0e912aa3ab32a65775f6d5fd49a30f2c7772eb139dae2d065f66e5ec,b28d371d0e912aa3ab32a65775f6d5fd49a30f2c7772eb139dae2d065f66e5ec,YES,1,151,158,YES,PASSED
pair_math500_472,math500_472,OP_CONSTANT_PERTURB,10b7ad57dabdc55a34544208c374f725caa20e85adb54e626037b01017903a90,9c5cc03c256e75afad714dac3f7d3d70e3be8e4ce1392c3a7c5f0399c96be6ec,9c5cc03c256e75afad714dac3f7d3d70e3be8e4ce1392c3a7c5f0399c96be6ec,YES,1,35,36,YES,PASSED
pair_math500_473,math500_473,OP_SIGN_FLIP,df4dbd2fe64a6b5f8521baf34f94bd0e54a53100ccab43e41f31235be3d8995b,09ff435918a9ef61c811481160cf07cbae3da3e3ec9a88af525149d7962252b4,09ff435918a9ef61c811481160cf07cbae3da3e3ec9a88af525149d7962252b4,YES,1,68,69,YES,PASSED
pair_math500_474,math500_474,OP_FRACTION_FLIP,97edd60159145ae82245770ff0cf5b4c515272d7f3175fbe4d63ca50ca7dca5b,34db08bebcf14a6cf1e19888e763b6a8c1bcf676f1e97346ad0ac41becf21210,34db08bebcf14a6cf1e19888e763b6a8c1bcf676f1e97346ad0ac41becf21210,YES,1,182,190,YES,PASSED
pair_math500_475,math500_475,OP_SIGN_FLIP,a4ccbf86b27a839d394bbddd3671626723186345bcb2246f709c84edfe17b8a1,e22e4edb4d8f7126a096b0b18cac29e5da666657ffb85ab8308467f5ba249cf3,e22e4edb4d8f7126a096b0b18cac29e5da666657ffb85ab8308467f5ba249cf3,YES,1,56,57,YES,PASSED
pair_math500_476,math500_476,OP_SIGN_FLIP,90a80cdc3b5c7c31491ac2e219a1a2efb8d117db4031a7cf74213fe4cda4633e,99a365a2903a8947a17b83f97f1cb9d499f992f9cb8e3a10f53733574325737d,99a365a2903a8947a17b83f97f1cb9d499f992f9cb8e3a10f53733574325737d,YES,1,41,42,YES,PASSED
pair_math500_477,math500_477,OP_SIGN_FLIP,b5a6a0254c1410fa4c794c5ff4dd4cfa47f51ff4c88ddc00b590b8d21141ea7b,743f699894c63786847f671ca352186d53969c482bea67205b07a55d54267f87,743f699894c63786847f671ca352186d53969c482bea67205b07a55d54267f87,YES,1,10,11,YES,PASSED
pair_math500_478,math500_478,OP_CONSTANT_PERTURB,f18793cceecaf6b53fa5c95aa6e119a836eb18d59e92bf9d32a9e3d32a368691,f1896d5ac9726f1fc6b2778f3e0d0e5a289a6957cd201b5e14a8453f575b3c61,f1896d5ac9726f1fc6b2778f3e0d0e5a289a6957cd201b5e14a8453f575b3c61,YES,1,11,12,YES,PASSED
pair_math500_479,math500_479,OP_CONSTANT_PERTURB,0bc86cc0d881aa3a5860517ac25c4a9c26ee2f443205ed02de4c8b9320f03027,347c1a81ee06e070074577aad199e6b05107682e4720568e94a4611a3a8599a1,347c1a81ee06e070074577aad199e6b05107682e4720568e94a4611a3a8599a1,YES,1,34,35,YES,PASSED
pair_math500_480,math500_480,OP_FRACTION_FLIP,4a83e6cf36e2c79cca1754e2a61b83055ef1b3a508845119990e785ff980fbe0,24660f8b284eac0fed410546c318aed1122f9c33b0b1bf5c1ecf1588450c5c3f,24660f8b284eac0fed410546c318aed1122f9c33b0b1bf5c1ecf1588450c5c3f,YES,1,35,47,YES,PASSED
pair_math500_481,math500_481,OP_FRACTION_FLIP,cbd811b10c532450144d06a16d99d8d08551533537668aac52eddcfcfd570c4b,d713dccf589b26d0f05030b796845d73330b7e924d90acc91246c4ba777daa96,d713dccf589b26d0f05030b796845d73330b7e924d90acc91246c4ba777daa96,YES,1,21,25,YES,PASSED
pair_math500_482,math500_482,OP_CONSTANT_PERTURB,cda31f09ec9f6fb324718ea2060ba1fde7b842a83ee997e39fd5a8a46587f28f,5f5f37817efac0fa44699a55feb0da77d2a35b975c15f89ae2c86fba7d92728a,5f5f37817efac0fa44699a55feb0da77d2a35b975c15f89ae2c86fba7d92728a,YES,1,12,14,YES,PASSED
pair_math500_483,math500_483,OP_FRACTION_FLIP,6ac98ebb90cb7eb1bc751c9771817c54205281b9acbc7c80271a10d725771509,2339c8be6954739ef3916efb4738422ef7fbce4423907244771ca753d4fb661a,2339c8be6954739ef3916efb4738422ef7fbce4423907244771ca753d4fb661a,YES,1,8,12,YES,PASSED
pair_math500_484,math500_484,OP_SIGN_FLIP,bbcc2371eefd3a4ad49a1cdec8847929dcb3a5e4d07a017ab6a25eeb9e3a7c47,ef84d5aa63a169576fe0bc88b5d8efc91b04835fc04c39e918282f3add228c43,ef84d5aa63a169576fe0bc88b5d8efc91b04835fc04c39e918282f3add228c43,YES,1,4,5,YES,PASSED
pair_math500_485,math500_485,OP_SIGN_FLIP,d2adbb2e04e3544bf99108c23985fb252064b304d0e8229116398d2534b1a623,cb2718ac8e274a5c38f12504ce12cb608a3959ca5c350e812ab616c5e00e65c0,cb2718ac8e274a5c38f12504ce12cb608a3959ca5c350e812ab616c5e00e65c0,YES,1,44,45,YES,PASSED
pair_math500_486,math500_486,OP_CONSTANT_PERTURB,15261a29832fa30877adb1fb83311b0aa19af256e4abcb36e5edf65bb0494554,398c6a686e46222a50aa7060b97caaca5efa4897bef7dbd2cf30ba1c88b73822,398c6a686e46222a50aa7060b97caaca5efa4897bef7dbd2cf30ba1c88b73822,YES,1,16,17,YES,PASSED
pair_math500_487,math500_487,OP_CONSTANT_PERTURB,e7c401eb00a5f7f73d35064990123241986762c8fe6f96906b5d4e08eea4f935,ba911615fdea7d48786147f94c212e267b8daad0d6655ebcca8f2beb2674ddb7,ba911615fdea7d48786147f94c212e267b8daad0d6655ebcca8f2beb2674ddb7,YES,1,78,79,YES,PASSED
pair_math500_488,math500_488,OP_CONSTANT_PERTURB,cb28183a1ae340eb9908d9e6ecf597818e712ceffb34f8573405123d62a3873b,d69aba2f7d574b7335f8f5952e8fa5eb3fea68a440bedff9ceeba8e5ac0c32ec,d69aba2f7d574b7335f8f5952e8fa5eb3fea68a440bedff9ceeba8e5ac0c32ec,YES,1,18,19,YES,PASSED
pair_math500_489,math500_489,OP_CONSTANT_PERTURB,a35d354f70707121d8872f9482cc9abc8728e2afecdf67007e893b5ac3ed1a19,5ba4c57ef966ed284637ee896653dc70f8f4e20068be26e54c0b9cabd5214d2b,5ba4c57ef966ed284637ee896653dc70f8f4e20068be26e54c0b9cabd5214d2b,YES,1,7,8,YES,PASSED
pair_math500_490,math500_490,OP_CONSTANT_PERTURB,16b2364b914b5914c1a77fdc51c39a0a98a52b807c15201f38f72cb997de0556,7279411db32c39f4830c14b0c00b07e9601aabc0beb051483c61a3f41e68d37d,7279411db32c39f4830c14b0c00b07e9601aabc0beb051483c61a3f41e68d37d,YES,1,138,139,YES,PASSED
pair_math500_491,math500_491,OP_CONSTANT_PERTURB,7706b83bbd4a1ec34731282fc7b1b7a2cb18a9d0fb11dcee3e26a49e05c0dc61,0f79c8a807d799177b81f557d12396c6fdeac39b936c014c0163754cc2e437ce,0f79c8a807d799177b81f557d12396c6fdeac39b936c014c0163754cc2e437ce,YES,1,10,11,YES,PASSED
pair_math500_493,math500_493,OP_SIGN_FLIP,27c8150a980f3e6c2e66606490b30136ab4eec04593daa63ef3a5e755309d7a0,533dcb145c089784b494d00dcba8e01b20c1ef87075c30f61dea8e55437ebc21,533dcb145c089784b494d00dcba8e01b20c1ef87075c30f61dea8e55437ebc21,YES,1,31,32,YES,PASSED
pair_math500_494,math500_494,OP_CONSTANT_PERTURB,38f0975dba9b917debf1b8dfb482e29801b23ef3b93d84dcd09d2668935b4e21,93569fb623465a595119b574388a1ca990108eb194bf5ffe2e9f5ae84e4a21ca,93569fb623465a595119b574388a1ca990108eb194bf5ffe2e9f5ae84e4a21ca,YES,1,15,16,YES,PASSED
pair_math500_495,math500_495,OP_SIGN_FLIP,a6bb677d18b75c7a307f809c0af561b5b27735f4248f42c7a5e82ba2181397d4,b641af1b5850d5498a7309f14345d89bbb0c420fa5ba986a3642eae2f1307ccd,b641af1b5850d5498a7309f14345d89bbb0c420fa5ba986a3642eae2f1307ccd,YES,1,42,43,YES,PASSED
pair_math500_496,math500_496,OP_SIGN_FLIP,455780230d5e292331283901cc495591e331bacedf1ef39dc0779b153e69cf2d,2b471ed9352a705b3b657c56ab1b2d7f1e51329b683725132e5c9575944f1a93,2b471ed9352a705b3b657c56ab1b2d7f1e51329b683725132e5c9575944f1a93,YES,1,36,37,YES,PASSED
pair_math500_497,math500_497,OP_CONSTANT_PERTURB,fbe6459303cf075adfd30533a7010d8f979cd845e1d7b4b9783ef1ae8b2d9605,056beb097a5a614b96c7ee08b3e8475bacf2ab2b9f99ef3f7060ec322595f9fd,056beb097a5a614b96c7ee08b3e8475bacf2ab2b9f99ef3f7060ec322595f9fd,YES,1,101,102,YES,PASSED
pair_math500_498,math500_498,OP_TERM_SWAP,78149d078e78926a69eed53be8b321038e91c6dbfc8eb5a1808d620ad9e86f79,3b0ac132b68271e44d0096e482232c882f5e310a843800038d165166cab091b3,3b0ac132b68271e44d0096e482232c882f5e310a843800038d165166cab091b3,YES,1,0,27,YES,PASSED
pair_math500_499,math500_499,OP_SIGN_FLIP,03e8763e8ecb23c6768de4da095f38e084d991fd28cc903b4a67480d2a7232be,b58a2092055678b9daf377ade346ca46c5847ba4f92a08ff05fc59c8563ab074,b58a2092055678b9daf377ade346ca46c5847ba4f92a08ff05fc59c8563ab074,YES,1,311,312,YES,PASSED
