problem_id,step_index,operation_type,eligible_operators,reason_eligible,reason_excluded
math500_001,0,ALGEBRAIC_SIMPLIFICATION,OP_CONSTANT_PERTURB|OP_FRACTION_FLIP,"Contains verifiable math expression eligible for OP_CONSTANT_PERTURB, OP_FRACTION_FLIP",N/A
math500_001,1,EQUATION_DERIVATION,OP_CONSTANT_PERTURB|OP_SIGN_FLIP|OP_TERM_SWAP|OP_FRACTION_FLIP,"Contains verifiable math expression eligible for OP_CONSTANT_PERTURB, OP_SIGN_FLIP, OP_TERM_SWAP, OP_FRACTION_FLIP",N/A
math500_001,2,EQUATION_DERIVATION,OP_CONSTANT_PERTURB|OP_SIGN_FLIP|OP_TERM_SWAP|OP_FRACTION_FLIP,"Contains verifiable math expression eligible for OP_CONSTANT_PERTURB, OP_SIGN_FLIP, OP_TERM_SWAP, OP_FRACTION_FLIP",N/A
math500_001,3,FINAL_ANSWER,NONE,N/A,Operation type FINAL_ANSWER does not contain deterministic numeric/algebraic target transition
math500_002,0,FINAL_ANSWER,NONE,N/A,Operation type FINAL_ANSWER does not contain deterministic numeric/algebraic target transition
math500_003,0,EQUATION_DERIVATION,OP_CONSTANT_PERTURB|OP_TERM_SWAP,"Contains verifiable math expression eligible for OP_CONSTANT_PERTURB, OP_TERM_SWAP",N/A
math500_003,1,CONCEPTUAL_PROSE,NONE,N/A,Operation type CONCEPTUAL_PROSE does not contain deterministic numeric/algebraic target transition
math500_003,2,CONCEPTUAL_PROSE,NONE,N/A,Operation type CONCEPTUAL_PROSE does not contain deterministic numeric/algebraic target transition
math500_003,3,CONCEPTUAL_PROSE,NONE,N/A,Operation type CONCEPTUAL_PROSE does not contain deterministic numeric/algebraic target transition
math500_003,4,EQUATION_DERIVATION,OP_CONSTANT_PERTURB|OP_TERM_SWAP,"Contains verifiable math expression eligible for OP_CONSTANT_PERTURB, OP_TERM_SWAP",N/A
math500_003,5,FINAL_ANSWER,NONE,N/A,Operation type FINAL_ANSWER does not contain deterministic numeric/algebraic target transition
math500_004,0,CONCEPTUAL_PROSE,NONE,N/A,Operation type CONCEPTUAL_PROSE does not contain deterministic numeric/algebraic target transition
math500_004,1,CONCEPTUAL_PROSE,NONE,N/A,Operation type CONCEPTUAL_PROSE does not contain deterministic numeric/algebraic target transition
math500_004,2,FINAL_ANSWER,NONE,N/A,Operation type FINAL_ANSWER does not contain deterministic numeric/algebraic target transition
math500_005,0,CONCEPTUAL_PROSE,NONE,N/A,Operation type CONCEPTUAL_PROSE does not contain deterministic numeric/algebraic target transition
math500_005,1,CONCEPTUAL_PROSE,NONE,N/A,Operation type CONCEPTUAL_PROSE does not contain deterministic numeric/algebraic target transition
math500_005,2,FINAL_ANSWER,NONE,N/A,Operation type FINAL_ANSWER does not contain deterministic numeric/algebraic target transition
math500_005,3,ALGEBRAIC_SIMPLIFICATION,OP_SIGN_FLIP,Contains verifiable math expression eligible for OP_SIGN_FLIP,N/A
math500_005,4,CONCEPTUAL_PROSE,NONE,N/A,Operation type CONCEPTUAL_PROSE does not contain deterministic numeric/algebraic target transition
math500_005,5,EQUATION_DERIVATION,OP_CONSTANT_PERTURB|OP_SIGN_FLIP|OP_TERM_SWAP,"Contains verifiable math expression eligible for OP_CONSTANT_PERTURB, OP_SIGN_FLIP, OP_TERM_SWAP",N/A
math500_005,6,ALGEBRAIC_SIMPLIFICATION,OP_CONSTANT_PERTURB|OP_SIGN_FLIP,"Contains verifiable math expression eligible for OP_CONSTANT_PERTURB, OP_SIGN_FLIP",N/A
math500_005,7,EQUATION_DERIVATION,OP_CONSTANT_PERTURB|OP_SIGN_FLIP|OP_TERM_SWAP,"Contains verifiable math expression eligible for OP_CONSTANT_PERTURB, OP_SIGN_FLIP, OP_TERM_SWAP",N/A
math500_005,8,ALGEBRAIC_SIMPLIFICATION,OP_CONSTANT_PERTURB|OP_SIGN_FLIP,"Contains verifiable math expression eligible for OP_CONSTANT_PERTURB, OP_SIGN_FLIP",N/A
math500_006,0,EQUATION_DERIVATION,OP_CONSTANT_PERTURB|OP_SIGN_FLIP|OP_TERM_SWAP,"Contains verifiable math expression eligible for OP_CONSTANT_PERTURB, OP_SIGN_FLIP, OP_TERM_SWAP",N/A
math500_006,1,ALGEBRAIC_SIMPLIFICATION,OP_CONSTANT_PERTURB|OP_SIGN_FLIP,"Contains verifiable math expression eligible for OP_CONSTANT_PERTURB, OP_SIGN_FLIP",N/A
math500_006,2,CONCEPTUAL_PROSE,NONE,N/A,Operation type CONCEPTUAL_PROSE does not contain deterministic numeric/algebraic target transition
math500_006,3,FINAL_ANSWER,NONE,N/A,Operation type FINAL_ANSWER does not contain deterministic numeric/algebraic target transition
math500_007,0,EQUATION_DERIVATION,OP_SIGN_FLIP|OP_TERM_SWAP,"Contains verifiable math expression eligible for OP_SIGN_FLIP, OP_TERM_SWAP",N/A
math500_007,1,EQUATION_DERIVATION,OP_CONSTANT_PERTURB|OP_SIGN_FLIP|OP_TERM_SWAP|OP_FRACTION_FLIP,"Contains verifiable math expression eligible for OP_CONSTANT_PERTURB, OP_SIGN_FLIP, OP_TERM_SWAP, OP_FRACTION_FLIP",N/A
math500_007,2,ALGEBRAIC_SIMPLIFICATION,OP_CONSTANT_PERTURB|OP_SIGN_FLIP,"Contains verifiable math expression eligible for OP_CONSTANT_PERTURB, OP_SIGN_FLIP",N/A
math500_007,3,EQUATION_DERIVATION,OP_SIGN_FLIP|OP_TERM_SWAP,"Contains verifiable math expression eligible for OP_SIGN_FLIP, OP_TERM_SWAP",N/A
math500_007,4,EQUATION_DERIVATION,OP_CONSTANT_PERTURB|OP_SIGN_FLIP|OP_TERM_SWAP|OP_FRACTION_FLIP,"Contains verifiable math expression eligible for OP_CONSTANT_PERTURB, OP_SIGN_FLIP, OP_TERM_SWAP, OP_FRACTION_FLIP",N/A
math500_007,5,ALGEBRAIC_SIMPLIFICATION,OP_CONSTANT_PERTURB|OP_SIGN_FLIP,"Contains verifiable math expression eligible for OP_CONSTANT_PERTURB, OP_SIGN_FLIP",N/A
math500_007,6,CONCEPTUAL_PROSE,NONE,N/A,Operation type CONCEPTUAL_PROSE does not contain deterministic numeric/algebraic target transition
math500_007,7,EQUATION_DERIVATION,OP_CONSTANT_PERTURB|OP_SIGN_FLIP|OP_TERM_SWAP,"Contains verifiable math expression eligible for OP_CONSTANT_PERTURB, OP_SIGN_FLIP, OP_TERM_SWAP",N/A
math500_007,8,FINAL_ANSWER,NONE,N/A,Operation type FINAL_ANSWER does not contain deterministic numeric/algebraic target transition
math500_008,0,FINAL_ANSWER,NONE,N/A,Operation type FINAL_ANSWER does not contain deterministic numeric/algebraic target transition
math500_009,0,CONCEPTUAL_PROSE,NONE,N/A,Operation type CONCEPTUAL_PROSE does not contain deterministic numeric/algebraic target transition
math500_009,1,ALGEBRAIC_SIMPLIFICATION,OP_CONSTANT_PERTURB|OP_SIGN_FLIP,"Contains verifiable math expression eligible for OP_CONSTANT_PERTURB, OP_SIGN_FLIP",N/A
math500_009,2,ALGEBRAIC_SIMPLIFICATION,OP_CONSTANT_PERTURB|OP_SIGN_FLIP,"Contains verifiable math expression eligible for OP_CONSTANT_PERTURB, OP_SIGN_FLIP",N/A
math500_009,3,FINAL_ANSWER,NONE,N/A,Operation type FINAL_ANSWER does not contain deterministic numeric/algebraic target transition
math500_010,0,CONCEPTUAL_PROSE,NONE,N/A,Operation type CONCEPTUAL_PROSE does not contain deterministic numeric/algebraic target transition
math500_010,1,CONCEPTUAL_PROSE,NONE,N/A,Operation type CONCEPTUAL_PROSE does not contain deterministic numeric/algebraic target transition
math500_010,2,CONCEPTUAL_PROSE,NONE,N/A,Operation type CONCEPTUAL_PROSE does not contain deterministic numeric/algebraic target transition
math500_010,3,FINAL_ANSWER,NONE,N/A,Operation type FINAL_ANSWER does not contain deterministic numeric/algebraic target transition
math500_011,0,EQUATION_DERIVATION,OP_CONSTANT_PERTURB|OP_SIGN_FLIP|OP_TERM_SWAP,"Contains verifiable math expression eligible for OP_CONSTANT_PERTURB, OP_SIGN_FLIP, OP_TERM_SWAP",N/A
math500_011,1,EQUATION_DERIVATION,OP_CONSTANT_PERTURB|OP_SIGN_FLIP|OP_TERM_SWAP,"Contains verifiable math expression eligible for OP_CONSTANT_PERTURB, OP_SIGN_FLIP, OP_TERM_SWAP",N/A
math500_011,2,CONCEPTUAL_PROSE,NONE,N/A,Operation type CONCEPTUAL_PROSE does not contain deterministic numeric/algebraic target transition
math500_011,3,EQUATION_DERIVATION,OP_CONSTANT_PERTURB|OP_SIGN_FLIP|OP_TERM_SWAP,"Contains verifiable math expression eligible for OP_CONSTANT_PERTURB, OP_SIGN_FLIP, OP_TERM_SWAP",N/A
math500_011,4,EQUATION_DERIVATION,OP_CONSTANT_PERTURB|OP_SIGN_FLIP|OP_TERM_SWAP,"Contains verifiable math expression eligible for OP_CONSTANT_PERTURB, OP_SIGN_FLIP, OP_TERM_SWAP",N/A
math500_011,5,EQUATION_DERIVATION,OP_CONSTANT_PERTURB|OP_SIGN_FLIP|OP_TERM_SWAP|OP_FRACTION_FLIP,"Contains verifiable math expression eligible for OP_CONSTANT_PERTURB, OP_SIGN_FLIP, OP_TERM_SWAP, OP_FRACTION_FLIP",N/A
math500_011,6,EQUATION_DERIVATION,OP_CONSTANT_PERTURB|OP_SIGN_FLIP|OP_TERM_SWAP,"Contains verifiable math expression eligible for OP_CONSTANT_PERTURB, OP_SIGN_FLIP, OP_TERM_SWAP",N/A
math500_011,7,EQUATION_DERIVATION,OP_CONSTANT_PERTURB|OP_SIGN_FLIP|OP_TERM_SWAP,"Contains verifiable math expression eligible for OP_CONSTANT_PERTURB, OP_SIGN_FLIP, OP_TERM_SWAP",N/A
math500_011,8,EQUATION_DERIVATION,OP_CONSTANT_PERTURB|OP_SIGN_FLIP|OP_TERM_SWAP|OP_FRACTION_FLIP,"Contains verifiable math expression eligible for OP_CONSTANT_PERTURB, OP_SIGN_FLIP, OP_TERM_SWAP, OP_FRACTION_FLIP",N/A
math500_011,9,EQUATION_DERIVATION,OP_CONSTANT_PERTURB|OP_SIGN_FLIP|OP_TERM_SWAP|OP_FRACTION_FLIP,"Contains verifiable math expression eligible for OP_CONSTANT_PERTURB, OP_SIGN_FLIP, OP_TERM_SWAP, OP_FRACTION_FLIP",N/A
math500_011,10,FINAL_ANSWER,NONE,N/A,Operation type FINAL_ANSWER does not contain deterministic numeric/algebraic target transition
math500_012,0,EQUATION_DERIVATION,OP_CONSTANT_PERTURB|OP_TERM_SWAP,"Contains verifiable math expression eligible for OP_CONSTANT_PERTURB, OP_TERM_SWAP",N/A
math500_012,1,FINAL_ANSWER,NONE,N/A,Operation type FINAL_ANSWER does not contain deterministic numeric/algebraic target transition
math500_013,0,EQUATION_DERIVATION,OP_TERM_SWAP,Contains verifiable math expression eligible for OP_TERM_SWAP,N/A
math500_013,1,EQUATION_DERIVATION,OP_CONSTANT_PERTURB|OP_TERM_SWAP,"Contains verifiable math expression eligible for OP_CONSTANT_PERTURB, OP_TERM_SWAP",N/A
math500_013,2,FINAL_ANSWER,NONE,N/A,Operation type FINAL_ANSWER does not contain deterministic numeric/algebraic target transition
math500_014,0,EQUATION_DERIVATION,OP_TERM_SWAP|OP_FRACTION_FLIP,"Contains verifiable math expression eligible for OP_TERM_SWAP, OP_FRACTION_FLIP",N/A
math500_014,1,EQUATION_DERIVATION,OP_CONSTANT_PERTURB|OP_TERM_SWAP|OP_FRACTION_FLIP,"Contains verifiable math expression eligible for OP_CONSTANT_PERTURB, OP_TERM_SWAP, OP_FRACTION_FLIP",N/A
math500_014,2,FINAL_ANSWER,NONE,N/A,Operation type FINAL_ANSWER does not contain deterministic numeric/algebraic target transition
math500_015,0,ALGEBRAIC_SIMPLIFICATION,OP_CONSTANT_PERTURB|OP_SIGN_FLIP|OP_FRACTION_FLIP,"Contains verifiable math expression eligible for OP_CONSTANT_PERTURB, OP_SIGN_FLIP, OP_FRACTION_FLIP",N/A
math500_015,1,EQUATION_DERIVATION,OP_CONSTANT_PERTURB|OP_SIGN_FLIP|OP_TERM_SWAP|OP_FRACTION_FLIP,"Contains verifiable math expression eligible for OP_CONSTANT_PERTURB, OP_SIGN_FLIP, OP_TERM_SWAP, OP_FRACTION_FLIP",N/A
math500_015,2,CONCEPTUAL_PROSE,NONE,N/A,Operation type CONCEPTUAL_PROSE does not contain deterministic numeric/algebraic target transition
math500_015,3,EQUATION_DERIVATION,OP_CONSTANT_PERTURB|OP_SIGN_FLIP|OP_TERM_SWAP|OP_FRACTION_FLIP,"Contains verifiable math expression eligible for OP_CONSTANT_PERTURB, OP_SIGN_FLIP, OP_TERM_SWAP, OP_FRACTION_FLIP",N/A
math500_015,4,FINAL_ANSWER,NONE,N/A,Operation type FINAL_ANSWER does not contain deterministic numeric/algebraic target transition
math500_016,0,FINAL_ANSWER,NONE,N/A,Operation type FINAL_ANSWER does not contain deterministic numeric/algebraic target transition
math500_018,0,CONCEPTUAL_PROSE,NONE,N/A,Operation type CONCEPTUAL_PROSE does not contain deterministic numeric/algebraic target transition
math500_018,1,EQUATION_DERIVATION,OP_TERM_SWAP,Contains verifiable math expression eligible for OP_TERM_SWAP,N/A
math500_018,2,ALGEBRAIC_SIMPLIFICATION,OP_CONSTANT_PERTURB|OP_SIGN_FLIP,"Contains verifiable math expression eligible for OP_CONSTANT_PERTURB, OP_SIGN_FLIP",N/A
math500_018,3,EQUATION_DERIVATION,OP_TERM_SWAP,Contains verifiable math expression eligible for OP_TERM_SWAP,N/A
math500_018,4,EQUATION_DERIVATION,OP_TERM_SWAP,Contains verifiable math expression eligible for OP_TERM_SWAP,N/A
math500_018,5,ALGEBRAIC_SIMPLIFICATION,OP_CONSTANT_PERTURB|OP_SIGN_FLIP,"Contains verifiable math expression eligible for OP_CONSTANT_PERTURB, OP_SIGN_FLIP",N/A
math500_018,6,ALGEBRAIC_SIMPLIFICATION,OP_CONSTANT_PERTURB,Contains verifiable math expression eligible for OP_CONSTANT_PERTURB,N/A
math500_018,7,FINAL_ANSWER,NONE,N/A,Operation type FINAL_ANSWER does not contain deterministic numeric/algebraic target transition
math500_019,0,EQUATION_DERIVATION,OP_CONSTANT_PERTURB|OP_SIGN_FLIP|OP_TERM_SWAP,"Contains verifiable math expression eligible for OP_CONSTANT_PERTURB, OP_SIGN_FLIP, OP_TERM_SWAP",N/A
math500_019,1,EQUATION_DERIVATION,OP_CONSTANT_PERTURB|OP_SIGN_FLIP|OP_TERM_SWAP,"Contains verifiable math expression eligible for OP_CONSTANT_PERTURB, OP_SIGN_FLIP, OP_TERM_SWAP",N/A
math500_019,2,CONCEPTUAL_PROSE,NONE,N/A,Operation type CONCEPTUAL_PROSE does not contain deterministic numeric/algebraic target transition
math500_019,3,ALGEBRAIC_SIMPLIFICATION,OP_CONSTANT_PERTURB|OP_SIGN_FLIP,"Contains verifiable math expression eligible for OP_CONSTANT_PERTURB, OP_SIGN_FLIP",N/A
math500_019,4,FINAL_ANSWER,NONE,N/A,Operation type FINAL_ANSWER does not contain deterministic numeric/algebraic target transition
math500_020,0,FINAL_ANSWER,NONE,N/A,Operation type FINAL_ANSWER does not contain deterministic numeric/algebraic target transition
math500_021,0,EQUATION_DERIVATION,OP_CONSTANT_PERTURB|OP_SIGN_FLIP|OP_TERM_SWAP,"Contains verifiable math expression eligible for OP_CONSTANT_PERTURB, OP_SIGN_FLIP, OP_TERM_SWAP",N/A
math500_021,1,EQUATION_DERIVATION,OP_CONSTANT_PERTURB|OP_SIGN_FLIP|OP_TERM_SWAP,"Contains verifiable math expression eligible for OP_CONSTANT_PERTURB, OP_SIGN_FLIP, OP_TERM_SWAP",N/A
math500_021,2,EQUATION_DERIVATION,OP_CONSTANT_PERTURB|OP_SIGN_FLIP|OP_TERM_SWAP,"Contains verifiable math expression eligible for OP_CONSTANT_PERTURB, OP_SIGN_FLIP, OP_TERM_SWAP",N/A
math500_021,3,EQUATION_DERIVATION,OP_CONSTANT_PERTURB|OP_SIGN_FLIP|OP_TERM_SWAP|OP_FRACTION_FLIP,"Contains verifiable math expression eligible for OP_CONSTANT_PERTURB, OP_SIGN_FLIP, OP_TERM_SWAP, OP_FRACTION_FLIP",N/A
math500_021,4,CONCEPTUAL_PROSE,NONE,N/A,Operation type CONCEPTUAL_PROSE does not contain deterministic numeric/algebraic target transition
math500_021,5,EQUATION_DERIVATION,OP_CONSTANT_PERTURB|OP_SIGN_FLIP|OP_TERM_SWAP,"Contains verifiable math expression eligible for OP_CONSTANT_PERTURB, OP_SIGN_FLIP, OP_TERM_SWAP",N/A
math500_021,6,EQUATION_DERIVATION,OP_CONSTANT_PERTURB|OP_SIGN_FLIP|OP_TERM_SWAP,"Contains verifiable math expression eligible for OP_CONSTANT_PERTURB, OP_SIGN_FLIP, OP_TERM_SWAP",N/A
math500_021,7,EQUATION_DERIVATION,OP_CONSTANT_PERTURB|OP_SIGN_FLIP|OP_TERM_SWAP,"Contains verifiable math expression eligible for OP_CONSTANT_PERTURB, OP_SIGN_FLIP, OP_TERM_SWAP",N/A
math500_021,8,FINAL_ANSWER,NONE,N/A,Operation type FINAL_ANSWER does not contain deterministic numeric/algebraic target transition
math500_022,0,CONCEPTUAL_PROSE,NONE,N/A,Operation type CONCEPTUAL_PROSE does not contain deterministic numeric/algebraic target transition
math500_022,1,EQUATION_DERIVATION,OP_CONSTANT_PERTURB|OP_SIGN_FLIP|OP_TERM_SWAP|OP_FRACTION_FLIP,"Contains verifiable math expression eligible for OP_CONSTANT_PERTURB, OP_SIGN_FLIP, OP_TERM_SWAP, OP_FRACTION_FLIP",N/A
math500_022,2,FINAL_ANSWER,NONE,N/A,Operation type FINAL_ANSWER does not contain deterministic numeric/algebraic target transition
math500_023,0,CONCEPTUAL_PROSE,NONE,N/A,Operation type CONCEPTUAL_PROSE does not contain deterministic numeric/algebraic target transition
math500_023,1,EQUATION_DERIVATION,OP_CONSTANT_PERTURB|OP_SIGN_FLIP|OP_TERM_SWAP,"Contains verifiable math expression eligible for OP_CONSTANT_PERTURB, OP_SIGN_FLIP, OP_TERM_SWAP",N/A
math500_023,2,EQUATION_DERIVATION,OP_CONSTANT_PERTURB|OP_SIGN_FLIP|OP_TERM_SWAP,"Contains verifiable math expression eligible for OP_CONSTANT_PERTURB, OP_SIGN_FLIP, OP_TERM_SWAP",N/A
math500_023,3,EQUATION_DERIVATION,OP_CONSTANT_PERTURB|OP_SIGN_FLIP|OP_TERM_SWAP,"Contains verifiable math expression eligible for OP_CONSTANT_PERTURB, OP_SIGN_FLIP, OP_TERM_SWAP",N/A
math500_023,4,CONCEPTUAL_PROSE,NONE,N/A,Operation type CONCEPTUAL_PROSE does not contain deterministic numeric/algebraic target transition
math500_023,5,EQUATION_DERIVATION,OP_CONSTANT_PERTURB|OP_SIGN_FLIP|OP_TERM_SWAP,"Contains verifiable math expression eligible for OP_CONSTANT_PERTURB, OP_SIGN_FLIP, OP_TERM_SWAP",N/A
math500_023,6,EQUATION_DERIVATION,OP_CONSTANT_PERTURB|OP_SIGN_FLIP|OP_TERM_SWAP,"Contains verifiable math expression eligible for OP_CONSTANT_PERTURB, OP_SIGN_FLIP, OP_TERM_SWAP",N/A
math500_023,7,FINAL_ANSWER,NONE,N/A,Operation type FINAL_ANSWER does not contain deterministic numeric/algebraic target transition
math500_024,0,EQUATION_DERIVATION,OP_CONSTANT_PERTURB|OP_SIGN_FLIP|OP_TERM_SWAP|OP_FRACTION_FLIP,"Contains verifiable math expression eligible for OP_CONSTANT_PERTURB, OP_SIGN_FLIP, OP_TERM_SWAP, OP_FRACTION_FLIP",N/A
math500_024,1,FINAL_ANSWER,NONE,N/A,Operation type FINAL_ANSWER does not contain deterministic numeric/algebraic target transition
math500_025,0,EQUATION_DERIVATION,OP_CONSTANT_PERTURB|OP_TERM_SWAP,"Contains verifiable math expression eligible for OP_CONSTANT_PERTURB, OP_TERM_SWAP",N/A
math500_025,1,EQUATION_DERIVATION,OP_CONSTANT_PERTURB|OP_SIGN_FLIP|OP_TERM_SWAP,"Contains verifiable math expression eligible for OP_CONSTANT_PERTURB, OP_SIGN_FLIP, OP_TERM_SWAP",N/A
math500_025,2,EQUATION_DERIVATION,OP_CONSTANT_PERTURB|OP_SIGN_FLIP|OP_TERM_SWAP,"Contains verifiable math expression eligible for OP_CONSTANT_PERTURB, OP_SIGN_FLIP, OP_TERM_SWAP",N/A
math500_025,3,EQUATION_DERIVATION,OP_CONSTANT_PERTURB|OP_TERM_SWAP,"Contains verifiable math expression eligible for OP_CONSTANT_PERTURB, OP_TERM_SWAP",N/A
math500_025,4,EQUATION_DERIVATION,OP_CONSTANT_PERTURB|OP_SIGN_FLIP|OP_TERM_SWAP,"Contains verifiable math expression eligible for OP_CONSTANT_PERTURB, OP_SIGN_FLIP, OP_TERM_SWAP",N/A
math500_025,5,EQUATION_DERIVATION,OP_CONSTANT_PERTURB|OP_SIGN_FLIP|OP_TERM_SWAP,"Contains verifiable math expression eligible for OP_CONSTANT_PERTURB, OP_SIGN_FLIP, OP_TERM_SWAP",N/A
math500_025,6,EQUATION_DERIVATION,OP_CONSTANT_PERTURB|OP_SIGN_FLIP|OP_TERM_SWAP,"Contains verifiable math expression eligible for OP_CONSTANT_PERTURB, OP_SIGN_FLIP, OP_TERM_SWAP",N/A
math500_025,7,EQUATION_DERIVATION,OP_CONSTANT_PERTURB|OP_SIGN_FLIP|OP_TERM_SWAP|OP_FRACTION_FLIP,"Contains verifiable math expression eligible for OP_CONSTANT_PERTURB, OP_SIGN_FLIP, OP_TERM_SWAP, OP_FRACTION_FLIP",N/A
math500_025,8,EQUATION_DERIVATION,OP_CONSTANT_PERTURB|OP_SIGN_FLIP|OP_TERM_SWAP|OP_FRACTION_FLIP,"Contains verifiable math expression eligible for OP_CONSTANT_PERTURB, OP_SIGN_FLIP, OP_TERM_SWAP, OP_FRACTION_FLIP",N/A
math500_025,9,CONCEPTUAL_PROSE,NONE,N/A,Operation type CONCEPTUAL_PROSE does not contain deterministic numeric/algebraic target transition
math500_025,10,EQUATION_DERIVATION,OP_SIGN_FLIP|OP_TERM_SWAP,"Contains verifiable math expression eligible for OP_SIGN_FLIP, OP_TERM_SWAP",N/A
math500_025,11,EQUATION_DERIVATION,OP_CONSTANT_PERTURB|OP_SIGN_FLIP|OP_TERM_SWAP,"Contains verifiable math expression eligible for OP_CONSTANT_PERTURB, OP_SIGN_FLIP, OP_TERM_SWAP",N/A
math500_025,12,CONCEPTUAL_PROSE,NONE,N/A,Operation type CONCEPTUAL_PROSE does not contain deterministic numeric/algebraic target transition
math500_025,13,EQUATION_DERIVATION,OP_CONSTANT_PERTURB|OP_SIGN_FLIP|OP_TERM_SWAP|OP_FRACTION_FLIP,"Contains verifiable math expression eligible for OP_CONSTANT_PERTURB, OP_SIGN_FLIP, OP_TERM_SWAP, OP_FRACTION_FLIP",N/A
math500_025,14,CONCEPTUAL_PROSE,NONE,N/A,Operation type CONCEPTUAL_PROSE does not contain deterministic numeric/algebraic target transition
math500_025,15,EQUATION_DERIVATION,OP_CONSTANT_PERTURB|OP_SIGN_FLIP|OP_TERM_SWAP|OP_FRACTION_FLIP,"Contains verifiable math expression eligible for OP_CONSTANT_PERTURB, OP_SIGN_FLIP, OP_TERM_SWAP, OP_FRACTION_FLIP",N/A
math500_025,16,CONCEPTUAL_PROSE,NONE,N/A,Operation type CONCEPTUAL_PROSE does not contain deterministic numeric/algebraic target transition
math500_025,17,EQUATION_DERIVATION,OP_TERM_SWAP,Contains verifiable math expression eligible for OP_TERM_SWAP,N/A
math500_025,18,EQUATION_DERIVATION,OP_CONSTANT_PERTURB|OP_SIGN_FLIP|OP_TERM_SWAP|OP_FRACTION_FLIP,"Contains verifiable math expression eligible for OP_CONSTANT_PERTURB, OP_SIGN_FLIP, OP_TERM_SWAP, OP_FRACTION_FLIP",N/A
math500_025,19,FINAL_ANSWER,NONE,N/A,Operation type FINAL_ANSWER does not contain deterministic numeric/algebraic target transition
math500_026,0,CONCEPTUAL_PROSE,NONE,N/A,Operation type CONCEPTUAL_PROSE does not contain deterministic numeric/algebraic target transition
math500_026,1,CONCEPTUAL_PROSE,NONE,N/A,Operation type CONCEPTUAL_PROSE does not contain deterministic numeric/algebraic target transition
math500_026,2,CONCEPTUAL_PROSE,NONE,N/A,Operation type CONCEPTUAL_PROSE does not contain deterministic numeric/algebraic target transition
math500_026,3,CONCEPTUAL_PROSE,NONE,N/A,Operation type CONCEPTUAL_PROSE does not contain deterministic numeric/algebraic target transition
math500_026,4,CONCEPTUAL_PROSE,NONE,N/A,Operation type CONCEPTUAL_PROSE does not contain deterministic numeric/algebraic target transition
math500_026,5,CONCEPTUAL_PROSE,NONE,N/A,Operation type CONCEPTUAL_PROSE does not contain deterministic numeric/algebraic target transition
math500_026,6,EQUATION_DERIVATION,OP_CONSTANT_PERTURB|OP_TERM_SWAP,"Contains verifiable math expression eligible for OP_CONSTANT_PERTURB, OP_TERM_SWAP",N/A
math500_026,7,EQUATION_DERIVATION,OP_CONSTANT_PERTURB|OP_TERM_SWAP,"Contains verifiable math expression eligible for OP_CONSTANT_PERTURB, OP_TERM_SWAP",N/A
math500_026,8,EQUATION_DERIVATION,OP_CONSTANT_PERTURB|OP_TERM_SWAP,"Contains verifiable math expression eligible for OP_CONSTANT_PERTURB, OP_TERM_SWAP",N/A
math500_026,9,CONCEPTUAL_PROSE,NONE,N/A,Operation type CONCEPTUAL_PROSE does not contain deterministic numeric/algebraic target transition
math500_026,10,CONCEPTUAL_PROSE,NONE,N/A,Operation type CONCEPTUAL_PROSE does not contain deterministic numeric/algebraic target transition
math500_026,11,CONCEPTUAL_PROSE,NONE,N/A,Operation type CONCEPTUAL_PROSE does not contain deterministic numeric/algebraic target transition
math500_026,12,EQUATION_DERIVATION,OP_CONSTANT_PERTURB|OP_TERM_SWAP,"Contains verifiable math expression eligible for OP_CONSTANT_PERTURB, OP_TERM_SWAP",N/A
math500_026,13,EQUATION_DERIVATION,OP_CONSTANT_PERTURB|OP_TERM_SWAP,"Contains verifiable math expression eligible for OP_CONSTANT_PERTURB, OP_TERM_SWAP",N/A
math500_026,14,FINAL_ANSWER,NONE,N/A,Operation type FINAL_ANSWER does not contain deterministic numeric/algebraic target transition
math500_027,0,CONCEPTUAL_PROSE,NONE,N/A,Operation type CONCEPTUAL_PROSE does not contain deterministic numeric/algebraic target transition
math500_027,1,CONCEPTUAL_PROSE,NONE,N/A,Operation type CONCEPTUAL_PROSE does not contain deterministic numeric/algebraic target transition
math500_027,2,EQUATION_DERIVATION,OP_CONSTANT_PERTURB|OP_TERM_SWAP,"Contains verifiable math expression eligible for OP_CONSTANT_PERTURB, OP_TERM_SWAP",N/A
math500_027,3,CONCEPTUAL_PROSE,NONE,N/A,Operation type CONCEPTUAL_PROSE does not contain deterministic numeric/algebraic target transition
math500_027,4,EQUATION_DERIVATION,OP_CONSTANT_PERTURB|OP_TERM_SWAP,"Contains verifiable math expression eligible for OP_CONSTANT_PERTURB, OP_TERM_SWAP",N/A
math500_027,5,CONCEPTUAL_PROSE,NONE,N/A,Operation type CONCEPTUAL_PROSE does not contain deterministic numeric/algebraic target transition
math500_027,6,EQUATION_DERIVATION,OP_CONSTANT_PERTURB|OP_TERM_SWAP,"Contains verifiable math expression eligible for OP_CONSTANT_PERTURB, OP_TERM_SWAP",N/A
math500_027,7,CONCEPTUAL_PROSE,NONE,N/A,Operation type CONCEPTUAL_PROSE does not contain deterministic numeric/algebraic target transition
math500_027,8,FINAL_ANSWER,NONE,N/A,Operation type FINAL_ANSWER does not contain deterministic numeric/algebraic target transition
math500_028,0,EQUATION_DERIVATION,OP_CONSTANT_PERTURB|OP_SIGN_FLIP|OP_TERM_SWAP,"Contains verifiable math expression eligible for OP_CONSTANT_PERTURB, OP_SIGN_FLIP, OP_TERM_SWAP",N/A
math500_028,1,CONCEPTUAL_PROSE,NONE,N/A,Operation type CONCEPTUAL_PROSE does not contain deterministic numeric/algebraic target transition
math500_028,2,ALGEBRAIC_SIMPLIFICATION,OP_CONSTANT_PERTURB|OP_SIGN_FLIP,"Contains verifiable math expression eligible for OP_CONSTANT_PERTURB, OP_SIGN_FLIP",N/A
math500_028,3,ALGEBRAIC_SIMPLIFICATION,OP_CONSTANT_PERTURB|OP_SIGN_FLIP,"Contains verifiable math expression eligible for OP_CONSTANT_PERTURB, OP_SIGN_FLIP",N/A
math500_028,4,FINAL_ANSWER,NONE,N/A,Operation type FINAL_ANSWER does not contain deterministic numeric/algebraic target transition
math500_029,0,CONCEPTUAL_PROSE,NONE,N/A,Operation type CONCEPTUAL_PROSE does not contain deterministic numeric/algebraic target transition
math500_029,1,CONCEPTUAL_PROSE,NONE,N/A,Operation type CONCEPTUAL_PROSE does not contain deterministic numeric/algebraic target transition
math500_029,2,FINAL_ANSWER,NONE,N/A,Operation type FINAL_ANSWER does not contain deterministic numeric/algebraic target transition
math500_030,0,FINAL_ANSWER,NONE,N/A,Operation type FINAL_ANSWER does not contain deterministic numeric/algebraic target transition
math500_032,0,CONCEPTUAL_PROSE,NONE,N/A,Operation type CONCEPTUAL_PROSE does not contain deterministic numeric/algebraic target transition
math500_032,1,CONCEPTUAL_PROSE,NONE,N/A,Operation type CONCEPTUAL_PROSE does not contain deterministic numeric/algebraic target transition
math500_032,2,CONCEPTUAL_PROSE,NONE,N/A,Operation type CONCEPTUAL_PROSE does not contain deterministic numeric/algebraic target transition
math500_032,3,CONCEPTUAL_PROSE,NONE,N/A,Operation type CONCEPTUAL_PROSE does not contain deterministic numeric/algebraic target transition
math500_032,4,FINAL_ANSWER,NONE,N/A,Operation type FINAL_ANSWER does not contain deterministic numeric/algebraic target transition
math500_033,0,ALGEBRAIC_SIMPLIFICATION,OP_CONSTANT_PERTURB|OP_FRACTION_FLIP,"Contains verifiable math expression eligible for OP_CONSTANT_PERTURB, OP_FRACTION_FLIP",N/A
math500_033,1,ALGEBRAIC_SIMPLIFICATION,OP_CONSTANT_PERTURB|OP_SIGN_FLIP|OP_FRACTION_FLIP,"Contains verifiable math expression eligible for OP_CONSTANT_PERTURB, OP_SIGN_FLIP, OP_FRACTION_FLIP",N/A
math500_033,2,FINAL_ANSWER,NONE,N/A,Operation type FINAL_ANSWER does not contain deterministic numeric/algebraic target transition
math500_034,0,CONCEPTUAL_PROSE,NONE,N/A,Operation type CONCEPTUAL_PROSE does not contain deterministic numeric/algebraic target transition
math500_034,1,ALGEBRAIC_SIMPLIFICATION,OP_CONSTANT_PERTURB|OP_FRACTION_FLIP,"Contains verifiable math expression eligible for OP_CONSTANT_PERTURB, OP_FRACTION_FLIP",N/A
math500_034,2,FINAL_ANSWER,NONE,N/A,Operation type FINAL_ANSWER does not contain deterministic numeric/algebraic target transition
math500_035,0,FINAL_ANSWER,NONE,N/A,Operation type FINAL_ANSWER does not contain deterministic numeric/algebraic target transition
math500_036,0,EQUATION_DERIVATION,OP_CONSTANT_PERTURB|OP_SIGN_FLIP|OP_TERM_SWAP,"Contains verifiable math expression eligible for OP_CONSTANT_PERTURB, OP_SIGN_FLIP, OP_TERM_SWAP",N/A
math500_036,1,EQUATION_DERIVATION,OP_CONSTANT_PERTURB|OP_SIGN_FLIP|OP_TERM_SWAP,"Contains verifiable math expression eligible for OP_CONSTANT_PERTURB, OP_SIGN_FLIP, OP_TERM_SWAP",N/A
math500_036,2,EQUATION_DERIVATION,OP_CONSTANT_PERTURB|OP_SIGN_FLIP|OP_TERM_SWAP,"Contains verifiable math expression eligible for OP_CONSTANT_PERTURB, OP_SIGN_FLIP, OP_TERM_SWAP",N/A
math500_036,3,EQUATION_DERIVATION,OP_CONSTANT_PERTURB|OP_SIGN_FLIP|OP_TERM_SWAP,"Contains verifiable math expression eligible for OP_CONSTANT_PERTURB, OP_SIGN_FLIP, OP_TERM_SWAP",N/A
math500_036,4,FINAL_ANSWER,NONE,N/A,Operation type FINAL_ANSWER does not contain deterministic numeric/algebraic target transition
math500_037,0,FINAL_ANSWER,NONE,N/A,Operation type FINAL_ANSWER does not contain deterministic numeric/algebraic target transition
math500_037,1,EQUATION_DERIVATION,OP_CONSTANT_PERTURB|OP_SIGN_FLIP|OP_TERM_SWAP,"Contains verifiable math expression eligible for OP_CONSTANT_PERTURB, OP_SIGN_FLIP, OP_TERM_SWAP",N/A
math500_037,2,ALGEBRAIC_SIMPLIFICATION,OP_CONSTANT_PERTURB|OP_SIGN_FLIP,"Contains verifiable math expression eligible for OP_CONSTANT_PERTURB, OP_SIGN_FLIP",N/A
math500_038,0,FINAL_ANSWER,NONE,N/A,Operation type FINAL_ANSWER does not contain deterministic numeric/algebraic target transition
math500_039,0,EQUATION_DERIVATION,OP_CONSTANT_PERTURB|OP_TERM_SWAP,"Contains verifiable math expression eligible for OP_CONSTANT_PERTURB, OP_TERM_SWAP",N/A
math500_039,1,CONCEPTUAL_PROSE,NONE,N/A,Operation type CONCEPTUAL_PROSE does not contain deterministic numeric/algebraic target transition
math500_039,2,CONCEPTUAL_PROSE,NONE,N/A,Operation type CONCEPTUAL_PROSE does not contain deterministic numeric/algebraic target transition
math500_039,3,EQUATION_DERIVATION,OP_CONSTANT_PERTURB|OP_TERM_SWAP,"Contains verifiable math expression eligible for OP_CONSTANT_PERTURB, OP_TERM_SWAP",N/A
math500_039,4,FINAL_ANSWER,NONE,N/A,Operation type FINAL_ANSWER does not contain deterministic numeric/algebraic target transition
math500_040,0,EQUATION_DERIVATION,OP_CONSTANT_PERTURB|OP_TERM_SWAP,"Contains verifiable math expression eligible for OP_CONSTANT_PERTURB, OP_TERM_SWAP",N/A
math500_040,1,FINAL_ANSWER,NONE,N/A,Operation type FINAL_ANSWER does not contain deterministic numeric/algebraic target transition
math500_041,0,CONCEPTUAL_PROSE,NONE,N/A,Operation type CONCEPTUAL_PROSE does not contain deterministic numeric/algebraic target transition
math500_041,1,CONCEPTUAL_PROSE,NONE,N/A,Operation type CONCEPTUAL_PROSE does not contain deterministic numeric/algebraic target transition
math500_041,2,ALGEBRAIC_SIMPLIFICATION,OP_CONSTANT_PERTURB|OP_SIGN_FLIP,"Contains verifiable math expression eligible for OP_CONSTANT_PERTURB, OP_SIGN_FLIP",N/A
math500_041,3,CONCEPTUAL_PROSE,NONE,N/A,Operation type CONCEPTUAL_PROSE does not contain deterministic numeric/algebraic target transition
math500_041,4,FINAL_ANSWER,NONE,N/A,Operation type FINAL_ANSWER does not contain deterministic numeric/algebraic target transition
math500_041,5,EQUATION_DERIVATION,OP_CONSTANT_PERTURB|OP_SIGN_FLIP|OP_TERM_SWAP,"Contains verifiable math expression eligible for OP_CONSTANT_PERTURB, OP_SIGN_FLIP, OP_TERM_SWAP",N/A
math500_042,0,CONCEPTUAL_PROSE,NONE,N/A,Operation type CONCEPTUAL_PROSE does not contain deterministic numeric/algebraic target transition
math500_042,1,CONCEPTUAL_PROSE,NONE,N/A,Operation type CONCEPTUAL_PROSE does not contain deterministic numeric/algebraic target transition
math500_042,2,ALGEBRAIC_SIMPLIFICATION,OP_CONSTANT_PERTURB|OP_SIGN_FLIP,"Contains verifiable math expression eligible for OP_CONSTANT_PERTURB, OP_SIGN_FLIP",N/A
math500_042,3,CONCEPTUAL_PROSE,NONE,N/A,Operation type CONCEPTUAL_PROSE does not contain deterministic numeric/algebraic target transition
math500_042,4,ALGEBRAIC_SIMPLIFICATION,OP_CONSTANT_PERTURB|OP_SIGN_FLIP,"Contains verifiable math expression eligible for OP_CONSTANT_PERTURB, OP_SIGN_FLIP",N/A
math500_042,5,FINAL_ANSWER,NONE,N/A,Operation type FINAL_ANSWER does not contain deterministic numeric/algebraic target transition
math500_043,0,CONCEPTUAL_PROSE,NONE,N/A,Operation type CONCEPTUAL_PROSE does not contain deterministic numeric/algebraic target transition
math500_043,1,EQUATION_DERIVATION,OP_CONSTANT_PERTURB|OP_SIGN_FLIP|OP_TERM_SWAP,"Contains verifiable math expression eligible for OP_CONSTANT_PERTURB, OP_SIGN_FLIP, OP_TERM_SWAP",N/A
math500_043,2,FINAL_ANSWER,NONE,N/A,Operation type FINAL_ANSWER does not contain deterministic numeric/algebraic target transition
math500_044,0,CONCEPTUAL_PROSE,NONE,N/A,Operation type CONCEPTUAL_PROSE does not contain deterministic numeric/algebraic target transition
math500_044,1,EQUATION_DERIVATION,OP_CONSTANT_PERTURB|OP_SIGN_FLIP|OP_TERM_SWAP|OP_FRACTION_FLIP,"Contains verifiable math expression eligible for OP_CONSTANT_PERTURB, OP_SIGN_FLIP, OP_TERM_SWAP, OP_FRACTION_FLIP",N/A
math500_044,2,ALGEBRAIC_SIMPLIFICATION,OP_CONSTANT_PERTURB|OP_SIGN_FLIP|OP_FRACTION_FLIP,"Contains verifiable math expression eligible for OP_CONSTANT_PERTURB, OP_SIGN_FLIP, OP_FRACTION_FLIP",N/A
math500_044,3,EQUATION_DERIVATION,OP_CONSTANT_PERTURB|OP_SIGN_FLIP|OP_TERM_SWAP|OP_FRACTION_FLIP,"Contains verifiable math expression eligible for OP_CONSTANT_PERTURB, OP_SIGN_FLIP, OP_TERM_SWAP, OP_FRACTION_FLIP",N/A
math500_044,4,FINAL_ANSWER,NONE,N/A,Operation type FINAL_ANSWER does not contain deterministic numeric/algebraic target transition
math500_045,0,CONCEPTUAL_PROSE,NONE,N/A,Operation type CONCEPTUAL_PROSE does not contain deterministic numeric/algebraic target transition
math500_045,1,EQUATION_DERIVATION,OP_CONSTANT_PERTURB|OP_SIGN_FLIP|OP_TERM_SWAP,"Contains verifiable math expression eligible for OP_CONSTANT_PERTURB, OP_SIGN_FLIP, OP_TERM_SWAP",N/A
math500_045,2,EQUATION_DERIVATION,OP_CONSTANT_PERTURB|OP_TERM_SWAP|OP_FRACTION_FLIP,"Contains verifiable math expression eligible for OP_CONSTANT_PERTURB, OP_TERM_SWAP, OP_FRACTION_FLIP",N/A
math500_045,3,EQUATION_DERIVATION,OP_CONSTANT_PERTURB|OP_TERM_SWAP|OP_FRACTION_FLIP,"Contains verifiable math expression eligible for OP_CONSTANT_PERTURB, OP_TERM_SWAP, OP_FRACTION_FLIP",N/A
math500_045,4,FINAL_ANSWER,NONE,N/A,Operation type FINAL_ANSWER does not contain deterministic numeric/algebraic target transition
math500_045,5,FINAL_ANSWER,NONE,N/A,Operation type FINAL_ANSWER does not contain deterministic numeric/algebraic target transition
math500_046,0,EQUATION_DERIVATION,OP_CONSTANT_PERTURB|OP_SIGN_FLIP|OP_TERM_SWAP,"Contains verifiable math expression eligible for OP_CONSTANT_PERTURB, OP_SIGN_FLIP, OP_TERM_SWAP",N/A
math500_046,1,EQUATION_DERIVATION,OP_CONSTANT_PERTURB|OP_SIGN_FLIP|OP_TERM_SWAP,"Contains verifiable math expression eligible for OP_CONSTANT_PERTURB, OP_SIGN_FLIP, OP_TERM_SWAP",N/A
math500_046,2,ALGEBRAIC_SIMPLIFICATION,OP_CONSTANT_PERTURB,Contains verifiable math expression eligible for OP_CONSTANT_PERTURB,N/A
math500_046,3,EQUATION_DERIVATION,OP_CONSTANT_PERTURB|OP_SIGN_FLIP|OP_TERM_SWAP,"Contains verifiable math expression eligible for OP_CONSTANT_PERTURB, OP_SIGN_FLIP, OP_TERM_SWAP",N/A
math500_046,4,EQUATION_DERIVATION,OP_CONSTANT_PERTURB|OP_SIGN_FLIP|OP_TERM_SWAP,"Contains verifiable math expression eligible for OP_CONSTANT_PERTURB, OP_SIGN_FLIP, OP_TERM_SWAP",N/A
math500_046,5,ALGEBRAIC_SIMPLIFICATION,OP_CONSTANT_PERTURB,Contains verifiable math expression eligible for OP_CONSTANT_PERTURB,N/A
math500_046,6,EQUATION_DERIVATION,OP_CONSTANT_PERTURB|OP_TERM_SWAP,"Contains verifiable math expression eligible for OP_CONSTANT_PERTURB, OP_TERM_SWAP",N/A
math500_046,7,FINAL_ANSWER,NONE,N/A,Operation type FINAL_ANSWER does not contain deterministic numeric/algebraic target transition
math500_047,0,CONCEPTUAL_PROSE,NONE,N/A,Operation type CONCEPTUAL_PROSE does not contain deterministic numeric/algebraic target transition
math500_047,1,EQUATION_DERIVATION,OP_CONSTANT_PERTURB|OP_SIGN_FLIP|OP_TERM_SWAP,"Contains verifiable math expression eligible for OP_CONSTANT_PERTURB, OP_SIGN_FLIP, OP_TERM_SWAP",N/A
math500_047,2,ALGEBRAIC_SIMPLIFICATION,OP_SIGN_FLIP,Contains verifiable math expression eligible for OP_SIGN_FLIP,N/A
math500_047,3,CONCEPTUAL_PROSE,NONE,N/A,Operation type CONCEPTUAL_PROSE does not contain deterministic numeric/algebraic target transition
math500_047,4,EQUATION_DERIVATION,OP_CONSTANT_PERTURB|OP_TERM_SWAP,"Contains verifiable math expression eligible for OP_CONSTANT_PERTURB, OP_TERM_SWAP",N/A
math500_047,5,CONCEPTUAL_PROSE,NONE,N/A,Operation type CONCEPTUAL_PROSE does not contain deterministic numeric/algebraic target transition
math500_047,6,EQUATION_DERIVATION,OP_CONSTANT_PERTURB|OP_SIGN_FLIP|OP_TERM_SWAP|OP_FRACTION_FLIP,"Contains verifiable math expression eligible for OP_CONSTANT_PERTURB, OP_SIGN_FLIP, OP_TERM_SWAP, OP_FRACTION_FLIP",N/A
math500_047,7,CONCEPTUAL_PROSE,NONE,N/A,Operation type CONCEPTUAL_PROSE does not contain deterministic numeric/algebraic target transition
math500_047,8,FINAL_ANSWER,NONE,N/A,Operation type FINAL_ANSWER does not contain deterministic numeric/algebraic target transition
math500_048,0,EQUATION_DERIVATION,OP_CONSTANT_PERTURB|OP_TERM_SWAP,"Contains verifiable math expression eligible for OP_CONSTANT_PERTURB, OP_TERM_SWAP",N/A
math500_048,1,EQUATION_DERIVATION,OP_CONSTANT_PERTURB|OP_TERM_SWAP,"Contains verifiable math expression eligible for OP_CONSTANT_PERTURB, OP_TERM_SWAP",N/A
math500_048,2,FINAL_ANSWER,NONE,N/A,Operation type FINAL_ANSWER does not contain deterministic numeric/algebraic target transition
math500_049,0,EQUATION_DERIVATION,OP_CONSTANT_PERTURB|OP_SIGN_FLIP|OP_TERM_SWAP|OP_FRACTION_FLIP,"Contains verifiable math expression eligible for OP_CONSTANT_PERTURB, OP_SIGN_FLIP, OP_TERM_SWAP, OP_FRACTION_FLIP",N/A
math500_049,1,EQUATION_DERIVATION,OP_CONSTANT_PERTURB|OP_SIGN_FLIP|OP_TERM_SWAP,"Contains verifiable math expression eligible for OP_CONSTANT_PERTURB, OP_SIGN_FLIP, OP_TERM_SWAP",N/A
math500_049,2,EQUATION_DERIVATION,OP_CONSTANT_PERTURB|OP_SIGN_FLIP|OP_TERM_SWAP,"Contains verifiable math expression eligible for OP_CONSTANT_PERTURB, OP_SIGN_FLIP, OP_TERM_SWAP",N/A
math500_049,3,FINAL_ANSWER,NONE,N/A,Operation type FINAL_ANSWER does not contain deterministic numeric/algebraic target transition
math500_050,0,ALGEBRAIC_SIMPLIFICATION,OP_CONSTANT_PERTURB|OP_SIGN_FLIP,"Contains verifiable math expression eligible for OP_CONSTANT_PERTURB, OP_SIGN_FLIP",N/A
math500_050,1,ALGEBRAIC_SIMPLIFICATION,OP_CONSTANT_PERTURB|OP_SIGN_FLIP,"Contains verifiable math expression eligible for OP_CONSTANT_PERTURB, OP_SIGN_FLIP",N/A
math500_050,2,ALGEBRAIC_SIMPLIFICATION,OP_CONSTANT_PERTURB|OP_SIGN_FLIP,"Contains verifiable math expression eligible for OP_CONSTANT_PERTURB, OP_SIGN_FLIP",N/A
math500_050,3,ALGEBRAIC_SIMPLIFICATION,OP_CONSTANT_PERTURB|OP_SIGN_FLIP,"Contains verifiable math expression eligible for OP_CONSTANT_PERTURB, OP_SIGN_FLIP",N/A
math500_050,4,ALGEBRAIC_SIMPLIFICATION,OP_CONSTANT_PERTURB|OP_SIGN_FLIP|OP_FRACTION_FLIP,"Contains verifiable math expression eligible for OP_CONSTANT_PERTURB, OP_SIGN_FLIP, OP_FRACTION_FLIP",N/A
math500_050,5,CONCEPTUAL_PROSE,NONE,N/A,Operation type CONCEPTUAL_PROSE does not contain deterministic numeric/algebraic target transition
math500_050,6,FINAL_ANSWER,NONE,N/A,Operation type FINAL_ANSWER does not contain deterministic numeric/algebraic target transition
math500_051,0,CONCEPTUAL_PROSE,NONE,N/A,Operation type CONCEPTUAL_PROSE does not contain deterministic numeric/algebraic target transition
math500_051,1,FINAL_ANSWER,NONE,N/A,Operation type FINAL_ANSWER does not contain deterministic numeric/algebraic target transition
math500_052,0,FINAL_ANSWER,NONE,N/A,Operation type FINAL_ANSWER does not contain deterministic numeric/algebraic target transition
math500_055,0,FINAL_ANSWER,NONE,N/A,Operation type FINAL_ANSWER does not contain deterministic numeric/algebraic target transition
math500_056,0,ALGEBRAIC_SIMPLIFICATION,OP_CONSTANT_PERTURB|OP_SIGN_FLIP,"Contains verifiable math expression eligible for OP_CONSTANT_PERTURB, OP_SIGN_FLIP",N/A
math500_056,1,CONCEPTUAL_PROSE,NONE,N/A,Operation type CONCEPTUAL_PROSE does not contain deterministic numeric/algebraic target transition
math500_056,2,EQUATION_DERIVATION,OP_CONSTANT_PERTURB|OP_SIGN_FLIP|OP_TERM_SWAP|OP_FRACTION_FLIP,"Contains verifiable math expression eligible for OP_CONSTANT_PERTURB, OP_SIGN_FLIP, OP_TERM_SWAP, OP_FRACTION_FLIP",N/A
math500_056,3,FINAL_ANSWER,NONE,N/A,Operation type FINAL_ANSWER does not contain deterministic numeric/algebraic target transition
math500_057,0,CONCEPTUAL_PROSE,NONE,N/A,Operation type CONCEPTUAL_PROSE does not contain deterministic numeric/algebraic target transition
math500_057,1,CONCEPTUAL_PROSE,NONE,N/A,Operation type CONCEPTUAL_PROSE does not contain deterministic numeric/algebraic target transition
math500_057,2,EQUATION_DERIVATION,OP_CONSTANT_PERTURB|OP_SIGN_FLIP|OP_TERM_SWAP,"Contains verifiable math expression eligible for OP_CONSTANT_PERTURB, OP_SIGN_FLIP, OP_TERM_SWAP",N/A
math500_057,3,FINAL_ANSWER,NONE,N/A,Operation type FINAL_ANSWER does not contain deterministic numeric/algebraic target transition
math500_057,4,CONCEPTUAL_PROSE,NONE,N/A,Operation type CONCEPTUAL_PROSE does not contain deterministic numeric/algebraic target transition
math500_058,0,CONCEPTUAL_PROSE,NONE,N/A,Operation type CONCEPTUAL_PROSE does not contain deterministic numeric/algebraic target transition
math500_058,1,FINAL_ANSWER,NONE,N/A,Operation type FINAL_ANSWER does not contain deterministic numeric/algebraic target transition
math500_059,0,EQUATION_DERIVATION,OP_CONSTANT_PERTURB|OP_SIGN_FLIP|OP_TERM_SWAP,"Contains verifiable math expression eligible for OP_CONSTANT_PERTURB, OP_SIGN_FLIP, OP_TERM_SWAP",N/A
math500_059,1,CONCEPTUAL_PROSE,NONE,N/A,Operation type CONCEPTUAL_PROSE does not contain deterministic numeric/algebraic target transition
math500_059,2,FINAL_ANSWER,NONE,N/A,Operation type FINAL_ANSWER does not contain deterministic numeric/algebraic target transition
math500_060,0,EQUATION_DERIVATION,OP_CONSTANT_PERTURB|OP_SIGN_FLIP|OP_TERM_SWAP,"Contains verifiable math expression eligible for OP_CONSTANT_PERTURB, OP_SIGN_FLIP, OP_TERM_SWAP",N/A
math500_060,1,EQUATION_DERIVATION,OP_CONSTANT_PERTURB|OP_SIGN_FLIP|OP_TERM_SWAP,"Contains verifiable math expression eligible for OP_CONSTANT_PERTURB, OP_SIGN_FLIP, OP_TERM_SWAP",N/A
math500_060,2,FINAL_ANSWER,NONE,N/A,Operation type FINAL_ANSWER does not contain deterministic numeric/algebraic target transition
math500_061,0,CONCEPTUAL_PROSE,NONE,N/A,Operation type CONCEPTUAL_PROSE does not contain deterministic numeric/algebraic target transition
math500_061,1,CONCEPTUAL_PROSE,NONE,N/A,Operation type CONCEPTUAL_PROSE does not contain deterministic numeric/algebraic target transition
math500_061,2,EQUATION_DERIVATION,OP_CONSTANT_PERTURB|OP_SIGN_FLIP|OP_TERM_SWAP,"Contains verifiable math expression eligible for OP_CONSTANT_PERTURB, OP_SIGN_FLIP, OP_TERM_SWAP",N/A
math500_061,3,EQUATION_DERIVATION,OP_CONSTANT_PERTURB|OP_TERM_SWAP,"Contains verifiable math expression eligible for OP_CONSTANT_PERTURB, OP_TERM_SWAP",N/A
math500_061,4,CONCEPTUAL_PROSE,NONE,N/A,Operation type CONCEPTUAL_PROSE does not contain deterministic numeric/algebraic target transition
math500_061,5,EQUATION_DERIVATION,OP_CONSTANT_PERTURB|OP_SIGN_FLIP|OP_TERM_SWAP,"Contains verifiable math expression eligible for OP_CONSTANT_PERTURB, OP_SIGN_FLIP, OP_TERM_SWAP",N/A
math500_061,6,FINAL_ANSWER,NONE,N/A,Operation type FINAL_ANSWER does not contain deterministic numeric/algebraic target transition
math500_062,0,EQUATION_DERIVATION,OP_TERM_SWAP,Contains verifiable math expression eligible for OP_TERM_SWAP,N/A
math500_062,1,CONCEPTUAL_PROSE,NONE,N/A,Operation type CONCEPTUAL_PROSE does not contain deterministic numeric/algebraic target transition
math500_062,2,EQUATION_DERIVATION,OP_CONSTANT_PERTURB|OP_SIGN_FLIP|OP_TERM_SWAP,"Contains verifiable math expression eligible for OP_CONSTANT_PERTURB, OP_SIGN_FLIP, OP_TERM_SWAP",N/A
math500_062,3,EQUATION_DERIVATION,OP_CONSTANT_PERTURB|OP_SIGN_FLIP|OP_TERM_SWAP,"Contains verifiable math expression eligible for OP_CONSTANT_PERTURB, OP_SIGN_FLIP, OP_TERM_SWAP",N/A
math500_062,4,ALGEBRAIC_SIMPLIFICATION,OP_CONSTANT_PERTURB|OP_SIGN_FLIP,"Contains verifiable math expression eligible for OP_CONSTANT_PERTURB, OP_SIGN_FLIP",N/A
math500_062,5,ALGEBRAIC_SIMPLIFICATION,OP_CONSTANT_PERTURB|OP_SIGN_FLIP|OP_FRACTION_FLIP,"Contains verifiable math expression eligible for OP_CONSTANT_PERTURB, OP_SIGN_FLIP, OP_FRACTION_FLIP",N/A
math500_062,6,ALGEBRAIC_SIMPLIFICATION,OP_SIGN_FLIP,Contains verifiable math expression eligible for OP_SIGN_FLIP,N/A
math500_062,7,ALGEBRAIC_SIMPLIFICATION,OP_SIGN_FLIP,Contains verifiable math expression eligible for OP_SIGN_FLIP,N/A
math500_062,8,ALGEBRAIC_SIMPLIFICATION,OP_CONSTANT_PERTURB|OP_SIGN_FLIP|OP_FRACTION_FLIP,"Contains verifiable math expression eligible for OP_CONSTANT_PERTURB, OP_SIGN_FLIP, OP_FRACTION_FLIP",N/A
math500_062,9,CONCEPTUAL_PROSE,NONE,N/A,Operation type CONCEPTUAL_PROSE does not contain deterministic numeric/algebraic target transition
math500_062,10,EQUATION_DERIVATION,OP_CONSTANT_PERTURB|OP_SIGN_FLIP|OP_TERM_SWAP|OP_FRACTION_FLIP,"Contains verifiable math expression eligible for OP_CONSTANT_PERTURB, OP_SIGN_FLIP, OP_TERM_SWAP, OP_FRACTION_FLIP",N/A
math500_062,11,CONCEPTUAL_PROSE,NONE,N/A,Operation type CONCEPTUAL_PROSE does not contain deterministic numeric/algebraic target transition
math500_062,12,ALGEBRAIC_SIMPLIFICATION,OP_SIGN_FLIP,Contains verifiable math expression eligible for OP_SIGN_FLIP,N/A
math500_062,13,EQUATION_DERIVATION,OP_CONSTANT_PERTURB|OP_SIGN_FLIP|OP_TERM_SWAP,"Contains verifiable math expression eligible for OP_CONSTANT_PERTURB, OP_SIGN_FLIP, OP_TERM_SWAP",N/A
math500_062,14,CONCEPTUAL_PROSE,NONE,N/A,Operation type CONCEPTUAL_PROSE does not contain deterministic numeric/algebraic target transition
math500_062,15,CONCEPTUAL_PROSE,NONE,N/A,Operation type CONCEPTUAL_PROSE does not contain deterministic numeric/algebraic target transition
math500_062,16,ALGEBRAIC_SIMPLIFICATION,OP_CONSTANT_PERTURB|OP_SIGN_FLIP,"Contains verifiable math expression eligible for OP_CONSTANT_PERTURB, OP_SIGN_FLIP",N/A
math500_062,17,ALGEBRAIC_SIMPLIFICATION,OP_CONSTANT_PERTURB|OP_SIGN_FLIP,"Contains verifiable math expression eligible for OP_CONSTANT_PERTURB, OP_SIGN_FLIP",N/A
math500_062,18,ALGEBRAIC_SIMPLIFICATION,OP_CONSTANT_PERTURB|OP_SIGN_FLIP,"Contains verifiable math expression eligible for OP_CONSTANT_PERTURB, OP_SIGN_FLIP",N/A
math500_062,19,FINAL_ANSWER,NONE,N/A,Operation type FINAL_ANSWER does not contain deterministic numeric/algebraic target transition
math500_062,20,CONCEPTUAL_PROSE,NONE,N/A,Operation type CONCEPTUAL_PROSE does not contain deterministic numeric/algebraic target transition
math500_062,21,EQUATION_DERIVATION,OP_CONSTANT_PERTURB|OP_TERM_SWAP,"Contains verifiable math expression eligible for OP_CONSTANT_PERTURB, OP_TERM_SWAP",N/A
math500_063,0,ALGEBRAIC_SIMPLIFICATION,OP_CONSTANT_PERTURB|OP_SIGN_FLIP,"Contains verifiable math expression eligible for OP_CONSTANT_PERTURB, OP_SIGN_FLIP",N/A
math500_063,1,EQUATION_DERIVATION,OP_CONSTANT_PERTURB|OP_SIGN_FLIP|OP_TERM_SWAP,"Contains verifiable math expression eligible for OP_CONSTANT_PERTURB, OP_SIGN_FLIP, OP_TERM_SWAP",N/A
math500_063,2,CONCEPTUAL_PROSE,NONE,N/A,Operation type CONCEPTUAL_PROSE does not contain deterministic numeric/algebraic target transition
math500_063,3,EQUATION_DERIVATION,OP_CONSTANT_PERTURB|OP_SIGN_FLIP|OP_TERM_SWAP,"Contains verifiable math expression eligible for OP_CONSTANT_PERTURB, OP_SIGN_FLIP, OP_TERM_SWAP",N/A
math500_063,4,CONCEPTUAL_PROSE,NONE,N/A,Operation type CONCEPTUAL_PROSE does not contain deterministic numeric/algebraic target transition
math500_063,5,EQUATION_DERIVATION,OP_CONSTANT_PERTURB|OP_SIGN_FLIP|OP_TERM_SWAP,"Contains verifiable math expression eligible for OP_CONSTANT_PERTURB, OP_SIGN_FLIP, OP_TERM_SWAP",N/A
math500_063,6,FINAL_ANSWER,NONE,N/A,Operation type FINAL_ANSWER does not contain deterministic numeric/algebraic target transition
math500_064,0,CONCEPTUAL_PROSE,NONE,N/A,Operation type CONCEPTUAL_PROSE does not contain deterministic numeric/algebraic target transition
math500_064,1,EQUATION_DERIVATION,OP_SIGN_FLIP|OP_TERM_SWAP|OP_FRACTION_FLIP,"Contains verifiable math expression eligible for OP_SIGN_FLIP, OP_TERM_SWAP, OP_FRACTION_FLIP",N/A
math500_064,2,FINAL_ANSWER,NONE,N/A,Operation type FINAL_ANSWER does not contain deterministic numeric/algebraic target transition
math500_065,0,FINAL_ANSWER,NONE,N/A,Operation type FINAL_ANSWER does not contain deterministic numeric/algebraic target transition
math500_066,0,FINAL_ANSWER,NONE,N/A,Operation type FINAL_ANSWER does not contain deterministic numeric/algebraic target transition
math500_067,0,CONCEPTUAL_PROSE,NONE,N/A,Operation type CONCEPTUAL_PROSE does not contain deterministic numeric/algebraic target transition
math500_067,1,CONCEPTUAL_PROSE,NONE,N/A,Operation type CONCEPTUAL_PROSE does not contain deterministic numeric/algebraic target transition
math500_067,2,EQUATION_DERIVATION,OP_CONSTANT_PERTURB|OP_TERM_SWAP,"Contains verifiable math expression eligible for OP_CONSTANT_PERTURB, OP_TERM_SWAP",N/A
math500_067,3,FINAL_ANSWER,NONE,N/A,Operation type FINAL_ANSWER does not contain deterministic numeric/algebraic target transition
math500_068,0,EQUATION_DERIVATION,OP_CONSTANT_PERTURB|OP_SIGN_FLIP|OP_TERM_SWAP|OP_FRACTION_FLIP,"Contains verifiable math expression eligible for OP_CONSTANT_PERTURB, OP_SIGN_FLIP, OP_TERM_SWAP, OP_FRACTION_FLIP",N/A
math500_068,1,EQUATION_DERIVATION,OP_CONSTANT_PERTURB|OP_SIGN_FLIP|OP_TERM_SWAP,"Contains verifiable math expression eligible for OP_CONSTANT_PERTURB, OP_SIGN_FLIP, OP_TERM_SWAP",N/A
math500_068,2,FINAL_ANSWER,NONE,N/A,Operation type FINAL_ANSWER does not contain deterministic numeric/algebraic target transition
math500_069,0,EQUATION_DERIVATION,OP_CONSTANT_PERTURB|OP_SIGN_FLIP|OP_TERM_SWAP,"Contains verifiable math expression eligible for OP_CONSTANT_PERTURB, OP_SIGN_FLIP, OP_TERM_SWAP",N/A
math500_069,1,EQUATION_DERIVATION,OP_CONSTANT_PERTURB|OP_SIGN_FLIP|OP_TERM_SWAP,"Contains verifiable math expression eligible for OP_CONSTANT_PERTURB, OP_SIGN_FLIP, OP_TERM_SWAP",N/A
math500_069,2,EQUATION_DERIVATION,OP_CONSTANT_PERTURB|OP_SIGN_FLIP|OP_TERM_SWAP,"Contains verifiable math expression eligible for OP_CONSTANT_PERTURB, OP_SIGN_FLIP, OP_TERM_SWAP",N/A
math500_069,3,CONCEPTUAL_PROSE,NONE,N/A,Operation type CONCEPTUAL_PROSE does not contain deterministic numeric/algebraic target transition
math500_069,4,FINAL_ANSWER,NONE,N/A,Operation type FINAL_ANSWER does not contain deterministic numeric/algebraic target transition
math500_070,0,CONCEPTUAL_PROSE,NONE,N/A,Operation type CONCEPTUAL_PROSE does not contain deterministic numeric/algebraic target transition
math500_070,1,FINAL_ANSWER,NONE,N/A,Operation type FINAL_ANSWER does not contain deterministic numeric/algebraic target transition
math500_071,0,EQUATION_DERIVATION,OP_CONSTANT_PERTURB|OP_TERM_SWAP,"Contains verifiable math expression eligible for OP_CONSTANT_PERTURB, OP_TERM_SWAP",N/A
math500_071,1,EQUATION_DERIVATION,OP_TERM_SWAP,Contains verifiable math expression eligible for OP_TERM_SWAP,N/A
math500_071,2,EQUATION_DERIVATION,OP_TERM_SWAP,Contains verifiable math expression eligible for OP_TERM_SWAP,N/A
math500_071,3,EQUATION_DERIVATION,OP_SIGN_FLIP|OP_TERM_SWAP,"Contains verifiable math expression eligible for OP_SIGN_FLIP, OP_TERM_SWAP",N/A
math500_071,4,FINAL_ANSWER,NONE,N/A,Operation type FINAL_ANSWER does not contain deterministic numeric/algebraic target transition
math500_072,0,ALGEBRAIC_SIMPLIFICATION,OP_CONSTANT_PERTURB|OP_FRACTION_FLIP,"Contains verifiable math expression eligible for OP_CONSTANT_PERTURB, OP_FRACTION_FLIP",N/A
math500_072,1,EQUATION_DERIVATION,OP_CONSTANT_PERTURB|OP_TERM_SWAP|OP_FRACTION_FLIP,"Contains verifiable math expression eligible for OP_CONSTANT_PERTURB, OP_TERM_SWAP, OP_FRACTION_FLIP",N/A
math500_072,2,ALGEBRAIC_SIMPLIFICATION,OP_CONSTANT_PERTURB,Contains verifiable math expression eligible for OP_CONSTANT_PERTURB,N/A
math500_072,3,EQUATION_DERIVATION,OP_CONSTANT_PERTURB|OP_TERM_SWAP|OP_FRACTION_FLIP,"Contains verifiable math expression eligible for OP_CONSTANT_PERTURB, OP_TERM_SWAP, OP_FRACTION_FLIP",N/A
math500_072,4,FINAL_ANSWER,NONE,N/A,Operation type FINAL_ANSWER does not contain deterministic numeric/algebraic target transition
math500_073,0,FINAL_ANSWER,NONE,N/A,Operation type FINAL_ANSWER does not contain deterministic numeric/algebraic target transition
math500_074,0,FINAL_ANSWER,NONE,N/A,Operation type FINAL_ANSWER does not contain deterministic numeric/algebraic target transition
math500_075,0,CONCEPTUAL_PROSE,NONE,N/A,Operation type CONCEPTUAL_PROSE does not contain deterministic numeric/algebraic target transition
math500_075,1,EQUATION_DERIVATION,OP_CONSTANT_PERTURB|OP_TERM_SWAP,"Contains verifiable math expression eligible for OP_CONSTANT_PERTURB, OP_TERM_SWAP",N/A
math500_075,2,FINAL_ANSWER,NONE,N/A,Operation type FINAL_ANSWER does not contain deterministic numeric/algebraic target transition
math500_076,0,ALGEBRAIC_SIMPLIFICATION,OP_CONSTANT_PERTURB,Contains verifiable math expression eligible for OP_CONSTANT_PERTURB,N/A
math500_076,1,EQUATION_DERIVATION,OP_CONSTANT_PERTURB|OP_TERM_SWAP,"Contains verifiable math expression eligible for OP_CONSTANT_PERTURB, OP_TERM_SWAP",N/A
math500_076,2,CONCEPTUAL_PROSE,NONE,N/A,Operation type CONCEPTUAL_PROSE does not contain deterministic numeric/algebraic target transition
math500_076,3,FINAL_ANSWER,NONE,N/A,Operation type FINAL_ANSWER does not contain deterministic numeric/algebraic target transition
math500_077,0,EQUATION_DERIVATION,OP_CONSTANT_PERTURB|OP_TERM_SWAP,"Contains verifiable math expression eligible for OP_CONSTANT_PERTURB, OP_TERM_SWAP",N/A
math500_077,1,FINAL_ANSWER,NONE,N/A,Operation type FINAL_ANSWER does not contain deterministic numeric/algebraic target transition
math500_078,0,EQUATION_DERIVATION,OP_CONSTANT_PERTURB|OP_SIGN_FLIP|OP_TERM_SWAP,"Contains verifiable math expression eligible for OP_CONSTANT_PERTURB, OP_SIGN_FLIP, OP_TERM_SWAP",N/A
math500_078,1,EQUATION_DERIVATION,OP_CONSTANT_PERTURB|OP_SIGN_FLIP|OP_TERM_SWAP,"Contains verifiable math expression eligible for OP_CONSTANT_PERTURB, OP_SIGN_FLIP, OP_TERM_SWAP",N/A
math500_078,2,EQUATION_DERIVATION,OP_CONSTANT_PERTURB|OP_SIGN_FLIP|OP_TERM_SWAP,"Contains verifiable math expression eligible for OP_CONSTANT_PERTURB, OP_SIGN_FLIP, OP_TERM_SWAP",N/A
math500_078,3,EQUATION_DERIVATION,OP_CONSTANT_PERTURB|OP_SIGN_FLIP|OP_TERM_SWAP,"Contains verifiable math expression eligible for OP_CONSTANT_PERTURB, OP_SIGN_FLIP, OP_TERM_SWAP",N/A
math500_078,4,EQUATION_DERIVATION,OP_CONSTANT_PERTURB|OP_TERM_SWAP,"Contains verifiable math expression eligible for OP_CONSTANT_PERTURB, OP_TERM_SWAP",N/A
math500_078,5,FINAL_ANSWER,NONE,N/A,Operation type FINAL_ANSWER does not contain deterministic numeric/algebraic target transition
math500_079,0,FINAL_ANSWER,NONE,N/A,Operation type FINAL_ANSWER does not contain deterministic numeric/algebraic target transition
math500_081,0,CONCEPTUAL_PROSE,NONE,N/A,Operation type CONCEPTUAL_PROSE does not contain deterministic numeric/algebraic target transition
math500_081,1,EQUATION_DERIVATION,OP_SIGN_FLIP|OP_TERM_SWAP,"Contains verifiable math expression eligible for OP_SIGN_FLIP, OP_TERM_SWAP",N/A
math500_081,2,FINAL_ANSWER,NONE,N/A,Operation type FINAL_ANSWER does not contain deterministic numeric/algebraic target transition
math500_082,0,CONCEPTUAL_PROSE,NONE,N/A,Operation type CONCEPTUAL_PROSE does not contain deterministic numeric/algebraic target transition
math500_082,1,CONCEPTUAL_PROSE,NONE,N/A,Operation type CONCEPTUAL_PROSE does not contain deterministic numeric/algebraic target transition
math500_082,2,CONCEPTUAL_PROSE,NONE,N/A,Operation type CONCEPTUAL_PROSE does not contain deterministic numeric/algebraic target transition
math500_082,3,ALGEBRAIC_SIMPLIFICATION,OP_CONSTANT_PERTURB|OP_SIGN_FLIP,"Contains verifiable math expression eligible for OP_CONSTANT_PERTURB, OP_SIGN_FLIP",N/A
math500_082,4,ALGEBRAIC_SIMPLIFICATION,OP_CONSTANT_PERTURB|OP_SIGN_FLIP,"Contains verifiable math expression eligible for OP_CONSTANT_PERTURB, OP_SIGN_FLIP",N/A
math500_082,5,CONCEPTUAL_PROSE,NONE,N/A,Operation type CONCEPTUAL_PROSE does not contain deterministic numeric/algebraic target transition
math500_082,6,FINAL_ANSWER,NONE,N/A,Operation type FINAL_ANSWER does not contain deterministic numeric/algebraic target transition
math500_083,0,EQUATION_DERIVATION,OP_CONSTANT_PERTURB|OP_SIGN_FLIP|OP_TERM_SWAP,"Contains verifiable math expression eligible for OP_CONSTANT_PERTURB, OP_SIGN_FLIP, OP_TERM_SWAP",N/A
math500_083,1,ALGEBRAIC_SIMPLIFICATION,OP_CONSTANT_PERTURB,Contains verifiable math expression eligible for OP_CONSTANT_PERTURB,N/A
math500_083,2,FINAL_ANSWER,NONE,N/A,Operation type FINAL_ANSWER does not contain deterministic numeric/algebraic target transition
math500_083,3,ALGEBRAIC_SIMPLIFICATION,OP_CONSTANT_PERTURB|OP_SIGN_FLIP,"Contains verifiable math expression eligible for OP_CONSTANT_PERTURB, OP_SIGN_FLIP",N/A
math500_084,0,CONCEPTUAL_PROSE,NONE,N/A,Operation type CONCEPTUAL_PROSE does not contain deterministic numeric/algebraic target transition
math500_084,1,EQUATION_DERIVATION,OP_CONSTANT_PERTURB|OP_SIGN_FLIP|OP_TERM_SWAP,"Contains verifiable math expression eligible for OP_CONSTANT_PERTURB, OP_SIGN_FLIP, OP_TERM_SWAP",N/A
math500_084,2,CONCEPTUAL_PROSE,NONE,N/A,Operation type CONCEPTUAL_PROSE does not contain deterministic numeric/algebraic target transition
math500_084,3,EQUATION_DERIVATION,OP_CONSTANT_PERTURB|OP_SIGN_FLIP|OP_TERM_SWAP,"Contains verifiable math expression eligible for OP_CONSTANT_PERTURB, OP_SIGN_FLIP, OP_TERM_SWAP",N/A
math500_084,4,FINAL_ANSWER,NONE,N/A,Operation type FINAL_ANSWER does not contain deterministic numeric/algebraic target transition
math500_085,0,CONCEPTUAL_PROSE,NONE,N/A,Operation type CONCEPTUAL_PROSE does not contain deterministic numeric/algebraic target transition
math500_085,1,ALGEBRAIC_SIMPLIFICATION,NONE,N/A,No standard numeric/sign operators found in equation string
math500_085,2,FINAL_ANSWER,NONE,N/A,Operation type FINAL_ANSWER does not contain deterministic numeric/algebraic target transition
math500_086,0,FINAL_ANSWER,NONE,N/A,Operation type FINAL_ANSWER does not contain deterministic numeric/algebraic target transition
math500_088,0,EQUATION_DERIVATION,OP_CONSTANT_PERTURB|OP_SIGN_FLIP|OP_TERM_SWAP,"Contains verifiable math expression eligible for OP_CONSTANT_PERTURB, OP_SIGN_FLIP, OP_TERM_SWAP",N/A
math500_088,1,CONCEPTUAL_PROSE,NONE,N/A,Operation type CONCEPTUAL_PROSE does not contain deterministic numeric/algebraic target transition
math500_088,2,ALGEBRAIC_SIMPLIFICATION,OP_SIGN_FLIP,Contains verifiable math expression eligible for OP_SIGN_FLIP,N/A
math500_088,3,CONCEPTUAL_PROSE,NONE,N/A,Operation type CONCEPTUAL_PROSE does not contain deterministic numeric/algebraic target transition
math500_088,4,ALGEBRAIC_SIMPLIFICATION,OP_CONSTANT_PERTURB|OP_SIGN_FLIP,"Contains verifiable math expression eligible for OP_CONSTANT_PERTURB, OP_SIGN_FLIP",N/A
math500_088,5,ALGEBRAIC_SIMPLIFICATION,OP_CONSTANT_PERTURB|OP_SIGN_FLIP,"Contains verifiable math expression eligible for OP_CONSTANT_PERTURB, OP_SIGN_FLIP",N/A
math500_088,6,CONCEPTUAL_PROSE,NONE,N/A,Operation type CONCEPTUAL_PROSE does not contain deterministic numeric/algebraic target transition
math500_088,7,ALGEBRAIC_SIMPLIFICATION,OP_CONSTANT_PERTURB|OP_SIGN_FLIP,"Contains verifiable math expression eligible for OP_CONSTANT_PERTURB, OP_SIGN_FLIP",N/A
math500_088,8,FINAL_ANSWER,NONE,N/A,Operation type FINAL_ANSWER does not contain deterministic numeric/algebraic target transition
math500_088,9,EQUATION_DERIVATION,OP_CONSTANT_PERTURB|OP_TERM_SWAP,"Contains verifiable math expression eligible for OP_CONSTANT_PERTURB, OP_TERM_SWAP",N/A
math500_088,10,EQUATION_DERIVATION,OP_CONSTANT_PERTURB|OP_SIGN_FLIP|OP_TERM_SWAP,"Contains verifiable math expression eligible for OP_CONSTANT_PERTURB, OP_SIGN_FLIP, OP_TERM_SWAP",N/A
math500_088,11,ALGEBRAIC_SIMPLIFICATION,OP_CONSTANT_PERTURB|OP_SIGN_FLIP,"Contains verifiable math expression eligible for OP_CONSTANT_PERTURB, OP_SIGN_FLIP",N/A
math500_088,12,ALGEBRAIC_SIMPLIFICATION,OP_CONSTANT_PERTURB|OP_SIGN_FLIP,"Contains verifiable math expression eligible for OP_CONSTANT_PERTURB, OP_SIGN_FLIP",N/A
math500_088,13,ALGEBRAIC_SIMPLIFICATION,OP_CONSTANT_PERTURB,Contains verifiable math expression eligible for OP_CONSTANT_PERTURB,N/A
math500_089,0,CONCEPTUAL_PROSE,NONE,N/A,Operation type CONCEPTUAL_PROSE does not contain deterministic numeric/algebraic target transition
math500_089,1,EQUATION_DERIVATION,OP_CONSTANT_PERTURB|OP_SIGN_FLIP|OP_TERM_SWAP,"Contains verifiable math expression eligible for OP_CONSTANT_PERTURB, OP_SIGN_FLIP, OP_TERM_SWAP",N/A
math500_089,2,FINAL_ANSWER,NONE,N/A,Operation type FINAL_ANSWER does not contain deterministic numeric/algebraic target transition
math500_090,0,CONCEPTUAL_PROSE,NONE,N/A,Operation type CONCEPTUAL_PROSE does not contain deterministic numeric/algebraic target transition
math500_090,1,FINAL_ANSWER,NONE,N/A,Operation type FINAL_ANSWER does not contain deterministic numeric/algebraic target transition
math500_091,0,ALGEBRAIC_SIMPLIFICATION,OP_CONSTANT_PERTURB|OP_SIGN_FLIP,"Contains verifiable math expression eligible for OP_CONSTANT_PERTURB, OP_SIGN_FLIP",N/A
math500_091,1,EQUATION_DERIVATION,OP_CONSTANT_PERTURB|OP_SIGN_FLIP,"Contains verifiable math expression eligible for OP_CONSTANT_PERTURB, OP_SIGN_FLIP",N/A
math500_091,2,FINAL_ANSWER,NONE,N/A,Operation type FINAL_ANSWER does not contain deterministic numeric/algebraic target transition
math500_092,0,EQUATION_DERIVATION,OP_CONSTANT_PERTURB|OP_TERM_SWAP,"Contains verifiable math expression eligible for OP_CONSTANT_PERTURB, OP_TERM_SWAP",N/A
math500_092,1,ALGEBRAIC_SIMPLIFICATION,OP_CONSTANT_PERTURB|OP_FRACTION_FLIP,"Contains verifiable math expression eligible for OP_CONSTANT_PERTURB, OP_FRACTION_FLIP",N/A
math500_092,2,FINAL_ANSWER,NONE,N/A,Operation type FINAL_ANSWER does not contain deterministic numeric/algebraic target transition
math500_093,0,EQUATION_DERIVATION,OP_CONSTANT_PERTURB|OP_SIGN_FLIP|OP_TERM_SWAP,"Contains verifiable math expression eligible for OP_CONSTANT_PERTURB, OP_SIGN_FLIP, OP_TERM_SWAP",N/A
math500_093,1,EQUATION_DERIVATION,OP_CONSTANT_PERTURB|OP_SIGN_FLIP|OP_TERM_SWAP,"Contains verifiable math expression eligible for OP_CONSTANT_PERTURB, OP_SIGN_FLIP, OP_TERM_SWAP",N/A
math500_093,2,FINAL_ANSWER,NONE,N/A,Operation type FINAL_ANSWER does not contain deterministic numeric/algebraic target transition
math500_094,0,ALGEBRAIC_SIMPLIFICATION,OP_CONSTANT_PERTURB,Contains verifiable math expression eligible for OP_CONSTANT_PERTURB,N/A
math500_094,1,EQUATION_DERIVATION,OP_CONSTANT_PERTURB|OP_SIGN_FLIP|OP_TERM_SWAP,"Contains verifiable math expression eligible for OP_CONSTANT_PERTURB, OP_SIGN_FLIP, OP_TERM_SWAP",N/A
math500_094,2,ALGEBRAIC_SIMPLIFICATION,OP_CONSTANT_PERTURB,Contains verifiable math expression eligible for OP_CONSTANT_PERTURB,N/A
math500_094,3,EQUATION_DERIVATION,OP_CONSTANT_PERTURB|OP_SIGN_FLIP|OP_TERM_SWAP,"Contains verifiable math expression eligible for OP_CONSTANT_PERTURB, OP_SIGN_FLIP, OP_TERM_SWAP",N/A
math500_094,4,EQUATION_DERIVATION,OP_CONSTANT_PERTURB|OP_SIGN_FLIP|OP_TERM_SWAP,"Contains verifiable math expression eligible for OP_CONSTANT_PERTURB, OP_SIGN_FLIP, OP_TERM_SWAP",N/A
math500_094,5,FINAL_ANSWER,NONE,N/A,Operation type FINAL_ANSWER does not contain deterministic numeric/algebraic target transition
math500_095,0,ALGEBRAIC_SIMPLIFICATION,OP_CONSTANT_PERTURB|OP_SIGN_FLIP,"Contains verifiable math expression eligible for OP_CONSTANT_PERTURB, OP_SIGN_FLIP",N/A
math500_095,1,EQUATION_DERIVATION,OP_CONSTANT_PERTURB|OP_SIGN_FLIP|OP_TERM_SWAP|OP_FRACTION_FLIP,"Contains verifiable math expression eligible for OP_CONSTANT_PERTURB, OP_SIGN_FLIP, OP_TERM_SWAP, OP_FRACTION_FLIP",N/A
math500_095,2,FINAL_ANSWER,NONE,N/A,Operation type FINAL_ANSWER does not contain deterministic numeric/algebraic target transition
math500_096,0,CONCEPTUAL_PROSE,NONE,N/A,Operation type CONCEPTUAL_PROSE does not contain deterministic numeric/algebraic target transition
math500_096,1,EQUATION_DERIVATION,OP_CONSTANT_PERTURB|OP_SIGN_FLIP|OP_TERM_SWAP|OP_FRACTION_FLIP,"Contains verifiable math expression eligible for OP_CONSTANT_PERTURB, OP_SIGN_FLIP, OP_TERM_SWAP, OP_FRACTION_FLIP",N/A
math500_096,2,CONCEPTUAL_PROSE,NONE,N/A,Operation type CONCEPTUAL_PROSE does not contain deterministic numeric/algebraic target transition
math500_096,3,EQUATION_DERIVATION,OP_CONSTANT_PERTURB|OP_SIGN_FLIP|OP_TERM_SWAP|OP_FRACTION_FLIP,"Contains verifiable math expression eligible for OP_CONSTANT_PERTURB, OP_SIGN_FLIP, OP_TERM_SWAP, OP_FRACTION_FLIP",N/A
math500_096,4,CONCEPTUAL_PROSE,NONE,N/A,Operation type CONCEPTUAL_PROSE does not contain deterministic numeric/algebraic target transition
math500_096,5,EQUATION_DERIVATION,OP_CONSTANT_PERTURB|OP_SIGN_FLIP|OP_TERM_SWAP|OP_FRACTION_FLIP,"Contains verifiable math expression eligible for OP_CONSTANT_PERTURB, OP_SIGN_FLIP, OP_TERM_SWAP, OP_FRACTION_FLIP",N/A
math500_096,6,CONCEPTUAL_PROSE,NONE,N/A,Operation type CONCEPTUAL_PROSE does not contain deterministic numeric/algebraic target transition
math500_096,7,EQUATION_DERIVATION,OP_CONSTANT_PERTURB|OP_SIGN_FLIP|OP_TERM_SWAP|OP_FRACTION_FLIP,"Contains verifiable math expression eligible for OP_CONSTANT_PERTURB, OP_SIGN_FLIP, OP_TERM_SWAP, OP_FRACTION_FLIP",N/A
math500_096,8,EQUATION_DERIVATION,OP_CONSTANT_PERTURB|OP_SIGN_FLIP|OP_TERM_SWAP,"Contains verifiable math expression eligible for OP_CONSTANT_PERTURB, OP_SIGN_FLIP, OP_TERM_SWAP",N/A
math500_096,9,EQUATION_DERIVATION,OP_CONSTANT_PERTURB|OP_SIGN_FLIP|OP_TERM_SWAP|OP_FRACTION_FLIP,"Contains verifiable math expression eligible for OP_CONSTANT_PERTURB, OP_SIGN_FLIP, OP_TERM_SWAP, OP_FRACTION_FLIP",N/A
math500_096,10,ALGEBRAIC_SIMPLIFICATION,OP_CONSTANT_PERTURB|OP_SIGN_FLIP,"Contains verifiable math expression eligible for OP_CONSTANT_PERTURB, OP_SIGN_FLIP",N/A
math500_096,11,EQUATION_DERIVATION,OP_CONSTANT_PERTURB|OP_SIGN_FLIP|OP_TERM_SWAP,"Contains verifiable math expression eligible for OP_CONSTANT_PERTURB, OP_SIGN_FLIP, OP_TERM_SWAP",N/A
math500_096,12,FINAL_ANSWER,NONE,N/A,Operation type FINAL_ANSWER does not contain deterministic numeric/algebraic target transition
math500_097,0,CONCEPTUAL_PROSE,NONE,N/A,Operation type CONCEPTUAL_PROSE does not contain deterministic numeric/algebraic target transition
math500_097,1,CONCEPTUAL_PROSE,NONE,N/A,Operation type CONCEPTUAL_PROSE does not contain deterministic numeric/algebraic target transition
math500_097,2,FINAL_ANSWER,NONE,N/A,Operation type FINAL_ANSWER does not contain deterministic numeric/algebraic target transition
math500_098,0,FINAL_ANSWER,NONE,N/A,Operation type FINAL_ANSWER does not contain deterministic numeric/algebraic target transition
math500_099,0,EQUATION_DERIVATION,OP_CONSTANT_PERTURB|OP_SIGN_FLIP|OP_TERM_SWAP,"Contains verifiable math expression eligible for OP_CONSTANT_PERTURB, OP_SIGN_FLIP, OP_TERM_SWAP",N/A
math500_099,1,CONCEPTUAL_PROSE,NONE,N/A,Operation type CONCEPTUAL_PROSE does not contain deterministic numeric/algebraic target transition
math500_099,2,EQUATION_DERIVATION,OP_CONSTANT_PERTURB|OP_SIGN_FLIP|OP_TERM_SWAP,"Contains verifiable math expression eligible for OP_CONSTANT_PERTURB, OP_SIGN_FLIP, OP_TERM_SWAP",N/A
math500_099,3,FINAL_ANSWER,NONE,N/A,Operation type FINAL_ANSWER does not contain deterministic numeric/algebraic target transition
math500_100,0,EQUATION_DERIVATION,OP_CONSTANT_PERTURB|OP_SIGN_FLIP|OP_TERM_SWAP,"Contains verifiable math expression eligible for OP_CONSTANT_PERTURB, OP_SIGN_FLIP, OP_TERM_SWAP",N/A
math500_100,1,FINAL_ANSWER,NONE,N/A,Operation type FINAL_ANSWER does not contain deterministic numeric/algebraic target transition
math500_101,0,EQUATION_DERIVATION,OP_CONSTANT_PERTURB|OP_SIGN_FLIP|OP_TERM_SWAP,"Contains verifiable math expression eligible for OP_CONSTANT_PERTURB, OP_SIGN_FLIP, OP_TERM_SWAP",N/A
math500_101,1,EQUATION_DERIVATION,OP_CONSTANT_PERTURB|OP_SIGN_FLIP|OP_TERM_SWAP|OP_FRACTION_FLIP,"Contains verifiable math expression eligible for OP_CONSTANT_PERTURB, OP_SIGN_FLIP, OP_TERM_SWAP, OP_FRACTION_FLIP",N/A
math500_101,2,ALGEBRAIC_SIMPLIFICATION,OP_CONSTANT_PERTURB|OP_SIGN_FLIP|OP_FRACTION_FLIP,"Contains verifiable math expression eligible for OP_CONSTANT_PERTURB, OP_SIGN_FLIP, OP_FRACTION_FLIP",N/A
math500_101,3,EQUATION_DERIVATION,OP_CONSTANT_PERTURB|OP_SIGN_FLIP|OP_TERM_SWAP|OP_FRACTION_FLIP,"Contains verifiable math expression eligible for OP_CONSTANT_PERTURB, OP_SIGN_FLIP, OP_TERM_SWAP, OP_FRACTION_FLIP",N/A
math500_101,4,EQUATION_DERIVATION,OP_CONSTANT_PERTURB|OP_SIGN_FLIP|OP_TERM_SWAP|OP_FRACTION_FLIP,"Contains verifiable math expression eligible for OP_CONSTANT_PERTURB, OP_SIGN_FLIP, OP_TERM_SWAP, OP_FRACTION_FLIP",N/A
math500_101,5,CONCEPTUAL_PROSE,NONE,N/A,Operation type CONCEPTUAL_PROSE does not contain deterministic numeric/algebraic target transition
math500_101,6,EQUATION_DERIVATION,OP_CONSTANT_PERTURB|OP_SIGN_FLIP|OP_TERM_SWAP|OP_FRACTION_FLIP,"Contains verifiable math expression eligible for OP_CONSTANT_PERTURB, OP_SIGN_FLIP, OP_TERM_SWAP, OP_FRACTION_FLIP",N/A
math500_101,7,ALGEBRAIC_SIMPLIFICATION,OP_CONSTANT_PERTURB|OP_FRACTION_FLIP,"Contains verifiable math expression eligible for OP_CONSTANT_PERTURB, OP_FRACTION_FLIP",N/A
math500_101,8,EQUATION_DERIVATION,OP_CONSTANT_PERTURB|OP_SIGN_FLIP|OP_TERM_SWAP|OP_FRACTION_FLIP,"Contains verifiable math expression eligible for OP_CONSTANT_PERTURB, OP_SIGN_FLIP, OP_TERM_SWAP, OP_FRACTION_FLIP",N/A
math500_101,9,EQUATION_DERIVATION,OP_CONSTANT_PERTURB|OP_SIGN_FLIP|OP_TERM_SWAP,"Contains verifiable math expression eligible for OP_CONSTANT_PERTURB, OP_SIGN_FLIP, OP_TERM_SWAP",N/A
math500_101,10,EQUATION_DERIVATION,OP_CONSTANT_PERTURB|OP_SIGN_FLIP|OP_TERM_SWAP,"Contains verifiable math expression eligible for OP_CONSTANT_PERTURB, OP_SIGN_FLIP, OP_TERM_SWAP",N/A
math500_101,11,CONCEPTUAL_PROSE,NONE,N/A,Operation type CONCEPTUAL_PROSE does not contain deterministic numeric/algebraic target transition
math500_101,12,EQUATION_DERIVATION,OP_CONSTANT_PERTURB|OP_SIGN_FLIP|OP_TERM_SWAP|OP_FRACTION_FLIP,"Contains verifiable math expression eligible for OP_CONSTANT_PERTURB, OP_SIGN_FLIP, OP_TERM_SWAP, OP_FRACTION_FLIP",N/A
math500_101,13,CONCEPTUAL_PROSE,NONE,N/A,Operation type CONCEPTUAL_PROSE does not contain deterministic numeric/algebraic target transition
math500_101,14,FINAL_ANSWER,NONE,N/A,Operation type FINAL_ANSWER does not contain deterministic numeric/algebraic target transition
math500_102,0,EQUATION_DERIVATION,OP_CONSTANT_PERTURB|OP_SIGN_FLIP|OP_TERM_SWAP,"Contains verifiable math expression eligible for OP_CONSTANT_PERTURB, OP_SIGN_FLIP, OP_TERM_SWAP",N/A
math500_102,1,FINAL_ANSWER,NONE,N/A,Operation type FINAL_ANSWER does not contain deterministic numeric/algebraic target transition
math500_103,0,CONCEPTUAL_PROSE,NONE,N/A,Operation type CONCEPTUAL_PROSE does not contain deterministic numeric/algebraic target transition
math500_103,1,EQUATION_DERIVATION,OP_CONSTANT_PERTURB|OP_SIGN_FLIP|OP_TERM_SWAP,"Contains verifiable math expression eligible for OP_CONSTANT_PERTURB, OP_SIGN_FLIP, OP_TERM_SWAP",N/A
math500_103,2,EQUATION_DERIVATION,OP_CONSTANT_PERTURB|OP_SIGN_FLIP|OP_TERM_SWAP,"Contains verifiable math expression eligible for OP_CONSTANT_PERTURB, OP_SIGN_FLIP, OP_TERM_SWAP",N/A
math500_103,3,EQUATION_DERIVATION,OP_CONSTANT_PERTURB|OP_SIGN_FLIP|OP_TERM_SWAP,"Contains verifiable math expression eligible for OP_CONSTANT_PERTURB, OP_SIGN_FLIP, OP_TERM_SWAP",N/A
math500_103,4,EQUATION_DERIVATION,OP_CONSTANT_PERTURB|OP_SIGN_FLIP|OP_TERM_SWAP,"Contains verifiable math expression eligible for OP_CONSTANT_PERTURB, OP_SIGN_FLIP, OP_TERM_SWAP",N/A
math500_103,5,ALGEBRAIC_SIMPLIFICATION,OP_CONSTANT_PERTURB|OP_SIGN_FLIP,"Contains verifiable math expression eligible for OP_CONSTANT_PERTURB, OP_SIGN_FLIP",N/A
math500_103,6,EQUATION_DERIVATION,OP_CONSTANT_PERTURB|OP_SIGN_FLIP|OP_TERM_SWAP,"Contains verifiable math expression eligible for OP_CONSTANT_PERTURB, OP_SIGN_FLIP, OP_TERM_SWAP",N/A
math500_103,7,EQUATION_DERIVATION,OP_CONSTANT_PERTURB|OP_TERM_SWAP,"Contains verifiable math expression eligible for OP_CONSTANT_PERTURB, OP_TERM_SWAP",N/A
math500_103,8,EQUATION_DERIVATION,OP_CONSTANT_PERTURB|OP_TERM_SWAP,"Contains verifiable math expression eligible for OP_CONSTANT_PERTURB, OP_TERM_SWAP",N/A
math500_103,9,EQUATION_DERIVATION,OP_CONSTANT_PERTURB|OP_TERM_SWAP,"Contains verifiable math expression eligible for OP_CONSTANT_PERTURB, OP_TERM_SWAP",N/A
math500_103,10,EQUATION_DERIVATION,OP_CONSTANT_PERTURB|OP_SIGN_FLIP|OP_TERM_SWAP,"Contains verifiable math expression eligible for OP_CONSTANT_PERTURB, OP_SIGN_FLIP, OP_TERM_SWAP",N/A
math500_103,11,EQUATION_DERIVATION,OP_CONSTANT_PERTURB|OP_SIGN_FLIP|OP_TERM_SWAP|OP_FRACTION_FLIP,"Contains verifiable math expression eligible for OP_CONSTANT_PERTURB, OP_SIGN_FLIP, OP_TERM_SWAP, OP_FRACTION_FLIP",N/A
math500_103,12,EQUATION_DERIVATION,OP_CONSTANT_PERTURB|OP_SIGN_FLIP|OP_TERM_SWAP|OP_FRACTION_FLIP,"Contains verifiable math expression eligible for OP_CONSTANT_PERTURB, OP_SIGN_FLIP, OP_TERM_SWAP, OP_FRACTION_FLIP",N/A
math500_103,13,EQUATION_DERIVATION,OP_CONSTANT_PERTURB|OP_SIGN_FLIP|OP_TERM_SWAP|OP_FRACTION_FLIP,"Contains verifiable math expression eligible for OP_CONSTANT_PERTURB, OP_SIGN_FLIP, OP_TERM_SWAP, OP_FRACTION_FLIP",N/A
math500_103,14,ALGEBRAIC_SIMPLIFICATION,OP_CONSTANT_PERTURB|OP_SIGN_FLIP|OP_FRACTION_FLIP,"Contains verifiable math expression eligible for OP_CONSTANT_PERTURB, OP_SIGN_FLIP, OP_FRACTION_FLIP",N/A
math500_103,15,ALGEBRAIC_SIMPLIFICATION,OP_CONSTANT_PERTURB|OP_SIGN_FLIP|OP_FRACTION_FLIP,"Contains verifiable math expression eligible for OP_CONSTANT_PERTURB, OP_SIGN_FLIP, OP_FRACTION_FLIP",N/A
math500_103,16,CONCEPTUAL_PROSE,NONE,N/A,Operation type CONCEPTUAL_PROSE does not contain deterministic numeric/algebraic target transition
math500_103,17,EQUATION_DERIVATION,OP_CONSTANT_PERTURB|OP_SIGN_FLIP|OP_TERM_SWAP|OP_FRACTION_FLIP,"Contains verifiable math expression eligible for OP_CONSTANT_PERTURB, OP_SIGN_FLIP, OP_TERM_SWAP, OP_FRACTION_FLIP",N/A
math500_103,18,CONCEPTUAL_PROSE,NONE,N/A,Operation type CONCEPTUAL_PROSE does not contain deterministic numeric/algebraic target transition
math500_103,19,FINAL_ANSWER,NONE,N/A,Operation type FINAL_ANSWER does not contain deterministic numeric/algebraic target transition
math500_104,0,CONCEPTUAL_PROSE,NONE,N/A,Operation type CONCEPTUAL_PROSE does not contain deterministic numeric/algebraic target transition
math500_104,1,EQUATION_DERIVATION,OP_CONSTANT_PERTURB|OP_SIGN_FLIP|OP_TERM_SWAP,"Contains verifiable math expression eligible for OP_CONSTANT_PERTURB, OP_SIGN_FLIP, OP_TERM_SWAP",N/A
math500_104,2,EQUATION_DERIVATION,OP_CONSTANT_PERTURB|OP_SIGN_FLIP|OP_TERM_SWAP,"Contains verifiable math expression eligible for OP_CONSTANT_PERTURB, OP_SIGN_FLIP, OP_TERM_SWAP",N/A
math500_104,3,EQUATION_DERIVATION,OP_CONSTANT_PERTURB|OP_SIGN_FLIP|OP_TERM_SWAP,"Contains verifiable math expression eligible for OP_CONSTANT_PERTURB, OP_SIGN_FLIP, OP_TERM_SWAP",N/A
math500_104,4,EQUATION_DERIVATION,OP_CONSTANT_PERTURB|OP_SIGN_FLIP|OP_TERM_SWAP,"Contains verifiable math expression eligible for OP_CONSTANT_PERTURB, OP_SIGN_FLIP, OP_TERM_SWAP",N/A
math500_104,5,CONCEPTUAL_PROSE,NONE,N/A,Operation type CONCEPTUAL_PROSE does not contain deterministic numeric/algebraic target transition
math500_104,6,ALGEBRAIC_SIMPLIFICATION,OP_CONSTANT_PERTURB|OP_SIGN_FLIP,"Contains verifiable math expression eligible for OP_CONSTANT_PERTURB, OP_SIGN_FLIP",N/A
math500_104,7,EQUATION_DERIVATION,OP_CONSTANT_PERTURB|OP_SIGN_FLIP|OP_TERM_SWAP,"Contains verifiable math expression eligible for OP_CONSTANT_PERTURB, OP_SIGN_FLIP, OP_TERM_SWAP",N/A
math500_104,8,ALGEBRAIC_SIMPLIFICATION,OP_CONSTANT_PERTURB|OP_SIGN_FLIP,"Contains verifiable math expression eligible for OP_CONSTANT_PERTURB, OP_SIGN_FLIP",N/A
math500_104,9,ALGEBRAIC_SIMPLIFICATION,OP_CONSTANT_PERTURB|OP_SIGN_FLIP,"Contains verifiable math expression eligible for OP_CONSTANT_PERTURB, OP_SIGN_FLIP",N/A
math500_104,10,ALGEBRAIC_SIMPLIFICATION,OP_SIGN_FLIP,Contains verifiable math expression eligible for OP_SIGN_FLIP,N/A
math500_104,11,EQUATION_DERIVATION,OP_CONSTANT_PERTURB|OP_SIGN_FLIP|OP_TERM_SWAP,"Contains verifiable math expression eligible for OP_CONSTANT_PERTURB, OP_SIGN_FLIP, OP_TERM_SWAP",N/A
math500_104,12,ALGEBRAIC_SIMPLIFICATION,OP_SIGN_FLIP,Contains verifiable math expression eligible for OP_SIGN_FLIP,N/A
math500_104,13,EQUATION_DERIVATION,OP_CONSTANT_PERTURB|OP_SIGN_FLIP|OP_TERM_SWAP,"Contains verifiable math expression eligible for OP_CONSTANT_PERTURB, OP_SIGN_FLIP, OP_TERM_SWAP",N/A
math500_104,14,ALGEBRAIC_SIMPLIFICATION,OP_SIGN_FLIP,Contains verifiable math expression eligible for OP_SIGN_FLIP,N/A
math500_104,15,FINAL_ANSWER,NONE,N/A,Operation type FINAL_ANSWER does not contain deterministic numeric/algebraic target transition
math500_105,0,CONCEPTUAL_PROSE,NONE,N/A,Operation type CONCEPTUAL_PROSE does not contain deterministic numeric/algebraic target transition
math500_105,1,CONCEPTUAL_PROSE,NONE,N/A,Operation type CONCEPTUAL_PROSE does not contain deterministic numeric/algebraic target transition
math500_105,2,ALGEBRAIC_SIMPLIFICATION,OP_CONSTANT_PERTURB,Contains verifiable math expression eligible for OP_CONSTANT_PERTURB,N/A
math500_105,3,FINAL_ANSWER,NONE,N/A,Operation type FINAL_ANSWER does not contain deterministic numeric/algebraic target transition
math500_106,0,CONCEPTUAL_PROSE,NONE,N/A,Operation type CONCEPTUAL_PROSE does not contain deterministic numeric/algebraic target transition
math500_106,1,ALGEBRAIC_SIMPLIFICATION,OP_CONSTANT_PERTURB,Contains verifiable math expression eligible for OP_CONSTANT_PERTURB,N/A
math500_106,2,ALGEBRAIC_SIMPLIFICATION,OP_CONSTANT_PERTURB|OP_SIGN_FLIP|OP_FRACTION_FLIP,"Contains verifiable math expression eligible for OP_CONSTANT_PERTURB, OP_SIGN_FLIP, OP_FRACTION_FLIP",N/A
math500_106,3,ALGEBRAIC_SIMPLIFICATION,OP_CONSTANT_PERTURB|OP_SIGN_FLIP,"Contains verifiable math expression eligible for OP_CONSTANT_PERTURB, OP_SIGN_FLIP",N/A
math500_106,4,FINAL_ANSWER,NONE,N/A,Operation type FINAL_ANSWER does not contain deterministic numeric/algebraic target transition
math500_107,0,CONCEPTUAL_PROSE,NONE,N/A,Operation type CONCEPTUAL_PROSE does not contain deterministic numeric/algebraic target transition
math500_107,1,CONCEPTUAL_PROSE,NONE,N/A,Operation type CONCEPTUAL_PROSE does not contain deterministic numeric/algebraic target transition
math500_107,2,FINAL_ANSWER,NONE,N/A,Operation type FINAL_ANSWER does not contain deterministic numeric/algebraic target transition
math500_108,0,CONCEPTUAL_PROSE,NONE,N/A,Operation type CONCEPTUAL_PROSE does not contain deterministic numeric/algebraic target transition
math500_108,1,EQUATION_DERIVATION,OP_CONSTANT_PERTURB|OP_SIGN_FLIP|OP_TERM_SWAP|OP_FRACTION_FLIP,"Contains verifiable math expression eligible for OP_CONSTANT_PERTURB, OP_SIGN_FLIP, OP_TERM_SWAP, OP_FRACTION_FLIP",N/A
math500_108,2,ALGEBRAIC_SIMPLIFICATION,OP_CONSTANT_PERTURB|OP_SIGN_FLIP,"Contains verifiable math expression eligible for OP_CONSTANT_PERTURB, OP_SIGN_FLIP",N/A
math500_108,3,CONCEPTUAL_PROSE,NONE,N/A,Operation type CONCEPTUAL_PROSE does not contain deterministic numeric/algebraic target transition
math500_108,4,CONCEPTUAL_PROSE,NONE,N/A,Operation type CONCEPTUAL_PROSE does not contain deterministic numeric/algebraic target transition
math500_108,5,EQUATION_DERIVATION,OP_CONSTANT_PERTURB|OP_SIGN_FLIP|OP_TERM_SWAP|OP_FRACTION_FLIP,"Contains verifiable math expression eligible for OP_CONSTANT_PERTURB, OP_SIGN_FLIP, OP_TERM_SWAP, OP_FRACTION_FLIP",N/A
math500_108,6,ALGEBRAIC_SIMPLIFICATION,OP_CONSTANT_PERTURB|OP_SIGN_FLIP,"Contains verifiable math expression eligible for OP_CONSTANT_PERTURB, OP_SIGN_FLIP",N/A
math500_108,7,CONCEPTUAL_PROSE,NONE,N/A,Operation type CONCEPTUAL_PROSE does not contain deterministic numeric/algebraic target transition
math500_108,8,EQUATION_DERIVATION,OP_CONSTANT_PERTURB|OP_SIGN_FLIP|OP_TERM_SWAP|OP_FRACTION_FLIP,"Contains verifiable math expression eligible for OP_CONSTANT_PERTURB, OP_SIGN_FLIP, OP_TERM_SWAP, OP_FRACTION_FLIP",N/A
math500_108,9,FINAL_ANSWER,NONE,N/A,Operation type FINAL_ANSWER does not contain deterministic numeric/algebraic target transition
math500_109,0,EQUATION_DERIVATION,OP_CONSTANT_PERTURB|OP_SIGN_FLIP|OP_TERM_SWAP,"Contains verifiable math expression eligible for OP_CONSTANT_PERTURB, OP_SIGN_FLIP, OP_TERM_SWAP",N/A
math500_109,1,EQUATION_DERIVATION,OP_CONSTANT_PERTURB|OP_SIGN_FLIP|OP_TERM_SWAP,"Contains verifiable math expression eligible for OP_CONSTANT_PERTURB, OP_SIGN_FLIP, OP_TERM_SWAP",N/A
math500_109,2,EQUATION_DERIVATION,OP_CONSTANT_PERTURB|OP_SIGN_FLIP|OP_TERM_SWAP|OP_FRACTION_FLIP,"Contains verifiable math expression eligible for OP_CONSTANT_PERTURB, OP_SIGN_FLIP, OP_TERM_SWAP, OP_FRACTION_FLIP",N/A
math500_109,3,FINAL_ANSWER,NONE,N/A,Operation type FINAL_ANSWER does not contain deterministic numeric/algebraic target transition
math500_111,0,EQUATION_DERIVATION,OP_CONSTANT_PERTURB|OP_TERM_SWAP|OP_FRACTION_FLIP,"Contains verifiable math expression eligible for OP_CONSTANT_PERTURB, OP_TERM_SWAP, OP_FRACTION_FLIP",N/A
math500_111,1,CONCEPTUAL_PROSE,NONE,N/A,Operation type CONCEPTUAL_PROSE does not contain deterministic numeric/algebraic target transition
math500_111,2,FINAL_ANSWER,NONE,N/A,Operation type FINAL_ANSWER does not contain deterministic numeric/algebraic target transition
math500_112,0,EQUATION_DERIVATION,OP_CONSTANT_PERTURB|OP_SIGN_FLIP|OP_TERM_SWAP|OP_FRACTION_FLIP,"Contains verifiable math expression eligible for OP_CONSTANT_PERTURB, OP_SIGN_FLIP, OP_TERM_SWAP, OP_FRACTION_FLIP",N/A
math500_112,1,EQUATION_DERIVATION,OP_CONSTANT_PERTURB|OP_TERM_SWAP,"Contains verifiable math expression eligible for OP_CONSTANT_PERTURB, OP_TERM_SWAP",N/A
math500_112,2,FINAL_ANSWER,NONE,N/A,Operation type FINAL_ANSWER does not contain deterministic numeric/algebraic target transition
math500_113,0,EQUATION_DERIVATION,OP_CONSTANT_PERTURB|OP_SIGN_FLIP|OP_TERM_SWAP,"Contains verifiable math expression eligible for OP_CONSTANT_PERTURB, OP_SIGN_FLIP, OP_TERM_SWAP",N/A
math500_113,1,EQUATION_DERIVATION,OP_CONSTANT_PERTURB|OP_SIGN_FLIP|OP_TERM_SWAP,"Contains verifiable math expression eligible for OP_CONSTANT_PERTURB, OP_SIGN_FLIP, OP_TERM_SWAP",N/A
math500_113,2,ALGEBRAIC_SIMPLIFICATION,OP_CONSTANT_PERTURB|OP_SIGN_FLIP,"Contains verifiable math expression eligible for OP_CONSTANT_PERTURB, OP_SIGN_FLIP",N/A
math500_113,3,EQUATION_DERIVATION,OP_CONSTANT_PERTURB|OP_TERM_SWAP,"Contains verifiable math expression eligible for OP_CONSTANT_PERTURB, OP_TERM_SWAP",N/A
math500_113,4,ALGEBRAIC_SIMPLIFICATION,OP_CONSTANT_PERTURB|OP_SIGN_FLIP,"Contains verifiable math expression eligible for OP_CONSTANT_PERTURB, OP_SIGN_FLIP",N/A
math500_113,5,ALGEBRAIC_SIMPLIFICATION,OP_CONSTANT_PERTURB|OP_SIGN_FLIP,"Contains verifiable math expression eligible for OP_CONSTANT_PERTURB, OP_SIGN_FLIP",N/A
math500_113,6,FINAL_ANSWER,NONE,N/A,Operation type FINAL_ANSWER does not contain deterministic numeric/algebraic target transition
math500_114,0,ALGEBRAIC_SIMPLIFICATION,OP_SIGN_FLIP,Contains verifiable math expression eligible for OP_SIGN_FLIP,N/A
math500_114,1,EQUATION_DERIVATION,OP_CONSTANT_PERTURB|OP_SIGN_FLIP|OP_TERM_SWAP|OP_FRACTION_FLIP,"Contains verifiable math expression eligible for OP_CONSTANT_PERTURB, OP_SIGN_FLIP, OP_TERM_SWAP, OP_FRACTION_FLIP",N/A
math500_114,2,ALGEBRAIC_SIMPLIFICATION,OP_CONSTANT_PERTURB|OP_SIGN_FLIP,"Contains verifiable math expression eligible for OP_CONSTANT_PERTURB, OP_SIGN_FLIP",N/A
math500_114,3,EQUATION_DERIVATION,OP_CONSTANT_PERTURB|OP_SIGN_FLIP|OP_TERM_SWAP,"Contains verifiable math expression eligible for OP_CONSTANT_PERTURB, OP_SIGN_FLIP, OP_TERM_SWAP",N/A
math500_114,4,CONCEPTUAL_PROSE,NONE,N/A,Operation type CONCEPTUAL_PROSE does not contain deterministic numeric/algebraic target transition
math500_114,5,EQUATION_DERIVATION,OP_CONSTANT_PERTURB|OP_SIGN_FLIP|OP_TERM_SWAP,"Contains verifiable math expression eligible for OP_CONSTANT_PERTURB, OP_SIGN_FLIP, OP_TERM_SWAP",N/A
math500_114,6,EQUATION_DERIVATION,OP_CONSTANT_PERTURB|OP_SIGN_FLIP|OP_TERM_SWAP,"Contains verifiable math expression eligible for OP_CONSTANT_PERTURB, OP_SIGN_FLIP, OP_TERM_SWAP",N/A
math500_114,7,CONCEPTUAL_PROSE,NONE,N/A,Operation type CONCEPTUAL_PROSE does not contain deterministic numeric/algebraic target transition
math500_114,8,CONCEPTUAL_PROSE,NONE,N/A,Operation type CONCEPTUAL_PROSE does not contain deterministic numeric/algebraic target transition
math500_114,9,FINAL_ANSWER,NONE,N/A,Operation type FINAL_ANSWER does not contain deterministic numeric/algebraic target transition
math500_116,0,FINAL_ANSWER,NONE,N/A,Operation type FINAL_ANSWER does not contain deterministic numeric/algebraic target transition
math500_117,0,FINAL_ANSWER,NONE,N/A,Operation type FINAL_ANSWER does not contain deterministic numeric/algebraic target transition
math500_118,0,CONCEPTUAL_PROSE,NONE,N/A,Operation type CONCEPTUAL_PROSE does not contain deterministic numeric/algebraic target transition
math500_118,1,CONCEPTUAL_PROSE,NONE,N/A,Operation type CONCEPTUAL_PROSE does not contain deterministic numeric/algebraic target transition
math500_118,2,CONCEPTUAL_PROSE,NONE,N/A,Operation type CONCEPTUAL_PROSE does not contain deterministic numeric/algebraic target transition
math500_118,3,ALGEBRAIC_SIMPLIFICATION,OP_CONSTANT_PERTURB|OP_SIGN_FLIP,"Contains verifiable math expression eligible for OP_CONSTANT_PERTURB, OP_SIGN_FLIP",N/A
math500_118,4,EQUATION_DERIVATION,OP_CONSTANT_PERTURB|OP_SIGN_FLIP|OP_TERM_SWAP,"Contains verifiable math expression eligible for OP_CONSTANT_PERTURB, OP_SIGN_FLIP, OP_TERM_SWAP",N/A
math500_118,5,CONCEPTUAL_PROSE,NONE,N/A,Operation type CONCEPTUAL_PROSE does not contain deterministic numeric/algebraic target transition
math500_118,6,CONCEPTUAL_PROSE,NONE,N/A,Operation type CONCEPTUAL_PROSE does not contain deterministic numeric/algebraic target transition
math500_118,7,FINAL_ANSWER,NONE,N/A,Operation type FINAL_ANSWER does not contain deterministic numeric/algebraic target transition
math500_119,0,CONCEPTUAL_PROSE,NONE,N/A,Operation type CONCEPTUAL_PROSE does not contain deterministic numeric/algebraic target transition
math500_119,1,CONCEPTUAL_PROSE,NONE,N/A,Operation type CONCEPTUAL_PROSE does not contain deterministic numeric/algebraic target transition
math500_119,2,CONCEPTUAL_PROSE,NONE,N/A,Operation type CONCEPTUAL_PROSE does not contain deterministic numeric/algebraic target transition
math500_119,3,ALGEBRAIC_SIMPLIFICATION,OP_CONSTANT_PERTURB|OP_SIGN_FLIP,"Contains verifiable math expression eligible for OP_CONSTANT_PERTURB, OP_SIGN_FLIP",N/A
math500_119,4,FINAL_ANSWER,NONE,N/A,Operation type FINAL_ANSWER does not contain deterministic numeric/algebraic target transition
math500_120,0,CONCEPTUAL_PROSE,NONE,N/A,Operation type CONCEPTUAL_PROSE does not contain deterministic numeric/algebraic target transition
math500_120,1,EQUATION_DERIVATION,OP_SIGN_FLIP|OP_TERM_SWAP,"Contains verifiable math expression eligible for OP_SIGN_FLIP, OP_TERM_SWAP",N/A
math500_120,2,FINAL_ANSWER,NONE,N/A,Operation type FINAL_ANSWER does not contain deterministic numeric/algebraic target transition
math500_120,3,CONCEPTUAL_PROSE,NONE,N/A,Operation type CONCEPTUAL_PROSE does not contain deterministic numeric/algebraic target transition
math500_121,0,FINAL_ANSWER,NONE,N/A,Operation type FINAL_ANSWER does not contain deterministic numeric/algebraic target transition
math500_124,0,EQUATION_DERIVATION,OP_CONSTANT_PERTURB|OP_SIGN_FLIP|OP_TERM_SWAP,"Contains verifiable math expression eligible for OP_CONSTANT_PERTURB, OP_SIGN_FLIP, OP_TERM_SWAP",N/A
math500_124,1,CONCEPTUAL_PROSE,NONE,N/A,Operation type CONCEPTUAL_PROSE does not contain deterministic numeric/algebraic target transition
math500_124,2,EQUATION_DERIVATION,OP_CONSTANT_PERTURB|OP_SIGN_FLIP|OP_TERM_SWAP,"Contains verifiable math expression eligible for OP_CONSTANT_PERTURB, OP_SIGN_FLIP, OP_TERM_SWAP",N/A
math500_124,3,EQUATION_DERIVATION,OP_CONSTANT_PERTURB|OP_SIGN_FLIP|OP_TERM_SWAP|OP_FRACTION_FLIP,"Contains verifiable math expression eligible for OP_CONSTANT_PERTURB, OP_SIGN_FLIP, OP_TERM_SWAP, OP_FRACTION_FLIP",N/A
math500_124,4,EQUATION_DERIVATION,OP_CONSTANT_PERTURB|OP_TERM_SWAP|OP_FRACTION_FLIP,"Contains verifiable math expression eligible for OP_CONSTANT_PERTURB, OP_TERM_SWAP, OP_FRACTION_FLIP",N/A
math500_124,5,EQUATION_DERIVATION,OP_CONSTANT_PERTURB|OP_SIGN_FLIP|OP_TERM_SWAP,"Contains verifiable math expression eligible for OP_CONSTANT_PERTURB, OP_SIGN_FLIP, OP_TERM_SWAP",N/A
math500_124,6,EQUATION_DERIVATION,OP_CONSTANT_PERTURB|OP_SIGN_FLIP|OP_TERM_SWAP|OP_FRACTION_FLIP,"Contains verifiable math expression eligible for OP_CONSTANT_PERTURB, OP_SIGN_FLIP, OP_TERM_SWAP, OP_FRACTION_FLIP",N/A
math500_124,7,EQUATION_DERIVATION,OP_CONSTANT_PERTURB|OP_TERM_SWAP|OP_FRACTION_FLIP,"Contains verifiable math expression eligible for OP_CONSTANT_PERTURB, OP_TERM_SWAP, OP_FRACTION_FLIP",N/A
math500_124,8,ALGEBRAIC_SIMPLIFICATION,OP_CONSTANT_PERTURB|OP_FRACTION_FLIP,"Contains verifiable math expression eligible for OP_CONSTANT_PERTURB, OP_FRACTION_FLIP",N/A
math500_124,9,FINAL_ANSWER,NONE,N/A,Operation type FINAL_ANSWER does not contain deterministic numeric/algebraic target transition
math500_125,0,EQUATION_DERIVATION,OP_CONSTANT_PERTURB|OP_TERM_SWAP,"Contains verifiable math expression eligible for OP_CONSTANT_PERTURB, OP_TERM_SWAP",N/A
math500_125,1,FINAL_ANSWER,NONE,N/A,Operation type FINAL_ANSWER does not contain deterministic numeric/algebraic target transition
math500_126,0,CONCEPTUAL_PROSE,NONE,N/A,Operation type CONCEPTUAL_PROSE does not contain deterministic numeric/algebraic target transition
math500_126,1,EQUATION_DERIVATION,OP_CONSTANT_PERTURB|OP_SIGN_FLIP|OP_TERM_SWAP|OP_FRACTION_FLIP,"Contains verifiable math expression eligible for OP_CONSTANT_PERTURB, OP_SIGN_FLIP, OP_TERM_SWAP, OP_FRACTION_FLIP",N/A
math500_126,2,EQUATION_DERIVATION,OP_CONSTANT_PERTURB|OP_SIGN_FLIP|OP_TERM_SWAP,"Contains verifiable math expression eligible for OP_CONSTANT_PERTURB, OP_SIGN_FLIP, OP_TERM_SWAP",N/A
math500_126,3,FINAL_ANSWER,NONE,N/A,Operation type FINAL_ANSWER does not contain deterministic numeric/algebraic target transition
math500_127,0,CONCEPTUAL_PROSE,NONE,N/A,Operation type CONCEPTUAL_PROSE does not contain deterministic numeric/algebraic target transition
math500_127,1,EQUATION_DERIVATION,OP_CONSTANT_PERTURB|OP_TERM_SWAP,"Contains verifiable math expression eligible for OP_CONSTANT_PERTURB, OP_TERM_SWAP",N/A
math500_127,2,EQUATION_DERIVATION,OP_CONSTANT_PERTURB|OP_SIGN_FLIP|OP_TERM_SWAP,"Contains verifiable math expression eligible for OP_CONSTANT_PERTURB, OP_SIGN_FLIP, OP_TERM_SWAP",N/A
math500_127,3,EQUATION_DERIVATION,OP_CONSTANT_PERTURB|OP_TERM_SWAP,"Contains verifiable math expression eligible for OP_CONSTANT_PERTURB, OP_TERM_SWAP",N/A
math500_127,4,EQUATION_DERIVATION,OP_CONSTANT_PERTURB|OP_SIGN_FLIP|OP_TERM_SWAP,"Contains verifiable math expression eligible for OP_CONSTANT_PERTURB, OP_SIGN_FLIP, OP_TERM_SWAP",N/A
math500_127,5,ALGEBRAIC_SIMPLIFICATION,OP_CONSTANT_PERTURB|OP_SIGN_FLIP,"Contains verifiable math expression eligible for OP_CONSTANT_PERTURB, OP_SIGN_FLIP",N/A
math500_127,6,FINAL_ANSWER,NONE,N/A,Operation type FINAL_ANSWER does not contain deterministic numeric/algebraic target transition
math500_128,0,CONCEPTUAL_PROSE,NONE,N/A,Operation type CONCEPTUAL_PROSE does not contain deterministic numeric/algebraic target transition
math500_128,1,CONCEPTUAL_PROSE,NONE,N/A,Operation type CONCEPTUAL_PROSE does not contain deterministic numeric/algebraic target transition
math500_128,2,EQUATION_DERIVATION,OP_CONSTANT_PERTURB|OP_TERM_SWAP|OP_FRACTION_FLIP,"Contains verifiable math expression eligible for OP_CONSTANT_PERTURB, OP_TERM_SWAP, OP_FRACTION_FLIP",N/A
math500_128,3,FINAL_ANSWER,NONE,N/A,Operation type FINAL_ANSWER does not contain deterministic numeric/algebraic target transition
math500_129,0,EQUATION_DERIVATION,OP_CONSTANT_PERTURB|OP_TERM_SWAP,"Contains verifiable math expression eligible for OP_CONSTANT_PERTURB, OP_TERM_SWAP",N/A
math500_129,1,CONCEPTUAL_PROSE,NONE,N/A,Operation type CONCEPTUAL_PROSE does not contain deterministic numeric/algebraic target transition
math500_129,2,EQUATION_DERIVATION,OP_CONSTANT_PERTURB|OP_TERM_SWAP|OP_FRACTION_FLIP,"Contains verifiable math expression eligible for OP_CONSTANT_PERTURB, OP_TERM_SWAP, OP_FRACTION_FLIP",N/A
math500_129,3,CONCEPTUAL_PROSE,NONE,N/A,Operation type CONCEPTUAL_PROSE does not contain deterministic numeric/algebraic target transition
math500_129,4,EQUATION_DERIVATION,OP_CONSTANT_PERTURB|OP_TERM_SWAP|OP_FRACTION_FLIP,"Contains verifiable math expression eligible for OP_CONSTANT_PERTURB, OP_TERM_SWAP, OP_FRACTION_FLIP",N/A
math500_129,5,CONCEPTUAL_PROSE,NONE,N/A,Operation type CONCEPTUAL_PROSE does not contain deterministic numeric/algebraic target transition
math500_129,6,CONCEPTUAL_PROSE,NONE,N/A,Operation type CONCEPTUAL_PROSE does not contain deterministic numeric/algebraic target transition
math500_129,7,EQUATION_DERIVATION,OP_CONSTANT_PERTURB|OP_SIGN_FLIP|OP_TERM_SWAP,"Contains verifiable math expression eligible for OP_CONSTANT_PERTURB, OP_SIGN_FLIP, OP_TERM_SWAP",N/A
math500_129,8,ALGEBRAIC_SIMPLIFICATION,OP_SIGN_FLIP,Contains verifiable math expression eligible for OP_SIGN_FLIP,N/A
math500_129,9,ALGEBRAIC_SIMPLIFICATION,NONE,N/A,Operation type ALGEBRAIC_SIMPLIFICATION does not contain deterministic numeric/algebraic target transition
math500_129,10,CONCEPTUAL_PROSE,NONE,N/A,Operation type CONCEPTUAL_PROSE does not contain deterministic numeric/algebraic target transition
math500_129,11,FINAL_ANSWER,NONE,N/A,Operation type FINAL_ANSWER does not contain deterministic numeric/algebraic target transition
math500_130,0,CONCEPTUAL_PROSE,NONE,N/A,Operation type CONCEPTUAL_PROSE does not contain deterministic numeric/algebraic target transition
math500_130,1,ALGEBRAIC_SIMPLIFICATION,OP_CONSTANT_PERTURB|OP_SIGN_FLIP,"Contains verifiable math expression eligible for OP_CONSTANT_PERTURB, OP_SIGN_FLIP",N/A
math500_130,2,ALGEBRAIC_SIMPLIFICATION,OP_CONSTANT_PERTURB|OP_SIGN_FLIP,"Contains verifiable math expression eligible for OP_CONSTANT_PERTURB, OP_SIGN_FLIP",N/A
math500_130,3,CONCEPTUAL_PROSE,NONE,N/A,Operation type CONCEPTUAL_PROSE does not contain deterministic numeric/algebraic target transition
math500_130,4,CONCEPTUAL_PROSE,NONE,N/A,Operation type CONCEPTUAL_PROSE does not contain deterministic numeric/algebraic target transition
math500_130,5,EQUATION_DERIVATION,OP_CONSTANT_PERTURB|OP_SIGN_FLIP|OP_TERM_SWAP,"Contains verifiable math expression eligible for OP_CONSTANT_PERTURB, OP_SIGN_FLIP, OP_TERM_SWAP",N/A
math500_130,6,ALGEBRAIC_SIMPLIFICATION,OP_CONSTANT_PERTURB|OP_SIGN_FLIP,"Contains verifiable math expression eligible for OP_CONSTANT_PERTURB, OP_SIGN_FLIP",N/A
math500_130,7,CONCEPTUAL_PROSE,NONE,N/A,Operation type CONCEPTUAL_PROSE does not contain deterministic numeric/algebraic target transition
math500_130,8,EQUATION_DERIVATION,OP_CONSTANT_PERTURB|OP_SIGN_FLIP|OP_TERM_SWAP,"Contains verifiable math expression eligible for OP_CONSTANT_PERTURB, OP_SIGN_FLIP, OP_TERM_SWAP",N/A
math500_130,9,FINAL_ANSWER,NONE,N/A,Operation type FINAL_ANSWER does not contain deterministic numeric/algebraic target transition
math500_131,0,EQUATION_DERIVATION,OP_CONSTANT_PERTURB|OP_SIGN_FLIP|OP_TERM_SWAP,"Contains verifiable math expression eligible for OP_CONSTANT_PERTURB, OP_SIGN_FLIP, OP_TERM_SWAP",N/A
math500_131,1,EQUATION_DERIVATION,OP_CONSTANT_PERTURB|OP_SIGN_FLIP|OP_TERM_SWAP,"Contains verifiable math expression eligible for OP_CONSTANT_PERTURB, OP_SIGN_FLIP, OP_TERM_SWAP",N/A
math500_131,2,CONCEPTUAL_PROSE,NONE,N/A,Operation type CONCEPTUAL_PROSE does not contain deterministic numeric/algebraic target transition
math500_131,3,EQUATION_DERIVATION,OP_CONSTANT_PERTURB|OP_SIGN_FLIP|OP_TERM_SWAP,"Contains verifiable math expression eligible for OP_CONSTANT_PERTURB, OP_SIGN_FLIP, OP_TERM_SWAP",N/A
math500_131,4,FINAL_ANSWER,NONE,N/A,Operation type FINAL_ANSWER does not contain deterministic numeric/algebraic target transition
math500_132,0,CONCEPTUAL_PROSE,NONE,N/A,Operation type CONCEPTUAL_PROSE does not contain deterministic numeric/algebraic target transition
math500_132,1,EQUATION_DERIVATION,OP_CONSTANT_PERTURB|OP_TERM_SWAP,"Contains verifiable math expression eligible for OP_CONSTANT_PERTURB, OP_TERM_SWAP",N/A
math500_132,2,EQUATION_DERIVATION,OP_CONSTANT_PERTURB|OP_TERM_SWAP,"Contains verifiable math expression eligible for OP_CONSTANT_PERTURB, OP_TERM_SWAP",N/A
math500_132,3,EQUATION_DERIVATION,OP_CONSTANT_PERTURB|OP_TERM_SWAP,"Contains verifiable math expression eligible for OP_CONSTANT_PERTURB, OP_TERM_SWAP",N/A
math500_132,4,FINAL_ANSWER,NONE,N/A,Operation type FINAL_ANSWER does not contain deterministic numeric/algebraic target transition
math500_132,5,CONCEPTUAL_PROSE,NONE,N/A,Operation type CONCEPTUAL_PROSE does not contain deterministic numeric/algebraic target transition
math500_133,0,EQUATION_DERIVATION,OP_CONSTANT_PERTURB|OP_SIGN_FLIP|OP_TERM_SWAP,"Contains verifiable math expression eligible for OP_CONSTANT_PERTURB, OP_SIGN_FLIP, OP_TERM_SWAP",N/A
math500_133,1,CONCEPTUAL_PROSE,NONE,N/A,Operation type CONCEPTUAL_PROSE does not contain deterministic numeric/algebraic target transition
math500_133,2,EQUATION_DERIVATION,OP_CONSTANT_PERTURB|OP_SIGN_FLIP|OP_TERM_SWAP,"Contains verifiable math expression eligible for OP_CONSTANT_PERTURB, OP_SIGN_FLIP, OP_TERM_SWAP",N/A
math500_133,3,FINAL_ANSWER,NONE,N/A,Operation type FINAL_ANSWER does not contain deterministic numeric/algebraic target transition
math500_134,0,EQUATION_DERIVATION,OP_CONSTANT_PERTURB|OP_SIGN_FLIP|OP_TERM_SWAP,"Contains verifiable math expression eligible for OP_CONSTANT_PERTURB, OP_SIGN_FLIP, OP_TERM_SWAP",N/A
math500_134,1,EQUATION_DERIVATION,OP_CONSTANT_PERTURB|OP_SIGN_FLIP|OP_TERM_SWAP,"Contains verifiable math expression eligible for OP_CONSTANT_PERTURB, OP_SIGN_FLIP, OP_TERM_SWAP",N/A
math500_134,2,FINAL_ANSWER,NONE,N/A,Operation type FINAL_ANSWER does not contain deterministic numeric/algebraic target transition
math500_135,0,CONCEPTUAL_PROSE,NONE,N/A,Operation type CONCEPTUAL_PROSE does not contain deterministic numeric/algebraic target transition
math500_135,1,EQUATION_DERIVATION,OP_CONSTANT_PERTURB|OP_TERM_SWAP,"Contains verifiable math expression eligible for OP_CONSTANT_PERTURB, OP_TERM_SWAP",N/A
math500_135,2,CONCEPTUAL_PROSE,NONE,N/A,Operation type CONCEPTUAL_PROSE does not contain deterministic numeric/algebraic target transition
math500_135,3,CONCEPTUAL_PROSE,NONE,N/A,Operation type CONCEPTUAL_PROSE does not contain deterministic numeric/algebraic target transition
math500_135,4,CONCEPTUAL_PROSE,NONE,N/A,Operation type CONCEPTUAL_PROSE does not contain deterministic numeric/algebraic target transition
math500_135,5,CONCEPTUAL_PROSE,NONE,N/A,Operation type CONCEPTUAL_PROSE does not contain deterministic numeric/algebraic target transition
math500_135,6,CONCEPTUAL_PROSE,NONE,N/A,Operation type CONCEPTUAL_PROSE does not contain deterministic numeric/algebraic target transition
math500_135,7,CONCEPTUAL_PROSE,NONE,N/A,Operation type CONCEPTUAL_PROSE does not contain deterministic numeric/algebraic target transition
math500_135,8,FINAL_ANSWER,NONE,N/A,Operation type FINAL_ANSWER does not contain deterministic numeric/algebraic target transition
math500_136,0,ALGEBRAIC_SIMPLIFICATION,OP_SIGN_FLIP,Contains verifiable math expression eligible for OP_SIGN_FLIP,N/A
math500_136,1,ALGEBRAIC_SIMPLIFICATION,OP_CONSTANT_PERTURB|OP_SIGN_FLIP,"Contains verifiable math expression eligible for OP_CONSTANT_PERTURB, OP_SIGN_FLIP",N/A
math500_136,2,EQUATION_DERIVATION,OP_CONSTANT_PERTURB|OP_SIGN_FLIP|OP_TERM_SWAP,"Contains verifiable math expression eligible for OP_CONSTANT_PERTURB, OP_SIGN_FLIP, OP_TERM_SWAP",N/A
math500_136,3,EQUATION_DERIVATION,OP_CONSTANT_PERTURB|OP_TERM_SWAP|OP_FRACTION_FLIP,"Contains verifiable math expression eligible for OP_CONSTANT_PERTURB, OP_TERM_SWAP, OP_FRACTION_FLIP",N/A
math500_136,4,EQUATION_DERIVATION,OP_CONSTANT_PERTURB|OP_TERM_SWAP,"Contains verifiable math expression eligible for OP_CONSTANT_PERTURB, OP_TERM_SWAP",N/A
math500_136,5,FINAL_ANSWER,NONE,N/A,Operation type FINAL_ANSWER does not contain deterministic numeric/algebraic target transition
math500_137,0,CONCEPTUAL_PROSE,NONE,N/A,Operation type CONCEPTUAL_PROSE does not contain deterministic numeric/algebraic target transition
math500_137,1,CONCEPTUAL_PROSE,NONE,N/A,Operation type CONCEPTUAL_PROSE does not contain deterministic numeric/algebraic target transition
math500_137,2,ALGEBRAIC_SIMPLIFICATION,OP_CONSTANT_PERTURB|OP_SIGN_FLIP,"Contains verifiable math expression eligible for OP_CONSTANT_PERTURB, OP_SIGN_FLIP",N/A
math500_137,3,FINAL_ANSWER,NONE,N/A,Operation type FINAL_ANSWER does not contain deterministic numeric/algebraic target transition
math500_137,4,EQUATION_DERIVATION,OP_CONSTANT_PERTURB|OP_TERM_SWAP,"Contains verifiable math expression eligible for OP_CONSTANT_PERTURB, OP_TERM_SWAP",N/A
math500_138,0,CONCEPTUAL_PROSE,NONE,N/A,Operation type CONCEPTUAL_PROSE does not contain deterministic numeric/algebraic target transition
math500_138,1,CONCEPTUAL_PROSE,NONE,N/A,Operation type CONCEPTUAL_PROSE does not contain deterministic numeric/algebraic target transition
math500_138,2,FINAL_ANSWER,NONE,N/A,Operation type FINAL_ANSWER does not contain deterministic numeric/algebraic target transition
math500_139,0,CONCEPTUAL_PROSE,NONE,N/A,Operation type CONCEPTUAL_PROSE does not contain deterministic numeric/algebraic target transition
math500_139,1,ALGEBRAIC_SIMPLIFICATION,OP_CONSTANT_PERTURB|OP_SIGN_FLIP,"Contains verifiable math expression eligible for OP_CONSTANT_PERTURB, OP_SIGN_FLIP",N/A
math500_139,2,ALGEBRAIC_SIMPLIFICATION,OP_CONSTANT_PERTURB|OP_SIGN_FLIP|OP_FRACTION_FLIP,"Contains verifiable math expression eligible for OP_CONSTANT_PERTURB, OP_SIGN_FLIP, OP_FRACTION_FLIP",N/A
math500_139,3,ALGEBRAIC_SIMPLIFICATION,OP_SIGN_FLIP,Contains verifiable math expression eligible for OP_SIGN_FLIP,N/A
math500_139,4,EQUATION_DERIVATION,OP_CONSTANT_PERTURB|OP_SIGN_FLIP|OP_TERM_SWAP,"Contains verifiable math expression eligible for OP_CONSTANT_PERTURB, OP_SIGN_FLIP, OP_TERM_SWAP",N/A
math500_139,5,ALGEBRAIC_SIMPLIFICATION,OP_CONSTANT_PERTURB|OP_SIGN_FLIP|OP_FRACTION_FLIP,"Contains verifiable math expression eligible for OP_CONSTANT_PERTURB, OP_SIGN_FLIP, OP_FRACTION_FLIP",N/A
math500_139,6,EQUATION_DERIVATION,OP_CONSTANT_PERTURB|OP_SIGN_FLIP|OP_TERM_SWAP,"Contains verifiable math expression eligible for OP_CONSTANT_PERTURB, OP_SIGN_FLIP, OP_TERM_SWAP",N/A
math500_139,7,ALGEBRAIC_SIMPLIFICATION,OP_CONSTANT_PERTURB|OP_SIGN_FLIP|OP_FRACTION_FLIP,"Contains verifiable math expression eligible for OP_CONSTANT_PERTURB, OP_SIGN_FLIP, OP_FRACTION_FLIP",N/A
math500_139,8,CONCEPTUAL_PROSE,NONE,N/A,Operation type CONCEPTUAL_PROSE does not contain deterministic numeric/algebraic target transition
math500_139,9,EQUATION_DERIVATION,OP_CONSTANT_PERTURB|OP_SIGN_FLIP|OP_TERM_SWAP|OP_FRACTION_FLIP,"Contains verifiable math expression eligible for OP_CONSTANT_PERTURB, OP_SIGN_FLIP, OP_TERM_SWAP, OP_FRACTION_FLIP",N/A
math500_139,10,FINAL_ANSWER,NONE,N/A,Operation type FINAL_ANSWER does not contain deterministic numeric/algebraic target transition
math500_140,0,EQUATION_DERIVATION,OP_CONSTANT_PERTURB|OP_SIGN_FLIP|OP_TERM_SWAP,"Contains verifiable math expression eligible for OP_CONSTANT_PERTURB, OP_SIGN_FLIP, OP_TERM_SWAP",N/A
math500_140,1,EQUATION_DERIVATION,OP_CONSTANT_PERTURB|OP_SIGN_FLIP|OP_TERM_SWAP,"Contains verifiable math expression eligible for OP_CONSTANT_PERTURB, OP_SIGN_FLIP, OP_TERM_SWAP",N/A
math500_140,2,EQUATION_DERIVATION,OP_CONSTANT_PERTURB|OP_SIGN_FLIP|OP_TERM_SWAP,"Contains verifiable math expression eligible for OP_CONSTANT_PERTURB, OP_SIGN_FLIP, OP_TERM_SWAP",N/A
math500_140,3,FINAL_ANSWER,NONE,N/A,Operation type FINAL_ANSWER does not contain deterministic numeric/algebraic target transition
math500_141,0,CONCEPTUAL_PROSE,NONE,N/A,Operation type CONCEPTUAL_PROSE does not contain deterministic numeric/algebraic target transition
math500_141,1,FINAL_ANSWER,NONE,N/A,Operation type FINAL_ANSWER does not contain deterministic numeric/algebraic target transition
math500_142,0,ALGEBRAIC_SIMPLIFICATION,OP_SIGN_FLIP,Contains verifiable math expression eligible for OP_SIGN_FLIP,N/A
math500_142,1,CONCEPTUAL_PROSE,NONE,N/A,Operation type CONCEPTUAL_PROSE does not contain deterministic numeric/algebraic target transition
math500_142,2,CONCEPTUAL_PROSE,NONE,N/A,Operation type CONCEPTUAL_PROSE does not contain deterministic numeric/algebraic target transition
math500_142,3,FINAL_ANSWER,NONE,N/A,Operation type FINAL_ANSWER does not contain deterministic numeric/algebraic target transition
math500_143,0,CONCEPTUAL_PROSE,NONE,N/A,Operation type CONCEPTUAL_PROSE does not contain deterministic numeric/algebraic target transition
math500_143,1,EQUATION_DERIVATION,OP_CONSTANT_PERTURB|OP_SIGN_FLIP|OP_TERM_SWAP,"Contains verifiable math expression eligible for OP_CONSTANT_PERTURB, OP_SIGN_FLIP, OP_TERM_SWAP",N/A
math500_143,2,CONCEPTUAL_PROSE,NONE,N/A,Operation type CONCEPTUAL_PROSE does not contain deterministic numeric/algebraic target transition
math500_143,3,CONCEPTUAL_PROSE,NONE,N/A,Operation type CONCEPTUAL_PROSE does not contain deterministic numeric/algebraic target transition
math500_143,4,EQUATION_DERIVATION,OP_CONSTANT_PERTURB|OP_SIGN_FLIP|OP_TERM_SWAP,"Contains verifiable math expression eligible for OP_CONSTANT_PERTURB, OP_SIGN_FLIP, OP_TERM_SWAP",N/A
math500_143,5,ALGEBRAIC_SIMPLIFICATION,OP_CONSTANT_PERTURB|OP_SIGN_FLIP,"Contains verifiable math expression eligible for OP_CONSTANT_PERTURB, OP_SIGN_FLIP",N/A
math500_143,6,ALGEBRAIC_SIMPLIFICATION,NONE,N/A,Operation type ALGEBRAIC_SIMPLIFICATION does not contain deterministic numeric/algebraic target transition
math500_143,7,FINAL_ANSWER,NONE,N/A,Operation type FINAL_ANSWER does not contain deterministic numeric/algebraic target transition
math500_144,0,FINAL_ANSWER,NONE,N/A,Operation type FINAL_ANSWER does not contain deterministic numeric/algebraic target transition
math500_145,0,EQUATION_DERIVATION,OP_CONSTANT_PERTURB|OP_SIGN_FLIP|OP_TERM_SWAP|OP_FRACTION_FLIP,"Contains verifiable math expression eligible for OP_CONSTANT_PERTURB, OP_SIGN_FLIP, OP_TERM_SWAP, OP_FRACTION_FLIP",N/A
math500_145,1,EQUATION_DERIVATION,OP_CONSTANT_PERTURB|OP_SIGN_FLIP|OP_TERM_SWAP|OP_FRACTION_FLIP,"Contains verifiable math expression eligible for OP_CONSTANT_PERTURB, OP_SIGN_FLIP, OP_TERM_SWAP, OP_FRACTION_FLIP",N/A
math500_145,2,CONCEPTUAL_PROSE,NONE,N/A,Operation type CONCEPTUAL_PROSE does not contain deterministic numeric/algebraic target transition
math500_145,3,EQUATION_DERIVATION,OP_CONSTANT_PERTURB|OP_SIGN_FLIP|OP_TERM_SWAP|OP_FRACTION_FLIP,"Contains verifiable math expression eligible for OP_CONSTANT_PERTURB, OP_SIGN_FLIP, OP_TERM_SWAP, OP_FRACTION_FLIP",N/A
math500_145,4,CONCEPTUAL_PROSE,NONE,N/A,Operation type CONCEPTUAL_PROSE does not contain deterministic numeric/algebraic target transition
math500_145,5,EQUATION_DERIVATION,OP_CONSTANT_PERTURB|OP_SIGN_FLIP|OP_TERM_SWAP|OP_FRACTION_FLIP,"Contains verifiable math expression eligible for OP_CONSTANT_PERTURB, OP_SIGN_FLIP, OP_TERM_SWAP, OP_FRACTION_FLIP",N/A
math500_145,6,EQUATION_DERIVATION,OP_CONSTANT_PERTURB|OP_SIGN_FLIP|OP_TERM_SWAP,"Contains verifiable math expression eligible for OP_CONSTANT_PERTURB, OP_SIGN_FLIP, OP_TERM_SWAP",N/A
math500_145,7,EQUATION_DERIVATION,OP_CONSTANT_PERTURB|OP_SIGN_FLIP|OP_TERM_SWAP,"Contains verifiable math expression eligible for OP_CONSTANT_PERTURB, OP_SIGN_FLIP, OP_TERM_SWAP",N/A
math500_145,8,EQUATION_DERIVATION,OP_CONSTANT_PERTURB|OP_SIGN_FLIP|OP_TERM_SWAP,"Contains verifiable math expression eligible for OP_CONSTANT_PERTURB, OP_SIGN_FLIP, OP_TERM_SWAP",N/A
math500_145,9,CONCEPTUAL_PROSE,NONE,N/A,Operation type CONCEPTUAL_PROSE does not contain deterministic numeric/algebraic target transition
math500_145,10,FINAL_ANSWER,NONE,N/A,Operation type FINAL_ANSWER does not contain deterministic numeric/algebraic target transition
math500_146,0,CONCEPTUAL_PROSE,NONE,N/A,Operation type CONCEPTUAL_PROSE does not contain deterministic numeric/algebraic target transition
math500_146,1,FINAL_ANSWER,NONE,N/A,Operation type FINAL_ANSWER does not contain deterministic numeric/algebraic target transition
math500_147,0,FINAL_ANSWER,NONE,N/A,Operation type FINAL_ANSWER does not contain deterministic numeric/algebraic target transition
math500_148,0,EQUATION_DERIVATION,OP_CONSTANT_PERTURB|OP_SIGN_FLIP|OP_TERM_SWAP,"Contains verifiable math expression eligible for OP_CONSTANT_PERTURB, OP_SIGN_FLIP, OP_TERM_SWAP",N/A
math500_148,1,EQUATION_DERIVATION,OP_CONSTANT_PERTURB|OP_SIGN_FLIP|OP_TERM_SWAP,"Contains verifiable math expression eligible for OP_CONSTANT_PERTURB, OP_SIGN_FLIP, OP_TERM_SWAP",N/A
math500_148,2,FINAL_ANSWER,NONE,N/A,Operation type FINAL_ANSWER does not contain deterministic numeric/algebraic target transition
math500_149,0,CONCEPTUAL_PROSE,NONE,N/A,Operation type CONCEPTUAL_PROSE does not contain deterministic numeric/algebraic target transition
math500_149,1,ALGEBRAIC_SIMPLIFICATION,OP_CONSTANT_PERTURB|OP_SIGN_FLIP,"Contains verifiable math expression eligible for OP_CONSTANT_PERTURB, OP_SIGN_FLIP",N/A
math500_149,2,ALGEBRAIC_SIMPLIFICATION,OP_CONSTANT_PERTURB|OP_SIGN_FLIP,"Contains verifiable math expression eligible for OP_CONSTANT_PERTURB, OP_SIGN_FLIP",N/A
math500_149,3,CONCEPTUAL_PROSE,NONE,N/A,Operation type CONCEPTUAL_PROSE does not contain deterministic numeric/algebraic target transition
math500_149,4,CONCEPTUAL_PROSE,NONE,N/A,Operation type CONCEPTUAL_PROSE does not contain deterministic numeric/algebraic target transition
math500_149,5,FINAL_ANSWER,NONE,N/A,Operation type FINAL_ANSWER does not contain deterministic numeric/algebraic target transition
math500_149,6,CONCEPTUAL_PROSE,NONE,N/A,Operation type CONCEPTUAL_PROSE does not contain deterministic numeric/algebraic target transition
math500_149,7,CONCEPTUAL_PROSE,NONE,N/A,Operation type CONCEPTUAL_PROSE does not contain deterministic numeric/algebraic target transition
math500_149,8,CONCEPTUAL_PROSE,NONE,N/A,Operation type CONCEPTUAL_PROSE does not contain deterministic numeric/algebraic target transition
math500_149,9,FINAL_ANSWER,NONE,N/A,Operation type FINAL_ANSWER does not contain deterministic numeric/algebraic target transition
math500_150,0,CONCEPTUAL_PROSE,NONE,N/A,Operation type CONCEPTUAL_PROSE does not contain deterministic numeric/algebraic target transition
math500_150,1,CONCEPTUAL_PROSE,NONE,N/A,Operation type CONCEPTUAL_PROSE does not contain deterministic numeric/algebraic target transition
math500_150,2,FINAL_ANSWER,NONE,N/A,Operation type FINAL_ANSWER does not contain deterministic numeric/algebraic target transition
math500_151,0,CONCEPTUAL_PROSE,NONE,N/A,Operation type CONCEPTUAL_PROSE does not contain deterministic numeric/algebraic target transition
math500_151,1,ALGEBRAIC_SIMPLIFICATION,OP_CONSTANT_PERTURB|OP_FRACTION_FLIP,"Contains verifiable math expression eligible for OP_CONSTANT_PERTURB, OP_FRACTION_FLIP",N/A
math500_151,2,CONCEPTUAL_PROSE,NONE,N/A,Operation type CONCEPTUAL_PROSE does not contain deterministic numeric/algebraic target transition
math500_151,3,EQUATION_DERIVATION,OP_CONSTANT_PERTURB|OP_TERM_SWAP|OP_FRACTION_FLIP,"Contains verifiable math expression eligible for OP_CONSTANT_PERTURB, OP_TERM_SWAP, OP_FRACTION_FLIP",N/A
math500_151,4,EQUATION_DERIVATION,OP_CONSTANT_PERTURB|OP_TERM_SWAP,"Contains verifiable math expression eligible for OP_CONSTANT_PERTURB, OP_TERM_SWAP",N/A
math500_151,5,FINAL_ANSWER,NONE,N/A,Operation type FINAL_ANSWER does not contain deterministic numeric/algebraic target transition
math500_152,0,EQUATION_DERIVATION,OP_CONSTANT_PERTURB|OP_TERM_SWAP,"Contains verifiable math expression eligible for OP_CONSTANT_PERTURB, OP_TERM_SWAP",N/A
math500_152,1,CONCEPTUAL_PROSE,NONE,N/A,Operation type CONCEPTUAL_PROSE does not contain deterministic numeric/algebraic target transition
math500_152,2,CONCEPTUAL_PROSE,NONE,N/A,Operation type CONCEPTUAL_PROSE does not contain deterministic numeric/algebraic target transition
math500_152,3,CONCEPTUAL_PROSE,NONE,N/A,Operation type CONCEPTUAL_PROSE does not contain deterministic numeric/algebraic target transition
math500_152,4,EQUATION_DERIVATION,OP_CONSTANT_PERTURB|OP_SIGN_FLIP|OP_TERM_SWAP,"Contains verifiable math expression eligible for OP_CONSTANT_PERTURB, OP_SIGN_FLIP, OP_TERM_SWAP",N/A
math500_152,5,ALGEBRAIC_SIMPLIFICATION,OP_SIGN_FLIP,Contains verifiable math expression eligible for OP_SIGN_FLIP,N/A
math500_152,6,ALGEBRAIC_SIMPLIFICATION,OP_CONSTANT_PERTURB,Contains verifiable math expression eligible for OP_CONSTANT_PERTURB,N/A
math500_152,7,CONCEPTUAL_PROSE,NONE,N/A,Operation type CONCEPTUAL_PROSE does not contain deterministic numeric/algebraic target transition
math500_152,8,EQUATION_DERIVATION,OP_CONSTANT_PERTURB|OP_TERM_SWAP,"Contains verifiable math expression eligible for OP_CONSTANT_PERTURB, OP_TERM_SWAP",N/A
math500_152,9,FINAL_ANSWER,NONE,N/A,Operation type FINAL_ANSWER does not contain deterministic numeric/algebraic target transition
math500_153,0,ALGEBRAIC_SIMPLIFICATION,OP_SIGN_FLIP,Contains verifiable math expression eligible for OP_SIGN_FLIP,N/A
math500_153,1,EQUATION_DERIVATION,OP_CONSTANT_PERTURB|OP_TERM_SWAP|OP_FRACTION_FLIP,"Contains verifiable math expression eligible for OP_CONSTANT_PERTURB, OP_TERM_SWAP, OP_FRACTION_FLIP",N/A
math500_153,2,CONCEPTUAL_PROSE,NONE,N/A,Operation type CONCEPTUAL_PROSE does not contain deterministic numeric/algebraic target transition
math500_153,3,FINAL_ANSWER,NONE,N/A,Operation type FINAL_ANSWER does not contain deterministic numeric/algebraic target transition
math500_154,0,EQUATION_DERIVATION,OP_CONSTANT_PERTURB|OP_SIGN_FLIP|OP_TERM_SWAP,"Contains verifiable math expression eligible for OP_CONSTANT_PERTURB, OP_SIGN_FLIP, OP_TERM_SWAP",N/A
math500_154,1,CONCEPTUAL_PROSE,NONE,N/A,Operation type CONCEPTUAL_PROSE does not contain deterministic numeric/algebraic target transition
math500_154,2,CONCEPTUAL_PROSE,NONE,N/A,Operation type CONCEPTUAL_PROSE does not contain deterministic numeric/algebraic target transition
math500_154,3,CONCEPTUAL_PROSE,NONE,N/A,Operation type CONCEPTUAL_PROSE does not contain deterministic numeric/algebraic target transition
math500_154,4,CONCEPTUAL_PROSE,NONE,N/A,Operation type CONCEPTUAL_PROSE does not contain deterministic numeric/algebraic target transition
math500_154,5,CONCEPTUAL_PROSE,NONE,N/A,Operation type CONCEPTUAL_PROSE does not contain deterministic numeric/algebraic target transition
math500_154,6,EQUATION_DERIVATION,OP_CONSTANT_PERTURB|OP_SIGN_FLIP|OP_TERM_SWAP,"Contains verifiable math expression eligible for OP_CONSTANT_PERTURB, OP_SIGN_FLIP, OP_TERM_SWAP",N/A
math500_154,7,CONCEPTUAL_PROSE,NONE,N/A,Operation type CONCEPTUAL_PROSE does not contain deterministic numeric/algebraic target transition
math500_154,8,CONCEPTUAL_PROSE,NONE,N/A,Operation type CONCEPTUAL_PROSE does not contain deterministic numeric/algebraic target transition
math500_154,9,EQUATION_DERIVATION,OP_CONSTANT_PERTURB|OP_SIGN_FLIP|OP_TERM_SWAP,"Contains verifiable math expression eligible for OP_CONSTANT_PERTURB, OP_SIGN_FLIP, OP_TERM_SWAP",N/A
math500_154,10,CONCEPTUAL_PROSE,NONE,N/A,Operation type CONCEPTUAL_PROSE does not contain deterministic numeric/algebraic target transition
math500_154,11,EQUATION_DERIVATION,OP_CONSTANT_PERTURB|OP_SIGN_FLIP|OP_TERM_SWAP,"Contains verifiable math expression eligible for OP_CONSTANT_PERTURB, OP_SIGN_FLIP, OP_TERM_SWAP",N/A
math500_154,12,EQUATION_DERIVATION,OP_CONSTANT_PERTURB|OP_SIGN_FLIP|OP_TERM_SWAP,"Contains verifiable math expression eligible for OP_CONSTANT_PERTURB, OP_SIGN_FLIP, OP_TERM_SWAP",N/A
math500_154,13,FINAL_ANSWER,NONE,N/A,Operation type FINAL_ANSWER does not contain deterministic numeric/algebraic target transition
math500_156,0,EQUATION_DERIVATION,OP_CONSTANT_PERTURB|OP_SIGN_FLIP|OP_TERM_SWAP|OP_FRACTION_FLIP,"Contains verifiable math expression eligible for OP_CONSTANT_PERTURB, OP_SIGN_FLIP, OP_TERM_SWAP, OP_FRACTION_FLIP",N/A
math500_156,1,ALGEBRAIC_SIMPLIFICATION,OP_CONSTANT_PERTURB|OP_SIGN_FLIP|OP_FRACTION_FLIP,"Contains verifiable math expression eligible for OP_CONSTANT_PERTURB, OP_SIGN_FLIP, OP_FRACTION_FLIP",N/A
math500_156,2,EQUATION_DERIVATION,OP_CONSTANT_PERTURB|OP_SIGN_FLIP|OP_TERM_SWAP|OP_FRACTION_FLIP,"Contains verifiable math expression eligible for OP_CONSTANT_PERTURB, OP_SIGN_FLIP, OP_TERM_SWAP, OP_FRACTION_FLIP",N/A
math500_156,3,ALGEBRAIC_SIMPLIFICATION,OP_CONSTANT_PERTURB|OP_FRACTION_FLIP,"Contains verifiable math expression eligible for OP_CONSTANT_PERTURB, OP_FRACTION_FLIP",N/A
math500_156,4,FINAL_ANSWER,NONE,N/A,Operation type FINAL_ANSWER does not contain deterministic numeric/algebraic target transition
math500_157,0,ALGEBRAIC_SIMPLIFICATION,OP_FRACTION_FLIP,Contains verifiable math expression eligible for OP_FRACTION_FLIP,N/A
math500_157,1,CONCEPTUAL_PROSE,NONE,N/A,Operation type CONCEPTUAL_PROSE does not contain deterministic numeric/algebraic target transition
math500_157,2,EQUATION_DERIVATION,OP_CONSTANT_PERTURB|OP_SIGN_FLIP|OP_TERM_SWAP,"Contains verifiable math expression eligible for OP_CONSTANT_PERTURB, OP_SIGN_FLIP, OP_TERM_SWAP",N/A
math500_157,3,FINAL_ANSWER,NONE,N/A,Operation type FINAL_ANSWER does not contain deterministic numeric/algebraic target transition
math500_158,0,CONCEPTUAL_PROSE,NONE,N/A,Operation type CONCEPTUAL_PROSE does not contain deterministic numeric/algebraic target transition
math500_158,1,ALGEBRAIC_SIMPLIFICATION,OP_CONSTANT_PERTURB|OP_SIGN_FLIP,"Contains verifiable math expression eligible for OP_CONSTANT_PERTURB, OP_SIGN_FLIP",N/A
math500_158,2,EQUATION_DERIVATION,OP_CONSTANT_PERTURB|OP_SIGN_FLIP|OP_TERM_SWAP,"Contains verifiable math expression eligible for OP_CONSTANT_PERTURB, OP_SIGN_FLIP, OP_TERM_SWAP",N/A
math500_158,3,EQUATION_DERIVATION,OP_CONSTANT_PERTURB|OP_SIGN_FLIP|OP_TERM_SWAP,"Contains verifiable math expression eligible for OP_CONSTANT_PERTURB, OP_SIGN_FLIP, OP_TERM_SWAP",N/A
math500_158,4,FINAL_ANSWER,NONE,N/A,Operation type FINAL_ANSWER does not contain deterministic numeric/algebraic target transition
math500_159,0,CONCEPTUAL_PROSE,NONE,N/A,Operation type CONCEPTUAL_PROSE does not contain deterministic numeric/algebraic target transition
math500_159,1,EQUATION_DERIVATION,OP_CONSTANT_PERTURB|OP_SIGN_FLIP|OP_TERM_SWAP,"Contains verifiable math expression eligible for OP_CONSTANT_PERTURB, OP_SIGN_FLIP, OP_TERM_SWAP",N/A
math500_159,2,FINAL_ANSWER,NONE,N/A,Operation type FINAL_ANSWER does not contain deterministic numeric/algebraic target transition
math500_160,0,ALGEBRAIC_SIMPLIFICATION,OP_CONSTANT_PERTURB,Contains verifiable math expression eligible for OP_CONSTANT_PERTURB,N/A
math500_160,1,EQUATION_DERIVATION,OP_CONSTANT_PERTURB|OP_TERM_SWAP,"Contains verifiable math expression eligible for OP_CONSTANT_PERTURB, OP_TERM_SWAP",N/A
math500_160,2,FINAL_ANSWER,NONE,N/A,Operation type FINAL_ANSWER does not contain deterministic numeric/algebraic target transition
math500_161,0,FINAL_ANSWER,NONE,N/A,Operation type FINAL_ANSWER does not contain deterministic numeric/algebraic target transition
math500_162,0,EQUATION_DERIVATION,OP_CONSTANT_PERTURB|OP_TERM_SWAP,"Contains verifiable math expression eligible for OP_CONSTANT_PERTURB, OP_TERM_SWAP",N/A
math500_162,1,CONCEPTUAL_PROSE,NONE,N/A,Operation type CONCEPTUAL_PROSE does not contain deterministic numeric/algebraic target transition
math500_162,2,EQUATION_DERIVATION,OP_CONSTANT_PERTURB|OP_SIGN_FLIP|OP_TERM_SWAP|OP_FRACTION_FLIP,"Contains verifiable math expression eligible for OP_CONSTANT_PERTURB, OP_SIGN_FLIP, OP_TERM_SWAP, OP_FRACTION_FLIP",N/A
math500_162,3,FINAL_ANSWER,NONE,N/A,Operation type FINAL_ANSWER does not contain deterministic numeric/algebraic target transition
math500_163,0,ALGEBRAIC_SIMPLIFICATION,OP_CONSTANT_PERTURB|OP_SIGN_FLIP|OP_FRACTION_FLIP,"Contains verifiable math expression eligible for OP_CONSTANT_PERTURB, OP_SIGN_FLIP, OP_FRACTION_FLIP",N/A
math500_163,1,CONCEPTUAL_PROSE,NONE,N/A,Operation type CONCEPTUAL_PROSE does not contain deterministic numeric/algebraic target transition
math500_163,2,FINAL_ANSWER,NONE,N/A,Operation type FINAL_ANSWER does not contain deterministic numeric/algebraic target transition
math500_164,0,EQUATION_DERIVATION,OP_CONSTANT_PERTURB|OP_SIGN_FLIP|OP_TERM_SWAP|OP_FRACTION_FLIP,"Contains verifiable math expression eligible for OP_CONSTANT_PERTURB, OP_SIGN_FLIP, OP_TERM_SWAP, OP_FRACTION_FLIP",N/A
math500_164,1,EQUATION_DERIVATION,OP_CONSTANT_PERTURB|OP_SIGN_FLIP|OP_TERM_SWAP,"Contains verifiable math expression eligible for OP_CONSTANT_PERTURB, OP_SIGN_FLIP, OP_TERM_SWAP",N/A
math500_164,2,EQUATION_DERIVATION,OP_CONSTANT_PERTURB|OP_SIGN_FLIP|OP_TERM_SWAP|OP_FRACTION_FLIP,"Contains verifiable math expression eligible for OP_CONSTANT_PERTURB, OP_SIGN_FLIP, OP_TERM_SWAP, OP_FRACTION_FLIP",N/A
math500_164,3,EQUATION_DERIVATION,OP_CONSTANT_PERTURB|OP_SIGN_FLIP|OP_TERM_SWAP,"Contains verifiable math expression eligible for OP_CONSTANT_PERTURB, OP_SIGN_FLIP, OP_TERM_SWAP",N/A
math500_164,4,FINAL_ANSWER,NONE,N/A,Operation type FINAL_ANSWER does not contain deterministic numeric/algebraic target transition
math500_165,0,EQUATION_DERIVATION,OP_CONSTANT_PERTURB|OP_SIGN_FLIP|OP_TERM_SWAP,"Contains verifiable math expression eligible for OP_CONSTANT_PERTURB, OP_SIGN_FLIP, OP_TERM_SWAP",N/A
math500_165,1,EQUATION_DERIVATION,OP_CONSTANT_PERTURB|OP_SIGN_FLIP|OP_TERM_SWAP,"Contains verifiable math expression eligible for OP_CONSTANT_PERTURB, OP_SIGN_FLIP, OP_TERM_SWAP",N/A
math500_165,2,FINAL_ANSWER,NONE,N/A,Operation type FINAL_ANSWER does not contain deterministic numeric/algebraic target transition
math500_166,0,ALGEBRAIC_SIMPLIFICATION,OP_CONSTANT_PERTURB|OP_SIGN_FLIP,"Contains verifiable math expression eligible for OP_CONSTANT_PERTURB, OP_SIGN_FLIP",N/A
math500_166,1,EQUATION_DERIVATION,OP_CONSTANT_PERTURB|OP_SIGN_FLIP|OP_TERM_SWAP|OP_FRACTION_FLIP,"Contains verifiable math expression eligible for OP_CONSTANT_PERTURB, OP_SIGN_FLIP, OP_TERM_SWAP, OP_FRACTION_FLIP",N/A
math500_166,2,CONCEPTUAL_PROSE,NONE,N/A,Operation type CONCEPTUAL_PROSE does not contain deterministic numeric/algebraic target transition
math500_166,3,FINAL_ANSWER,NONE,N/A,Operation type FINAL_ANSWER does not contain deterministic numeric/algebraic target transition
math500_167,0,EQUATION_DERIVATION,OP_CONSTANT_PERTURB|OP_TERM_SWAP|OP_FRACTION_FLIP,"Contains verifiable math expression eligible for OP_CONSTANT_PERTURB, OP_TERM_SWAP, OP_FRACTION_FLIP",N/A
math500_167,1,CONCEPTUAL_PROSE,NONE,N/A,Operation type CONCEPTUAL_PROSE does not contain deterministic numeric/algebraic target transition
math500_167,2,FINAL_ANSWER,NONE,N/A,Operation type FINAL_ANSWER does not contain deterministic numeric/algebraic target transition
math500_168,0,ALGEBRAIC_SIMPLIFICATION,OP_CONSTANT_PERTURB|OP_SIGN_FLIP,"Contains verifiable math expression eligible for OP_CONSTANT_PERTURB, OP_SIGN_FLIP",N/A
math500_168,1,CONCEPTUAL_PROSE,NONE,N/A,Operation type CONCEPTUAL_PROSE does not contain deterministic numeric/algebraic target transition
math500_168,2,EQUATION_DERIVATION,OP_CONSTANT_PERTURB|OP_SIGN_FLIP|OP_TERM_SWAP,"Contains verifiable math expression eligible for OP_CONSTANT_PERTURB, OP_SIGN_FLIP, OP_TERM_SWAP",N/A
math500_168,3,FINAL_ANSWER,NONE,N/A,Operation type FINAL_ANSWER does not contain deterministic numeric/algebraic target transition
math500_168,4,EQUATION_DERIVATION,OP_CONSTANT_PERTURB|OP_SIGN_FLIP|OP_TERM_SWAP,"Contains verifiable math expression eligible for OP_CONSTANT_PERTURB, OP_SIGN_FLIP, OP_TERM_SWAP",N/A
math500_168,5,CONCEPTUAL_PROSE,NONE,N/A,Operation type CONCEPTUAL_PROSE does not contain deterministic numeric/algebraic target transition
math500_168,6,EQUATION_DERIVATION,OP_CONSTANT_PERTURB|OP_SIGN_FLIP|OP_TERM_SWAP,"Contains verifiable math expression eligible for OP_CONSTANT_PERTURB, OP_SIGN_FLIP, OP_TERM_SWAP",N/A
math500_168,7,EQUATION_DERIVATION,OP_CONSTANT_PERTURB|OP_SIGN_FLIP|OP_TERM_SWAP,"Contains verifiable math expression eligible for OP_CONSTANT_PERTURB, OP_SIGN_FLIP, OP_TERM_SWAP",N/A
math500_168,8,CONCEPTUAL_PROSE,NONE,N/A,Operation type CONCEPTUAL_PROSE does not contain deterministic numeric/algebraic target transition
math500_168,9,ALGEBRAIC_SIMPLIFICATION,OP_CONSTANT_PERTURB|OP_SIGN_FLIP,"Contains verifiable math expression eligible for OP_CONSTANT_PERTURB, OP_SIGN_FLIP",N/A
math500_169,0,CONCEPTUAL_PROSE,NONE,N/A,Operation type CONCEPTUAL_PROSE does not contain deterministic numeric/algebraic target transition
math500_169,1,CONCEPTUAL_PROSE,NONE,N/A,Operation type CONCEPTUAL_PROSE does not contain deterministic numeric/algebraic target transition
math500_169,2,FINAL_ANSWER,NONE,N/A,Operation type FINAL_ANSWER does not contain deterministic numeric/algebraic target transition
math500_170,0,EQUATION_DERIVATION,OP_CONSTANT_PERTURB|OP_SIGN_FLIP|OP_TERM_SWAP,"Contains verifiable math expression eligible for OP_CONSTANT_PERTURB, OP_SIGN_FLIP, OP_TERM_SWAP",N/A
math500_170,1,EQUATION_DERIVATION,OP_CONSTANT_PERTURB|OP_SIGN_FLIP|OP_TERM_SWAP,"Contains verifiable math expression eligible for OP_CONSTANT_PERTURB, OP_SIGN_FLIP, OP_TERM_SWAP",N/A
math500_170,2,ALGEBRAIC_SIMPLIFICATION,OP_CONSTANT_PERTURB|OP_SIGN_FLIP,"Contains verifiable math expression eligible for OP_CONSTANT_PERTURB, OP_SIGN_FLIP",N/A
math500_170,3,CONCEPTUAL_PROSE,NONE,N/A,Operation type CONCEPTUAL_PROSE does not contain deterministic numeric/algebraic target transition
math500_170,4,ALGEBRAIC_SIMPLIFICATION,OP_CONSTANT_PERTURB|OP_SIGN_FLIP,"Contains verifiable math expression eligible for OP_CONSTANT_PERTURB, OP_SIGN_FLIP",N/A
math500_170,5,EQUATION_DERIVATION,OP_CONSTANT_PERTURB|OP_SIGN_FLIP|OP_TERM_SWAP,"Contains verifiable math expression eligible for OP_CONSTANT_PERTURB, OP_SIGN_FLIP, OP_TERM_SWAP",N/A
math500_170,6,ALGEBRAIC_SIMPLIFICATION,OP_CONSTANT_PERTURB|OP_SIGN_FLIP,"Contains verifiable math expression eligible for OP_CONSTANT_PERTURB, OP_SIGN_FLIP",N/A
math500_170,7,EQUATION_DERIVATION,OP_CONSTANT_PERTURB|OP_SIGN_FLIP|OP_TERM_SWAP|OP_FRACTION_FLIP,"Contains verifiable math expression eligible for OP_CONSTANT_PERTURB, OP_SIGN_FLIP, OP_TERM_SWAP, OP_FRACTION_FLIP",N/A
math500_170,8,CONCEPTUAL_PROSE,NONE,N/A,Operation type CONCEPTUAL_PROSE does not contain deterministic numeric/algebraic target transition
math500_170,9,EQUATION_DERIVATION,OP_CONSTANT_PERTURB|OP_SIGN_FLIP|OP_TERM_SWAP,"Contains verifiable math expression eligible for OP_CONSTANT_PERTURB, OP_SIGN_FLIP, OP_TERM_SWAP",N/A
math500_170,10,EQUATION_DERIVATION,OP_CONSTANT_PERTURB|OP_SIGN_FLIP|OP_TERM_SWAP,"Contains verifiable math expression eligible for OP_CONSTANT_PERTURB, OP_SIGN_FLIP, OP_TERM_SWAP",N/A
math500_170,11,EQUATION_DERIVATION,OP_CONSTANT_PERTURB|OP_SIGN_FLIP|OP_TERM_SWAP|OP_FRACTION_FLIP,"Contains verifiable math expression eligible for OP_CONSTANT_PERTURB, OP_SIGN_FLIP, OP_TERM_SWAP, OP_FRACTION_FLIP",N/A
math500_170,12,EQUATION_DERIVATION,OP_CONSTANT_PERTURB|OP_SIGN_FLIP|OP_TERM_SWAP|OP_FRACTION_FLIP,"Contains verifiable math expression eligible for OP_CONSTANT_PERTURB, OP_SIGN_FLIP, OP_TERM_SWAP, OP_FRACTION_FLIP",N/A
math500_170,13,CONCEPTUAL_PROSE,NONE,N/A,Operation type CONCEPTUAL_PROSE does not contain deterministic numeric/algebraic target transition
math500_170,14,EQUATION_DERIVATION,OP_CONSTANT_PERTURB|OP_SIGN_FLIP|OP_TERM_SWAP,"Contains verifiable math expression eligible for OP_CONSTANT_PERTURB, OP_SIGN_FLIP, OP_TERM_SWAP",N/A
math500_170,15,EQUATION_DERIVATION,OP_CONSTANT_PERTURB|OP_SIGN_FLIP|OP_TERM_SWAP,"Contains verifiable math expression eligible for OP_CONSTANT_PERTURB, OP_SIGN_FLIP, OP_TERM_SWAP",N/A
math500_170,16,EQUATION_DERIVATION,OP_CONSTANT_PERTURB|OP_SIGN_FLIP|OP_TERM_SWAP|OP_FRACTION_FLIP,"Contains verifiable math expression eligible for OP_CONSTANT_PERTURB, OP_SIGN_FLIP, OP_TERM_SWAP, OP_FRACTION_FLIP",N/A
math500_170,17,EQUATION_DERIVATION,OP_CONSTANT_PERTURB|OP_SIGN_FLIP|OP_TERM_SWAP|OP_FRACTION_FLIP,"Contains verifiable math expression eligible for OP_CONSTANT_PERTURB, OP_SIGN_FLIP, OP_TERM_SWAP, OP_FRACTION_FLIP",N/A
math500_170,18,ALGEBRAIC_SIMPLIFICATION,OP_CONSTANT_PERTURB|OP_SIGN_FLIP|OP_FRACTION_FLIP,"Contains verifiable math expression eligible for OP_CONSTANT_PERTURB, OP_SIGN_FLIP, OP_FRACTION_FLIP",N/A
math500_170,19,ALGEBRAIC_SIMPLIFICATION,OP_SIGN_FLIP,Contains verifiable math expression eligible for OP_SIGN_FLIP,N/A
math500_170,20,FINAL_ANSWER,NONE,N/A,Operation type FINAL_ANSWER does not contain deterministic numeric/algebraic target transition
math500_171,0,CONCEPTUAL_PROSE,NONE,N/A,Operation type CONCEPTUAL_PROSE does not contain deterministic numeric/algebraic target transition
math500_171,1,EQUATION_DERIVATION,OP_CONSTANT_PERTURB|OP_TERM_SWAP|OP_FRACTION_FLIP,"Contains verifiable math expression eligible for OP_CONSTANT_PERTURB, OP_TERM_SWAP, OP_FRACTION_FLIP",N/A
math500_171,2,CONCEPTUAL_PROSE,NONE,N/A,Operation type CONCEPTUAL_PROSE does not contain deterministic numeric/algebraic target transition
math500_171,3,FINAL_ANSWER,NONE,N/A,Operation type FINAL_ANSWER does not contain deterministic numeric/algebraic target transition
math500_172,0,CONCEPTUAL_PROSE,NONE,N/A,Operation type CONCEPTUAL_PROSE does not contain deterministic numeric/algebraic target transition
math500_172,1,FINAL_ANSWER,NONE,N/A,Operation type FINAL_ANSWER does not contain deterministic numeric/algebraic target transition
math500_172,2,CONCEPTUAL_PROSE,NONE,N/A,Operation type CONCEPTUAL_PROSE does not contain deterministic numeric/algebraic target transition
math500_172,3,EQUATION_DERIVATION,OP_CONSTANT_PERTURB|OP_SIGN_FLIP|OP_TERM_SWAP,"Contains verifiable math expression eligible for OP_CONSTANT_PERTURB, OP_SIGN_FLIP, OP_TERM_SWAP",N/A
math500_172,4,EQUATION_DERIVATION,OP_CONSTANT_PERTURB|OP_TERM_SWAP,"Contains verifiable math expression eligible for OP_CONSTANT_PERTURB, OP_TERM_SWAP",N/A
math500_172,5,FINAL_ANSWER,NONE,N/A,Operation type FINAL_ANSWER does not contain deterministic numeric/algebraic target transition
math500_173,0,EQUATION_DERIVATION,OP_CONSTANT_PERTURB|OP_SIGN_FLIP|OP_TERM_SWAP|OP_FRACTION_FLIP,"Contains verifiable math expression eligible for OP_CONSTANT_PERTURB, OP_SIGN_FLIP, OP_TERM_SWAP, OP_FRACTION_FLIP",N/A
math500_173,1,ALGEBRAIC_SIMPLIFICATION,OP_CONSTANT_PERTURB|OP_SIGN_FLIP|OP_FRACTION_FLIP,"Contains verifiable math expression eligible for OP_CONSTANT_PERTURB, OP_SIGN_FLIP, OP_FRACTION_FLIP",N/A
math500_173,2,EQUATION_DERIVATION,OP_CONSTANT_PERTURB|OP_SIGN_FLIP|OP_TERM_SWAP,"Contains verifiable math expression eligible for OP_CONSTANT_PERTURB, OP_SIGN_FLIP, OP_TERM_SWAP",N/A
math500_173,3,EQUATION_DERIVATION,OP_CONSTANT_PERTURB|OP_SIGN_FLIP|OP_TERM_SWAP,"Contains verifiable math expression eligible for OP_CONSTANT_PERTURB, OP_SIGN_FLIP, OP_TERM_SWAP",N/A
math500_173,4,EQUATION_DERIVATION,OP_CONSTANT_PERTURB|OP_SIGN_FLIP|OP_TERM_SWAP,"Contains verifiable math expression eligible for OP_CONSTANT_PERTURB, OP_SIGN_FLIP, OP_TERM_SWAP",N/A
math500_173,5,EQUATION_DERIVATION,OP_CONSTANT_PERTURB|OP_SIGN_FLIP|OP_TERM_SWAP,"Contains verifiable math expression eligible for OP_CONSTANT_PERTURB, OP_SIGN_FLIP, OP_TERM_SWAP",N/A
math500_173,6,FINAL_ANSWER,NONE,N/A,Operation type FINAL_ANSWER does not contain deterministic numeric/algebraic target transition
math500_173,7,ALGEBRAIC_SIMPLIFICATION,OP_CONSTANT_PERTURB|OP_SIGN_FLIP,"Contains verifiable math expression eligible for OP_CONSTANT_PERTURB, OP_SIGN_FLIP",N/A
math500_173,8,ALGEBRAIC_SIMPLIFICATION,OP_CONSTANT_PERTURB|OP_FRACTION_FLIP,"Contains verifiable math expression eligible for OP_CONSTANT_PERTURB, OP_FRACTION_FLIP",N/A
math500_173,9,EQUATION_DERIVATION,OP_CONSTANT_PERTURB|OP_SIGN_FLIP|OP_TERM_SWAP|OP_FRACTION_FLIP,"Contains verifiable math expression eligible for OP_CONSTANT_PERTURB, OP_SIGN_FLIP, OP_TERM_SWAP, OP_FRACTION_FLIP",N/A
math500_174,0,EQUATION_DERIVATION,OP_CONSTANT_PERTURB|OP_SIGN_FLIP|OP_TERM_SWAP,"Contains verifiable math expression eligible for OP_CONSTANT_PERTURB, OP_SIGN_FLIP, OP_TERM_SWAP",N/A
math500_174,1,EQUATION_DERIVATION,OP_CONSTANT_PERTURB|OP_SIGN_FLIP|OP_TERM_SWAP,"Contains verifiable math expression eligible for OP_CONSTANT_PERTURB, OP_SIGN_FLIP, OP_TERM_SWAP",N/A
math500_174,2,EQUATION_DERIVATION,OP_CONSTANT_PERTURB|OP_SIGN_FLIP|OP_TERM_SWAP,"Contains verifiable math expression eligible for OP_CONSTANT_PERTURB, OP_SIGN_FLIP, OP_TERM_SWAP",N/A
math500_174,3,FINAL_ANSWER,NONE,N/A,Operation type FINAL_ANSWER does not contain deterministic numeric/algebraic target transition
math500_174,4,EQUATION_DERIVATION,OP_CONSTANT_PERTURB|OP_TERM_SWAP,"Contains verifiable math expression eligible for OP_CONSTANT_PERTURB, OP_TERM_SWAP",N/A
math500_174,5,EQUATION_DERIVATION,OP_CONSTANT_PERTURB|OP_SIGN_FLIP|OP_TERM_SWAP,"Contains verifiable math expression eligible for OP_CONSTANT_PERTURB, OP_SIGN_FLIP, OP_TERM_SWAP",N/A
math500_174,6,EQUATION_DERIVATION,OP_TERM_SWAP,Contains verifiable math expression eligible for OP_TERM_SWAP,N/A
math500_174,7,CONCEPTUAL_PROSE,NONE,N/A,Operation type CONCEPTUAL_PROSE does not contain deterministic numeric/algebraic target transition
math500_174,8,CONCEPTUAL_PROSE,NONE,N/A,Operation type CONCEPTUAL_PROSE does not contain deterministic numeric/algebraic target transition
math500_174,9,CONCEPTUAL_PROSE,NONE,N/A,Operation type CONCEPTUAL_PROSE does not contain deterministic numeric/algebraic target transition
math500_174,10,CONCEPTUAL_PROSE,NONE,N/A,Operation type CONCEPTUAL_PROSE does not contain deterministic numeric/algebraic target transition
math500_174,11,CONCEPTUAL_PROSE,NONE,N/A,Operation type CONCEPTUAL_PROSE does not contain deterministic numeric/algebraic target transition
math500_174,12,CONCEPTUAL_PROSE,NONE,N/A,Operation type CONCEPTUAL_PROSE does not contain deterministic numeric/algebraic target transition
math500_174,13,ALGEBRAIC_SIMPLIFICATION,OP_CONSTANT_PERTURB|OP_SIGN_FLIP,"Contains verifiable math expression eligible for OP_CONSTANT_PERTURB, OP_SIGN_FLIP",N/A
math500_174,14,ALGEBRAIC_SIMPLIFICATION,OP_CONSTANT_PERTURB|OP_SIGN_FLIP,"Contains verifiable math expression eligible for OP_CONSTANT_PERTURB, OP_SIGN_FLIP",N/A
math500_174,15,CONCEPTUAL_PROSE,NONE,N/A,Operation type CONCEPTUAL_PROSE does not contain deterministic numeric/algebraic target transition
math500_174,16,CONCEPTUAL_PROSE,NONE,N/A,Operation type CONCEPTUAL_PROSE does not contain deterministic numeric/algebraic target transition
math500_174,17,CONCEPTUAL_PROSE,NONE,N/A,Operation type CONCEPTUAL_PROSE does not contain deterministic numeric/algebraic target transition
math500_174,18,EQUATION_DERIVATION,OP_SIGN_FLIP|OP_TERM_SWAP,"Contains verifiable math expression eligible for OP_SIGN_FLIP, OP_TERM_SWAP",N/A
math500_174,19,CONCEPTUAL_PROSE,NONE,N/A,Operation type CONCEPTUAL_PROSE does not contain deterministic numeric/algebraic target transition
math500_174,20,CONCEPTUAL_PROSE,NONE,N/A,Operation type CONCEPTUAL_PROSE does not contain deterministic numeric/algebraic target transition
math500_174,21,EQUATION_DERIVATION,OP_SIGN_FLIP|OP_TERM_SWAP,"Contains verifiable math expression eligible for OP_SIGN_FLIP, OP_TERM_SWAP",N/A
math500_174,22,CONCEPTUAL_PROSE,NONE,N/A,Operation type CONCEPTUAL_PROSE does not contain deterministic numeric/algebraic target transition
math500_174,23,CONCEPTUAL_PROSE,NONE,N/A,Operation type CONCEPTUAL_PROSE does not contain deterministic numeric/algebraic target transition
math500_174,24,CONCEPTUAL_PROSE,NONE,N/A,Operation type CONCEPTUAL_PROSE does not contain deterministic numeric/algebraic target transition
math500_174,25,EQUATION_DERIVATION,OP_TERM_SWAP,Contains verifiable math expression eligible for OP_TERM_SWAP,N/A
math500_174,26,EQUATION_DERIVATION,OP_CONSTANT_PERTURB|OP_TERM_SWAP,"Contains verifiable math expression eligible for OP_CONSTANT_PERTURB, OP_TERM_SWAP",N/A
math500_174,27,EQUATION_DERIVATION,OP_CONSTANT_PERTURB|OP_TERM_SWAP,"Contains verifiable math expression eligible for OP_CONSTANT_PERTURB, OP_TERM_SWAP",N/A
math500_174,28,EQUATION_DERIVATION,OP_TERM_SWAP,Contains verifiable math expression eligible for OP_TERM_SWAP,N/A
math500_174,29,CONCEPTUAL_PROSE,NONE,N/A,Operation type CONCEPTUAL_PROSE does not contain deterministic numeric/algebraic target transition
math500_174,30,EQUATION_DERIVATION,OP_CONSTANT_PERTURB|OP_TERM_SWAP,"Contains verifiable math expression eligible for OP_CONSTANT_PERTURB, OP_TERM_SWAP",N/A
math500_174,31,EQUATION_DERIVATION,OP_CONSTANT_PERTURB|OP_SIGN_FLIP|OP_TERM_SWAP,"Contains verifiable math expression eligible for OP_CONSTANT_PERTURB, OP_SIGN_FLIP, OP_TERM_SWAP",N/A
math500_174,32,EQUATION_DERIVATION,OP_CONSTANT_PERTURB|OP_TERM_SWAP,"Contains verifiable math expression eligible for OP_CONSTANT_PERTURB, OP_TERM_SWAP",N/A
math500_174,33,EQUATION_DERIVATION,OP_CONSTANT_PERTURB|OP_SIGN_FLIP|OP_TERM_SWAP,"Contains verifiable math expression eligible for OP_CONSTANT_PERTURB, OP_SIGN_FLIP, OP_TERM_SWAP",N/A
math500_174,34,CONCEPTUAL_PROSE,NONE,N/A,Operation type CONCEPTUAL_PROSE does not contain deterministic numeric/algebraic target transition
math500_174,35,EQUATION_DERIVATION,OP_CONSTANT_PERTURB|OP_TERM_SWAP,"Contains verifiable math expression eligible for OP_CONSTANT_PERTURB, OP_TERM_SWAP",N/A
math500_174,36,EQUATION_DERIVATION,OP_CONSTANT_PERTURB|OP_TERM_SWAP,"Contains verifiable math expression eligible for OP_CONSTANT_PERTURB, OP_TERM_SWAP",N/A
math500_174,37,EQUATION_DERIVATION,OP_CONSTANT_PERTURB|OP_SIGN_FLIP|OP_TERM_SWAP,"Contains verifiable math expression eligible for OP_CONSTANT_PERTURB, OP_SIGN_FLIP, OP_TERM_SWAP",N/A
math500_175,0,EQUATION_DERIVATION,OP_CONSTANT_PERTURB|OP_SIGN_FLIP|OP_TERM_SWAP|OP_FRACTION_FLIP,"Contains verifiable math expression eligible for OP_CONSTANT_PERTURB, OP_SIGN_FLIP, OP_TERM_SWAP, OP_FRACTION_FLIP",N/A
math500_175,1,EQUATION_DERIVATION,OP_CONSTANT_PERTURB|OP_SIGN_FLIP|OP_TERM_SWAP|OP_FRACTION_FLIP,"Contains verifiable math expression eligible for OP_CONSTANT_PERTURB, OP_SIGN_FLIP, OP_TERM_SWAP, OP_FRACTION_FLIP",N/A
math500_175,2,EQUATION_DERIVATION,OP_CONSTANT_PERTURB|OP_SIGN_FLIP|OP_TERM_SWAP|OP_FRACTION_FLIP,"Contains verifiable math expression eligible for OP_CONSTANT_PERTURB, OP_SIGN_FLIP, OP_TERM_SWAP, OP_FRACTION_FLIP",N/A
math500_175,3,FINAL_ANSWER,NONE,N/A,Operation type FINAL_ANSWER does not contain deterministic numeric/algebraic target transition
math500_176,0,ALGEBRAIC_SIMPLIFICATION,OP_CONSTANT_PERTURB|OP_FRACTION_FLIP,"Contains verifiable math expression eligible for OP_CONSTANT_PERTURB, OP_FRACTION_FLIP",N/A
math500_176,1,FINAL_ANSWER,NONE,N/A,Operation type FINAL_ANSWER does not contain deterministic numeric/algebraic target transition
math500_177,0,CONCEPTUAL_PROSE,NONE,N/A,Operation type CONCEPTUAL_PROSE does not contain deterministic numeric/algebraic target transition
math500_177,1,CONCEPTUAL_PROSE,NONE,N/A,Operation type CONCEPTUAL_PROSE does not contain deterministic numeric/algebraic target transition
math500_177,2,CONCEPTUAL_PROSE,NONE,N/A,Operation type CONCEPTUAL_PROSE does not contain deterministic numeric/algebraic target transition
math500_177,3,CONCEPTUAL_PROSE,NONE,N/A,Operation type CONCEPTUAL_PROSE does not contain deterministic numeric/algebraic target transition
math500_177,4,EQUATION_DERIVATION,OP_CONSTANT_PERTURB|OP_SIGN_FLIP|OP_TERM_SWAP,"Contains verifiable math expression eligible for OP_CONSTANT_PERTURB, OP_SIGN_FLIP, OP_TERM_SWAP",N/A
math500_177,5,EQUATION_DERIVATION,OP_CONSTANT_PERTURB|OP_SIGN_FLIP|OP_TERM_SWAP,"Contains verifiable math expression eligible for OP_CONSTANT_PERTURB, OP_SIGN_FLIP, OP_TERM_SWAP",N/A
math500_177,6,EQUATION_DERIVATION,OP_CONSTANT_PERTURB|OP_TERM_SWAP,"Contains verifiable math expression eligible for OP_CONSTANT_PERTURB, OP_TERM_SWAP",N/A
math500_177,7,EQUATION_DERIVATION,OP_CONSTANT_PERTURB|OP_SIGN_FLIP|OP_TERM_SWAP,"Contains verifiable math expression eligible for OP_CONSTANT_PERTURB, OP_SIGN_FLIP, OP_TERM_SWAP",N/A
math500_177,8,EQUATION_DERIVATION,OP_CONSTANT_PERTURB|OP_SIGN_FLIP|OP_TERM_SWAP|OP_FRACTION_FLIP,"Contains verifiable math expression eligible for OP_CONSTANT_PERTURB, OP_SIGN_FLIP, OP_TERM_SWAP, OP_FRACTION_FLIP",N/A
math500_177,9,FINAL_ANSWER,NONE,N/A,Operation type FINAL_ANSWER does not contain deterministic numeric/algebraic target transition
math500_178,0,CONCEPTUAL_PROSE,NONE,N/A,Operation type CONCEPTUAL_PROSE does not contain deterministic numeric/algebraic target transition
math500_178,1,FINAL_ANSWER,NONE,N/A,Operation type FINAL_ANSWER does not contain deterministic numeric/algebraic target transition
math500_179,0,EQUATION_DERIVATION,OP_CONSTANT_PERTURB|OP_SIGN_FLIP|OP_TERM_SWAP,"Contains verifiable math expression eligible for OP_CONSTANT_PERTURB, OP_SIGN_FLIP, OP_TERM_SWAP",N/A
math500_179,1,EQUATION_DERIVATION,OP_CONSTANT_PERTURB|OP_SIGN_FLIP|OP_TERM_SWAP,"Contains verifiable math expression eligible for OP_CONSTANT_PERTURB, OP_SIGN_FLIP, OP_TERM_SWAP",N/A
math500_179,2,CONCEPTUAL_PROSE,NONE,N/A,Operation type CONCEPTUAL_PROSE does not contain deterministic numeric/algebraic target transition
math500_179,3,EQUATION_DERIVATION,OP_CONSTANT_PERTURB|OP_SIGN_FLIP|OP_TERM_SWAP,"Contains verifiable math expression eligible for OP_CONSTANT_PERTURB, OP_SIGN_FLIP, OP_TERM_SWAP",N/A
math500_179,4,CONCEPTUAL_PROSE,NONE,N/A,Operation type CONCEPTUAL_PROSE does not contain deterministic numeric/algebraic target transition
math500_179,5,EQUATION_DERIVATION,OP_CONSTANT_PERTURB|OP_SIGN_FLIP|OP_TERM_SWAP,"Contains verifiable math expression eligible for OP_CONSTANT_PERTURB, OP_SIGN_FLIP, OP_TERM_SWAP",N/A
math500_179,6,ALGEBRAIC_SIMPLIFICATION,OP_CONSTANT_PERTURB|OP_SIGN_FLIP,"Contains verifiable math expression eligible for OP_CONSTANT_PERTURB, OP_SIGN_FLIP",N/A
math500_179,7,CONCEPTUAL_PROSE,NONE,N/A,Operation type CONCEPTUAL_PROSE does not contain deterministic numeric/algebraic target transition
math500_179,8,EQUATION_DERIVATION,OP_CONSTANT_PERTURB|OP_SIGN_FLIP|OP_TERM_SWAP,"Contains verifiable math expression eligible for OP_CONSTANT_PERTURB, OP_SIGN_FLIP, OP_TERM_SWAP",N/A
math500_179,9,FINAL_ANSWER,NONE,N/A,Operation type FINAL_ANSWER does not contain deterministic numeric/algebraic target transition
math500_180,0,CONCEPTUAL_PROSE,NONE,N/A,Operation type CONCEPTUAL_PROSE does not contain deterministic numeric/algebraic target transition
math500_180,1,FINAL_ANSWER,NONE,N/A,Operation type FINAL_ANSWER does not contain deterministic numeric/algebraic target transition
math500_181,0,EQUATION_DERIVATION,OP_CONSTANT_PERTURB|OP_TERM_SWAP,"Contains verifiable math expression eligible for OP_CONSTANT_PERTURB, OP_TERM_SWAP",N/A
math500_181,1,FINAL_ANSWER,NONE,N/A,Operation type FINAL_ANSWER does not contain deterministic numeric/algebraic target transition
math500_182,0,ALGEBRAIC_SIMPLIFICATION,OP_CONSTANT_PERTURB|OP_FRACTION_FLIP,"Contains verifiable math expression eligible for OP_CONSTANT_PERTURB, OP_FRACTION_FLIP",N/A
math500_182,1,FINAL_ANSWER,NONE,N/A,Operation type FINAL_ANSWER does not contain deterministic numeric/algebraic target transition
math500_184,0,CONCEPTUAL_PROSE,NONE,N/A,Operation type CONCEPTUAL_PROSE does not contain deterministic numeric/algebraic target transition
math500_184,1,EQUATION_DERIVATION,OP_SIGN_FLIP|OP_TERM_SWAP|OP_FRACTION_FLIP,"Contains verifiable math expression eligible for OP_SIGN_FLIP, OP_TERM_SWAP, OP_FRACTION_FLIP",N/A
math500_184,2,CONCEPTUAL_PROSE,NONE,N/A,Operation type CONCEPTUAL_PROSE does not contain deterministic numeric/algebraic target transition
math500_184,3,EQUATION_DERIVATION,OP_CONSTANT_PERTURB|OP_SIGN_FLIP|OP_TERM_SWAP|OP_FRACTION_FLIP,"Contains verifiable math expression eligible for OP_CONSTANT_PERTURB, OP_SIGN_FLIP, OP_TERM_SWAP, OP_FRACTION_FLIP",N/A
math500_184,4,EQUATION_DERIVATION,OP_CONSTANT_PERTURB|OP_SIGN_FLIP|OP_TERM_SWAP|OP_FRACTION_FLIP,"Contains verifiable math expression eligible for OP_CONSTANT_PERTURB, OP_SIGN_FLIP, OP_TERM_SWAP, OP_FRACTION_FLIP",N/A
math500_184,5,EQUATION_DERIVATION,OP_CONSTANT_PERTURB|OP_SIGN_FLIP|OP_TERM_SWAP|OP_FRACTION_FLIP,"Contains verifiable math expression eligible for OP_CONSTANT_PERTURB, OP_SIGN_FLIP, OP_TERM_SWAP, OP_FRACTION_FLIP",N/A
math500_184,6,CONCEPTUAL_PROSE,NONE,N/A,Operation type CONCEPTUAL_PROSE does not contain deterministic numeric/algebraic target transition
math500_184,7,ALGEBRAIC_SIMPLIFICATION,OP_CONSTANT_PERTURB|OP_SIGN_FLIP|OP_FRACTION_FLIP,"Contains verifiable math expression eligible for OP_CONSTANT_PERTURB, OP_SIGN_FLIP, OP_FRACTION_FLIP",N/A
math500_184,8,CONCEPTUAL_PROSE,NONE,N/A,Operation type CONCEPTUAL_PROSE does not contain deterministic numeric/algebraic target transition
math500_184,9,ALGEBRAIC_SIMPLIFICATION,OP_CONSTANT_PERTURB|OP_SIGN_FLIP,"Contains verifiable math expression eligible for OP_CONSTANT_PERTURB, OP_SIGN_FLIP",N/A
math500_184,10,CONCEPTUAL_PROSE,NONE,N/A,Operation type CONCEPTUAL_PROSE does not contain deterministic numeric/algebraic target transition
math500_184,11,EQUATION_DERIVATION,OP_TERM_SWAP,Contains verifiable math expression eligible for OP_TERM_SWAP,N/A
math500_184,12,EQUATION_DERIVATION,OP_CONSTANT_PERTURB|OP_SIGN_FLIP|OP_TERM_SWAP|OP_FRACTION_FLIP,"Contains verifiable math expression eligible for OP_CONSTANT_PERTURB, OP_SIGN_FLIP, OP_TERM_SWAP, OP_FRACTION_FLIP",N/A
math500_184,13,CONCEPTUAL_PROSE,NONE,N/A,Operation type CONCEPTUAL_PROSE does not contain deterministic numeric/algebraic target transition
math500_184,14,CONCEPTUAL_PROSE,NONE,N/A,Operation type CONCEPTUAL_PROSE does not contain deterministic numeric/algebraic target transition
math500_184,15,CONCEPTUAL_PROSE,NONE,N/A,Operation type CONCEPTUAL_PROSE does not contain deterministic numeric/algebraic target transition
math500_184,16,CONCEPTUAL_PROSE,NONE,N/A,Operation type CONCEPTUAL_PROSE does not contain deterministic numeric/algebraic target transition
math500_184,17,FINAL_ANSWER,NONE,N/A,Operation type FINAL_ANSWER does not contain deterministic numeric/algebraic target transition
math500_185,0,EQUATION_DERIVATION,OP_CONSTANT_PERTURB|OP_TERM_SWAP,"Contains verifiable math expression eligible for OP_CONSTANT_PERTURB, OP_TERM_SWAP",N/A
math500_185,1,FINAL_ANSWER,NONE,N/A,Operation type FINAL_ANSWER does not contain deterministic numeric/algebraic target transition
math500_186,0,ALGEBRAIC_SIMPLIFICATION,OP_CONSTANT_PERTURB,Contains verifiable math expression eligible for OP_CONSTANT_PERTURB,N/A
math500_186,1,FINAL_ANSWER,NONE,N/A,Operation type FINAL_ANSWER does not contain deterministic numeric/algebraic target transition
math500_187,0,CONCEPTUAL_PROSE,NONE,N/A,Operation type CONCEPTUAL_PROSE does not contain deterministic numeric/algebraic target transition
math500_187,1,EQUATION_DERIVATION,OP_CONSTANT_PERTURB|OP_SIGN_FLIP|OP_TERM_SWAP,"Contains verifiable math expression eligible for OP_CONSTANT_PERTURB, OP_SIGN_FLIP, OP_TERM_SWAP",N/A
math500_187,2,EQUATION_DERIVATION,OP_CONSTANT_PERTURB|OP_SIGN_FLIP|OP_TERM_SWAP,"Contains verifiable math expression eligible for OP_CONSTANT_PERTURB, OP_SIGN_FLIP, OP_TERM_SWAP",N/A
math500_187,3,EQUATION_DERIVATION,OP_CONSTANT_PERTURB|OP_SIGN_FLIP|OP_TERM_SWAP,"Contains verifiable math expression eligible for OP_CONSTANT_PERTURB, OP_SIGN_FLIP, OP_TERM_SWAP",N/A
math500_187,4,FINAL_ANSWER,NONE,N/A,Operation type FINAL_ANSWER does not contain deterministic numeric/algebraic target transition
math500_188,0,CONCEPTUAL_PROSE,NONE,N/A,Operation type CONCEPTUAL_PROSE does not contain deterministic numeric/algebraic target transition
math500_188,1,EQUATION_DERIVATION,OP_CONSTANT_PERTURB|OP_SIGN_FLIP|OP_TERM_SWAP,"Contains verifiable math expression eligible for OP_CONSTANT_PERTURB, OP_SIGN_FLIP, OP_TERM_SWAP",N/A
math500_188,2,FINAL_ANSWER,NONE,N/A,Operation type FINAL_ANSWER does not contain deterministic numeric/algebraic target transition
math500_189,0,CONCEPTUAL_PROSE,NONE,N/A,Operation type CONCEPTUAL_PROSE does not contain deterministic numeric/algebraic target transition
math500_189,1,EQUATION_DERIVATION,OP_CONSTANT_PERTURB|OP_SIGN_FLIP|OP_TERM_SWAP,"Contains verifiable math expression eligible for OP_CONSTANT_PERTURB, OP_SIGN_FLIP, OP_TERM_SWAP",N/A
math500_189,2,EQUATION_DERIVATION,OP_TERM_SWAP,Contains verifiable math expression eligible for OP_TERM_SWAP,N/A
math500_189,3,EQUATION_DERIVATION,OP_CONSTANT_PERTURB|OP_SIGN_FLIP|OP_TERM_SWAP,"Contains verifiable math expression eligible for OP_CONSTANT_PERTURB, OP_SIGN_FLIP, OP_TERM_SWAP",N/A
math500_189,4,EQUATION_DERIVATION,OP_CONSTANT_PERTURB|OP_SIGN_FLIP|OP_TERM_SWAP,"Contains verifiable math expression eligible for OP_CONSTANT_PERTURB, OP_SIGN_FLIP, OP_TERM_SWAP",N/A
math500_189,5,EQUATION_DERIVATION,OP_CONSTANT_PERTURB|OP_SIGN_FLIP|OP_TERM_SWAP,"Contains verifiable math expression eligible for OP_CONSTANT_PERTURB, OP_SIGN_FLIP, OP_TERM_SWAP",N/A
math500_189,6,EQUATION_DERIVATION,OP_CONSTANT_PERTURB|OP_SIGN_FLIP|OP_TERM_SWAP,"Contains verifiable math expression eligible for OP_CONSTANT_PERTURB, OP_SIGN_FLIP, OP_TERM_SWAP",N/A
math500_189,7,FINAL_ANSWER,NONE,N/A,Operation type FINAL_ANSWER does not contain deterministic numeric/algebraic target transition
math500_190,0,CONCEPTUAL_PROSE,NONE,N/A,Operation type CONCEPTUAL_PROSE does not contain deterministic numeric/algebraic target transition
math500_190,1,CONCEPTUAL_PROSE,NONE,N/A,Operation type CONCEPTUAL_PROSE does not contain deterministic numeric/algebraic target transition
math500_190,2,EQUATION_DERIVATION,OP_CONSTANT_PERTURB|OP_TERM_SWAP|OP_FRACTION_FLIP,"Contains verifiable math expression eligible for OP_CONSTANT_PERTURB, OP_TERM_SWAP, OP_FRACTION_FLIP",N/A
math500_190,3,FINAL_ANSWER,NONE,N/A,Operation type FINAL_ANSWER does not contain deterministic numeric/algebraic target transition
math500_191,0,EQUATION_DERIVATION,OP_CONSTANT_PERTURB|OP_SIGN_FLIP|OP_TERM_SWAP,"Contains verifiable math expression eligible for OP_CONSTANT_PERTURB, OP_SIGN_FLIP, OP_TERM_SWAP",N/A
math500_191,1,FINAL_ANSWER,NONE,N/A,Operation type FINAL_ANSWER does not contain deterministic numeric/algebraic target transition
math500_192,0,EQUATION_DERIVATION,OP_TERM_SWAP,Contains verifiable math expression eligible for OP_TERM_SWAP,N/A
math500_192,1,EQUATION_DERIVATION,OP_CONSTANT_PERTURB|OP_SIGN_FLIP|OP_TERM_SWAP,"Contains verifiable math expression eligible for OP_CONSTANT_PERTURB, OP_SIGN_FLIP, OP_TERM_SWAP",N/A
math500_192,2,FINAL_ANSWER,NONE,N/A,Operation type FINAL_ANSWER does not contain deterministic numeric/algebraic target transition
math500_194,0,CONCEPTUAL_PROSE,NONE,N/A,Operation type CONCEPTUAL_PROSE does not contain deterministic numeric/algebraic target transition
math500_194,1,EQUATION_DERIVATION,OP_SIGN_FLIP|OP_TERM_SWAP,"Contains verifiable math expression eligible for OP_SIGN_FLIP, OP_TERM_SWAP",N/A
math500_194,2,EQUATION_DERIVATION,OP_CONSTANT_PERTURB|OP_SIGN_FLIP|OP_TERM_SWAP|OP_FRACTION_FLIP,"Contains verifiable math expression eligible for OP_CONSTANT_PERTURB, OP_SIGN_FLIP, OP_TERM_SWAP, OP_FRACTION_FLIP",N/A
math500_194,3,ALGEBRAIC_SIMPLIFICATION,OP_SIGN_FLIP,Contains verifiable math expression eligible for OP_SIGN_FLIP,N/A
math500_194,4,EQUATION_DERIVATION,OP_CONSTANT_PERTURB|OP_SIGN_FLIP|OP_TERM_SWAP,"Contains verifiable math expression eligible for OP_CONSTANT_PERTURB, OP_SIGN_FLIP, OP_TERM_SWAP",N/A
math500_194,5,CONCEPTUAL_PROSE,NONE,N/A,Operation type CONCEPTUAL_PROSE does not contain deterministic numeric/algebraic target transition
math500_194,6,EQUATION_DERIVATION,OP_CONSTANT_PERTURB|OP_SIGN_FLIP|OP_TERM_SWAP,"Contains verifiable math expression eligible for OP_CONSTANT_PERTURB, OP_SIGN_FLIP, OP_TERM_SWAP",N/A
math500_194,7,ALGEBRAIC_SIMPLIFICATION,OP_CONSTANT_PERTURB|OP_SIGN_FLIP,"Contains verifiable math expression eligible for OP_CONSTANT_PERTURB, OP_SIGN_FLIP",N/A
math500_194,8,ALGEBRAIC_SIMPLIFICATION,OP_CONSTANT_PERTURB|OP_SIGN_FLIP|OP_FRACTION_FLIP,"Contains verifiable math expression eligible for OP_CONSTANT_PERTURB, OP_SIGN_FLIP, OP_FRACTION_FLIP",N/A
math500_194,9,FINAL_ANSWER,NONE,N/A,Operation type FINAL_ANSWER does not contain deterministic numeric/algebraic target transition
math500_195,0,CONCEPTUAL_PROSE,NONE,N/A,Operation type CONCEPTUAL_PROSE does not contain deterministic numeric/algebraic target transition
math500_195,1,EQUATION_DERIVATION,OP_CONSTANT_PERTURB|OP_SIGN_FLIP|OP_TERM_SWAP,"Contains verifiable math expression eligible for OP_CONSTANT_PERTURB, OP_SIGN_FLIP, OP_TERM_SWAP",N/A
math500_195,2,FINAL_ANSWER,NONE,N/A,Operation type FINAL_ANSWER does not contain deterministic numeric/algebraic target transition
math500_197,0,FINAL_ANSWER,NONE,N/A,Operation type FINAL_ANSWER does not contain deterministic numeric/algebraic target transition
math500_198,0,CONCEPTUAL_PROSE,NONE,N/A,Operation type CONCEPTUAL_PROSE does not contain deterministic numeric/algebraic target transition
math500_198,1,FINAL_ANSWER,NONE,N/A,Operation type FINAL_ANSWER does not contain deterministic numeric/algebraic target transition
math500_199,0,EQUATION_DERIVATION,OP_CONSTANT_PERTURB|OP_TERM_SWAP,"Contains verifiable math expression eligible for OP_CONSTANT_PERTURB, OP_TERM_SWAP",N/A
math500_199,1,FINAL_ANSWER,NONE,N/A,Operation type FINAL_ANSWER does not contain deterministic numeric/algebraic target transition
math500_200,0,EQUATION_DERIVATION,OP_CONSTANT_PERTURB|OP_TERM_SWAP,"Contains verifiable math expression eligible for OP_CONSTANT_PERTURB, OP_TERM_SWAP",N/A
math500_200,1,FINAL_ANSWER,NONE,N/A,Operation type FINAL_ANSWER does not contain deterministic numeric/algebraic target transition
math500_201,0,CONCEPTUAL_PROSE,NONE,N/A,Operation type CONCEPTUAL_PROSE does not contain deterministic numeric/algebraic target transition
math500_201,1,CONCEPTUAL_PROSE,NONE,N/A,Operation type CONCEPTUAL_PROSE does not contain deterministic numeric/algebraic target transition
math500_201,2,CONCEPTUAL_PROSE,NONE,N/A,Operation type CONCEPTUAL_PROSE does not contain deterministic numeric/algebraic target transition
math500_201,3,EQUATION_DERIVATION,OP_CONSTANT_PERTURB|OP_SIGN_FLIP|OP_TERM_SWAP,"Contains verifiable math expression eligible for OP_CONSTANT_PERTURB, OP_SIGN_FLIP, OP_TERM_SWAP",N/A
math500_201,4,FINAL_ANSWER,NONE,N/A,Operation type FINAL_ANSWER does not contain deterministic numeric/algebraic target transition
math500_202,0,ALGEBRAIC_SIMPLIFICATION,OP_CONSTANT_PERTURB,Contains verifiable math expression eligible for OP_CONSTANT_PERTURB,N/A
math500_202,1,ALGEBRAIC_SIMPLIFICATION,OP_CONSTANT_PERTURB,Contains verifiable math expression eligible for OP_CONSTANT_PERTURB,N/A
math500_202,2,FINAL_ANSWER,NONE,N/A,Operation type FINAL_ANSWER does not contain deterministic numeric/algebraic target transition
math500_202,3,CONCEPTUAL_PROSE,NONE,N/A,Operation type CONCEPTUAL_PROSE does not contain deterministic numeric/algebraic target transition
math500_202,4,ALGEBRAIC_SIMPLIFICATION,NONE,N/A,Operation type ALGEBRAIC_SIMPLIFICATION does not contain deterministic numeric/algebraic target transition
math500_202,5,FINAL_ANSWER,NONE,N/A,Operation type FINAL_ANSWER does not contain deterministic numeric/algebraic target transition
math500_203,0,EQUATION_DERIVATION,OP_CONSTANT_PERTURB|OP_SIGN_FLIP|OP_TERM_SWAP,"Contains verifiable math expression eligible for OP_CONSTANT_PERTURB, OP_SIGN_FLIP, OP_TERM_SWAP",N/A
math500_203,1,FINAL_ANSWER,NONE,N/A,Operation type FINAL_ANSWER does not contain deterministic numeric/algebraic target transition
math500_204,0,EQUATION_DERIVATION,OP_CONSTANT_PERTURB|OP_TERM_SWAP|OP_FRACTION_FLIP,"Contains verifiable math expression eligible for OP_CONSTANT_PERTURB, OP_TERM_SWAP, OP_FRACTION_FLIP",N/A
math500_204,1,EQUATION_DERIVATION,OP_CONSTANT_PERTURB|OP_SIGN_FLIP|OP_TERM_SWAP,"Contains verifiable math expression eligible for OP_CONSTANT_PERTURB, OP_SIGN_FLIP, OP_TERM_SWAP",N/A
math500_204,2,EQUATION_DERIVATION,OP_CONSTANT_PERTURB|OP_SIGN_FLIP|OP_TERM_SWAP|OP_FRACTION_FLIP,"Contains verifiable math expression eligible for OP_CONSTANT_PERTURB, OP_SIGN_FLIP, OP_TERM_SWAP, OP_FRACTION_FLIP",N/A
math500_204,3,EQUATION_DERIVATION,OP_CONSTANT_PERTURB|OP_SIGN_FLIP|OP_TERM_SWAP,"Contains verifiable math expression eligible for OP_CONSTANT_PERTURB, OP_SIGN_FLIP, OP_TERM_SWAP",N/A
math500_204,4,CONCEPTUAL_PROSE,NONE,N/A,Operation type CONCEPTUAL_PROSE does not contain deterministic numeric/algebraic target transition
math500_204,5,EQUATION_DERIVATION,OP_CONSTANT_PERTURB|OP_SIGN_FLIP|OP_TERM_SWAP,"Contains verifiable math expression eligible for OP_CONSTANT_PERTURB, OP_SIGN_FLIP, OP_TERM_SWAP",N/A
math500_204,6,ALGEBRAIC_SIMPLIFICATION,OP_SIGN_FLIP,Contains verifiable math expression eligible for OP_SIGN_FLIP,N/A
math500_204,7,EQUATION_DERIVATION,OP_CONSTANT_PERTURB|OP_SIGN_FLIP|OP_TERM_SWAP,"Contains verifiable math expression eligible for OP_CONSTANT_PERTURB, OP_SIGN_FLIP, OP_TERM_SWAP",N/A
math500_204,8,FINAL_ANSWER,NONE,N/A,Operation type FINAL_ANSWER does not contain deterministic numeric/algebraic target transition
math500_205,0,EQUATION_DERIVATION,OP_CONSTANT_PERTURB|OP_SIGN_FLIP|OP_TERM_SWAP,"Contains verifiable math expression eligible for OP_CONSTANT_PERTURB, OP_SIGN_FLIP, OP_TERM_SWAP",N/A
math500_205,1,EQUATION_DERIVATION,OP_CONSTANT_PERTURB|OP_SIGN_FLIP|OP_TERM_SWAP,"Contains verifiable math expression eligible for OP_CONSTANT_PERTURB, OP_SIGN_FLIP, OP_TERM_SWAP",N/A
math500_205,2,EQUATION_DERIVATION,OP_CONSTANT_PERTURB|OP_SIGN_FLIP|OP_TERM_SWAP,"Contains verifiable math expression eligible for OP_CONSTANT_PERTURB, OP_SIGN_FLIP, OP_TERM_SWAP",N/A
math500_205,3,FINAL_ANSWER,NONE,N/A,Operation type FINAL_ANSWER does not contain deterministic numeric/algebraic target transition
math500_206,0,EQUATION_DERIVATION,OP_CONSTANT_PERTURB|OP_SIGN_FLIP|OP_TERM_SWAP,"Contains verifiable math expression eligible for OP_CONSTANT_PERTURB, OP_SIGN_FLIP, OP_TERM_SWAP",N/A
math500_206,1,EQUATION_DERIVATION,OP_CONSTANT_PERTURB|OP_SIGN_FLIP|OP_TERM_SWAP|OP_FRACTION_FLIP,"Contains verifiable math expression eligible for OP_CONSTANT_PERTURB, OP_SIGN_FLIP, OP_TERM_SWAP, OP_FRACTION_FLIP",N/A
math500_206,2,FINAL_ANSWER,NONE,N/A,Operation type FINAL_ANSWER does not contain deterministic numeric/algebraic target transition
math500_207,0,CONCEPTUAL_PROSE,NONE,N/A,Operation type CONCEPTUAL_PROSE does not contain deterministic numeric/algebraic target transition
math500_207,1,ALGEBRAIC_SIMPLIFICATION,OP_CONSTANT_PERTURB|OP_SIGN_FLIP,"Contains verifiable math expression eligible for OP_CONSTANT_PERTURB, OP_SIGN_FLIP",N/A
math500_207,2,FINAL_ANSWER,NONE,N/A,Operation type FINAL_ANSWER does not contain deterministic numeric/algebraic target transition
math500_208,0,CONCEPTUAL_PROSE,NONE,N/A,Operation type CONCEPTUAL_PROSE does not contain deterministic numeric/algebraic target transition
math500_208,1,EQUATION_DERIVATION,OP_CONSTANT_PERTURB|OP_TERM_SWAP,"Contains verifiable math expression eligible for OP_CONSTANT_PERTURB, OP_TERM_SWAP",N/A
math500_208,2,ALGEBRAIC_SIMPLIFICATION,OP_CONSTANT_PERTURB|OP_SIGN_FLIP,"Contains verifiable math expression eligible for OP_CONSTANT_PERTURB, OP_SIGN_FLIP",N/A
math500_208,3,CONCEPTUAL_PROSE,NONE,N/A,Operation type CONCEPTUAL_PROSE does not contain deterministic numeric/algebraic target transition
math500_208,4,FINAL_ANSWER,NONE,N/A,Operation type FINAL_ANSWER does not contain deterministic numeric/algebraic target transition
math500_209,0,EQUATION_DERIVATION,OP_CONSTANT_PERTURB|OP_TERM_SWAP,"Contains verifiable math expression eligible for OP_CONSTANT_PERTURB, OP_TERM_SWAP",N/A
math500_209,1,EQUATION_DERIVATION,OP_CONSTANT_PERTURB|OP_TERM_SWAP,"Contains verifiable math expression eligible for OP_CONSTANT_PERTURB, OP_TERM_SWAP",N/A
math500_209,2,ALGEBRAIC_SIMPLIFICATION,OP_CONSTANT_PERTURB,Contains verifiable math expression eligible for OP_CONSTANT_PERTURB,N/A
math500_209,3,ALGEBRAIC_SIMPLIFICATION,OP_CONSTANT_PERTURB,Contains verifiable math expression eligible for OP_CONSTANT_PERTURB,N/A
math500_209,4,ALGEBRAIC_SIMPLIFICATION,OP_CONSTANT_PERTURB,Contains verifiable math expression eligible for OP_CONSTANT_PERTURB,N/A
math500_209,5,EQUATION_DERIVATION,OP_CONSTANT_PERTURB|OP_TERM_SWAP,"Contains verifiable math expression eligible for OP_CONSTANT_PERTURB, OP_TERM_SWAP",N/A
math500_209,6,FINAL_ANSWER,NONE,N/A,Operation type FINAL_ANSWER does not contain deterministic numeric/algebraic target transition
math500_210,0,EQUATION_DERIVATION,OP_CONSTANT_PERTURB|OP_TERM_SWAP,"Contains verifiable math expression eligible for OP_CONSTANT_PERTURB, OP_TERM_SWAP",N/A
math500_210,1,CONCEPTUAL_PROSE,NONE,N/A,Operation type CONCEPTUAL_PROSE does not contain deterministic numeric/algebraic target transition
math500_210,2,EQUATION_DERIVATION,OP_CONSTANT_PERTURB|OP_TERM_SWAP|OP_FRACTION_FLIP,"Contains verifiable math expression eligible for OP_CONSTANT_PERTURB, OP_TERM_SWAP, OP_FRACTION_FLIP",N/A
math500_210,3,FINAL_ANSWER,NONE,N/A,Operation type FINAL_ANSWER does not contain deterministic numeric/algebraic target transition
math500_211,0,EQUATION_DERIVATION,OP_SIGN_FLIP|OP_TERM_SWAP,"Contains verifiable math expression eligible for OP_SIGN_FLIP, OP_TERM_SWAP",N/A
math500_211,1,ALGEBRAIC_SIMPLIFICATION,OP_CONSTANT_PERTURB|OP_SIGN_FLIP,"Contains verifiable math expression eligible for OP_CONSTANT_PERTURB, OP_SIGN_FLIP",N/A
math500_211,2,FINAL_ANSWER,NONE,N/A,Operation type FINAL_ANSWER does not contain deterministic numeric/algebraic target transition
math500_212,0,CONCEPTUAL_PROSE,NONE,N/A,Operation type CONCEPTUAL_PROSE does not contain deterministic numeric/algebraic target transition
math500_212,1,EQUATION_DERIVATION,OP_CONSTANT_PERTURB|OP_SIGN_FLIP|OP_TERM_SWAP,"Contains verifiable math expression eligible for OP_CONSTANT_PERTURB, OP_SIGN_FLIP, OP_TERM_SWAP",N/A
math500_212,2,EQUATION_DERIVATION,OP_CONSTANT_PERTURB|OP_SIGN_FLIP|OP_TERM_SWAP,"Contains verifiable math expression eligible for OP_CONSTANT_PERTURB, OP_SIGN_FLIP, OP_TERM_SWAP",N/A
math500_212,3,FINAL_ANSWER,NONE,N/A,Operation type FINAL_ANSWER does not contain deterministic numeric/algebraic target transition
math500_213,0,EQUATION_DERIVATION,OP_CONSTANT_PERTURB|OP_SIGN_FLIP|OP_TERM_SWAP,"Contains verifiable math expression eligible for OP_CONSTANT_PERTURB, OP_SIGN_FLIP, OP_TERM_SWAP",N/A
math500_213,1,EQUATION_DERIVATION,OP_CONSTANT_PERTURB|OP_SIGN_FLIP|OP_TERM_SWAP|OP_FRACTION_FLIP,"Contains verifiable math expression eligible for OP_CONSTANT_PERTURB, OP_SIGN_FLIP, OP_TERM_SWAP, OP_FRACTION_FLIP",N/A
math500_213,2,FINAL_ANSWER,NONE,N/A,Operation type FINAL_ANSWER does not contain deterministic numeric/algebraic target transition
math500_214,0,CONCEPTUAL_PROSE,NONE,N/A,Operation type CONCEPTUAL_PROSE does not contain deterministic numeric/algebraic target transition
math500_214,1,EQUATION_DERIVATION,OP_CONSTANT_PERTURB|OP_SIGN_FLIP|OP_TERM_SWAP,"Contains verifiable math expression eligible for OP_CONSTANT_PERTURB, OP_SIGN_FLIP, OP_TERM_SWAP",N/A
math500_214,2,CONCEPTUAL_PROSE,NONE,N/A,Operation type CONCEPTUAL_PROSE does not contain deterministic numeric/algebraic target transition
math500_214,3,EQUATION_DERIVATION,OP_CONSTANT_PERTURB|OP_SIGN_FLIP|OP_TERM_SWAP,"Contains verifiable math expression eligible for OP_CONSTANT_PERTURB, OP_SIGN_FLIP, OP_TERM_SWAP",N/A
math500_214,4,ALGEBRAIC_SIMPLIFICATION,OP_CONSTANT_PERTURB|OP_SIGN_FLIP,"Contains verifiable math expression eligible for OP_CONSTANT_PERTURB, OP_SIGN_FLIP",N/A
math500_214,5,CONCEPTUAL_PROSE,NONE,N/A,Operation type CONCEPTUAL_PROSE does not contain deterministic numeric/algebraic target transition
math500_214,6,EQUATION_DERIVATION,OP_CONSTANT_PERTURB|OP_SIGN_FLIP|OP_TERM_SWAP,"Contains verifiable math expression eligible for OP_CONSTANT_PERTURB, OP_SIGN_FLIP, OP_TERM_SWAP",N/A
math500_214,7,FINAL_ANSWER,NONE,N/A,Operation type FINAL_ANSWER does not contain deterministic numeric/algebraic target transition
math500_215,0,EQUATION_DERIVATION,OP_CONSTANT_PERTURB|OP_SIGN_FLIP|OP_TERM_SWAP,"Contains verifiable math expression eligible for OP_CONSTANT_PERTURB, OP_SIGN_FLIP, OP_TERM_SWAP",N/A
math500_215,1,FINAL_ANSWER,NONE,N/A,Operation type FINAL_ANSWER does not contain deterministic numeric/algebraic target transition
math500_216,0,CONCEPTUAL_PROSE,NONE,N/A,Operation type CONCEPTUAL_PROSE does not contain deterministic numeric/algebraic target transition
math500_216,1,EQUATION_DERIVATION,OP_CONSTANT_PERTURB|OP_TERM_SWAP,"Contains verifiable math expression eligible for OP_CONSTANT_PERTURB, OP_TERM_SWAP",N/A
math500_216,2,CONCEPTUAL_PROSE,NONE,N/A,Operation type CONCEPTUAL_PROSE does not contain deterministic numeric/algebraic target transition
math500_216,3,CONCEPTUAL_PROSE,NONE,N/A,Operation type CONCEPTUAL_PROSE does not contain deterministic numeric/algebraic target transition
math500_216,4,EQUATION_DERIVATION,OP_CONSTANT_PERTURB|OP_TERM_SWAP,"Contains verifiable math expression eligible for OP_CONSTANT_PERTURB, OP_TERM_SWAP",N/A
math500_216,5,FINAL_ANSWER,NONE,N/A,Operation type FINAL_ANSWER does not contain deterministic numeric/algebraic target transition
math500_217,0,CONCEPTUAL_PROSE,NONE,N/A,Operation type CONCEPTUAL_PROSE does not contain deterministic numeric/algebraic target transition
math500_217,1,CONCEPTUAL_PROSE,NONE,N/A,Operation type CONCEPTUAL_PROSE does not contain deterministic numeric/algebraic target transition
math500_217,2,CONCEPTUAL_PROSE,NONE,N/A,Operation type CONCEPTUAL_PROSE does not contain deterministic numeric/algebraic target transition
math500_217,3,CONCEPTUAL_PROSE,NONE,N/A,Operation type CONCEPTUAL_PROSE does not contain deterministic numeric/algebraic target transition
math500_217,4,FINAL_ANSWER,NONE,N/A,Operation type FINAL_ANSWER does not contain deterministic numeric/algebraic target transition
math500_217,5,CONCEPTUAL_PROSE,NONE,N/A,Operation type CONCEPTUAL_PROSE does not contain deterministic numeric/algebraic target transition
math500_218,0,FINAL_ANSWER,NONE,N/A,Operation type FINAL_ANSWER does not contain deterministic numeric/algebraic target transition
math500_219,0,EQUATION_DERIVATION,OP_CONSTANT_PERTURB|OP_TERM_SWAP,"Contains verifiable math expression eligible for OP_CONSTANT_PERTURB, OP_TERM_SWAP",N/A
math500_219,1,EQUATION_DERIVATION,OP_CONSTANT_PERTURB|OP_TERM_SWAP,"Contains verifiable math expression eligible for OP_CONSTANT_PERTURB, OP_TERM_SWAP",N/A
math500_219,2,CONCEPTUAL_PROSE,NONE,N/A,Operation type CONCEPTUAL_PROSE does not contain deterministic numeric/algebraic target transition
math500_219,3,CONCEPTUAL_PROSE,NONE,N/A,Operation type CONCEPTUAL_PROSE does not contain deterministic numeric/algebraic target transition
math500_219,4,CONCEPTUAL_PROSE,NONE,N/A,Operation type CONCEPTUAL_PROSE does not contain deterministic numeric/algebraic target transition
math500_219,5,FINAL_ANSWER,NONE,N/A,Operation type FINAL_ANSWER does not contain deterministic numeric/algebraic target transition
math500_220,0,ALGEBRAIC_SIMPLIFICATION,OP_CONSTANT_PERTURB|OP_FRACTION_FLIP,"Contains verifiable math expression eligible for OP_CONSTANT_PERTURB, OP_FRACTION_FLIP",N/A
math500_220,1,ALGEBRAIC_SIMPLIFICATION,OP_CONSTANT_PERTURB|OP_FRACTION_FLIP,"Contains verifiable math expression eligible for OP_CONSTANT_PERTURB, OP_FRACTION_FLIP",N/A
math500_220,2,EQUATION_DERIVATION,OP_CONSTANT_PERTURB|OP_TERM_SWAP|OP_FRACTION_FLIP,"Contains verifiable math expression eligible for OP_CONSTANT_PERTURB, OP_TERM_SWAP, OP_FRACTION_FLIP",N/A
math500_220,3,ALGEBRAIC_SIMPLIFICATION,OP_CONSTANT_PERTURB|OP_FRACTION_FLIP,"Contains verifiable math expression eligible for OP_CONSTANT_PERTURB, OP_FRACTION_FLIP",N/A
math500_220,4,EQUATION_DERIVATION,OP_CONSTANT_PERTURB|OP_TERM_SWAP|OP_FRACTION_FLIP,"Contains verifiable math expression eligible for OP_CONSTANT_PERTURB, OP_TERM_SWAP, OP_FRACTION_FLIP",N/A
math500_220,5,EQUATION_DERIVATION,OP_CONSTANT_PERTURB|OP_SIGN_FLIP|OP_TERM_SWAP|OP_FRACTION_FLIP,"Contains verifiable math expression eligible for OP_CONSTANT_PERTURB, OP_SIGN_FLIP, OP_TERM_SWAP, OP_FRACTION_FLIP",N/A
math500_220,6,FINAL_ANSWER,NONE,N/A,Operation type FINAL_ANSWER does not contain deterministic numeric/algebraic target transition
math500_221,0,EQUATION_DERIVATION,OP_CONSTANT_PERTURB|OP_TERM_SWAP,"Contains verifiable math expression eligible for OP_CONSTANT_PERTURB, OP_TERM_SWAP",N/A
math500_221,1,FINAL_ANSWER,NONE,N/A,Operation type FINAL_ANSWER does not contain deterministic numeric/algebraic target transition
math500_222,0,EQUATION_DERIVATION,OP_CONSTANT_PERTURB|OP_SIGN_FLIP|OP_TERM_SWAP,"Contains verifiable math expression eligible for OP_CONSTANT_PERTURB, OP_SIGN_FLIP, OP_TERM_SWAP",N/A
math500_222,1,FINAL_ANSWER,NONE,N/A,Operation type FINAL_ANSWER does not contain deterministic numeric/algebraic target transition
math500_223,0,EQUATION_DERIVATION,OP_CONSTANT_PERTURB|OP_TERM_SWAP|OP_FRACTION_FLIP,"Contains verifiable math expression eligible for OP_CONSTANT_PERTURB, OP_TERM_SWAP, OP_FRACTION_FLIP",N/A
math500_223,1,EQUATION_DERIVATION,OP_CONSTANT_PERTURB|OP_TERM_SWAP|OP_FRACTION_FLIP,"Contains verifiable math expression eligible for OP_CONSTANT_PERTURB, OP_TERM_SWAP, OP_FRACTION_FLIP",N/A
math500_223,2,FINAL_ANSWER,NONE,N/A,Operation type FINAL_ANSWER does not contain deterministic numeric/algebraic target transition
math500_224,0,FINAL_ANSWER,NONE,N/A,Operation type FINAL_ANSWER does not contain deterministic numeric/algebraic target transition
math500_225,0,FINAL_ANSWER,NONE,N/A,Operation type FINAL_ANSWER does not contain deterministic numeric/algebraic target transition
math500_228,0,EQUATION_DERIVATION,OP_CONSTANT_PERTURB|OP_SIGN_FLIP|OP_TERM_SWAP,"Contains verifiable math expression eligible for OP_CONSTANT_PERTURB, OP_SIGN_FLIP, OP_TERM_SWAP",N/A
math500_228,1,EQUATION_DERIVATION,OP_CONSTANT_PERTURB|OP_SIGN_FLIP|OP_TERM_SWAP|OP_FRACTION_FLIP,"Contains verifiable math expression eligible for OP_CONSTANT_PERTURB, OP_SIGN_FLIP, OP_TERM_SWAP, OP_FRACTION_FLIP",N/A
math500_228,2,EQUATION_DERIVATION,OP_CONSTANT_PERTURB|OP_SIGN_FLIP|OP_TERM_SWAP,"Contains verifiable math expression eligible for OP_CONSTANT_PERTURB, OP_SIGN_FLIP, OP_TERM_SWAP",N/A
math500_228,3,EQUATION_DERIVATION,OP_CONSTANT_PERTURB|OP_SIGN_FLIP|OP_TERM_SWAP|OP_FRACTION_FLIP,"Contains verifiable math expression eligible for OP_CONSTANT_PERTURB, OP_SIGN_FLIP, OP_TERM_SWAP, OP_FRACTION_FLIP",N/A
math500_228,4,EQUATION_DERIVATION,OP_CONSTANT_PERTURB|OP_SIGN_FLIP|OP_TERM_SWAP,"Contains verifiable math expression eligible for OP_CONSTANT_PERTURB, OP_SIGN_FLIP, OP_TERM_SWAP",N/A
math500_228,5,EQUATION_DERIVATION,OP_CONSTANT_PERTURB|OP_SIGN_FLIP|OP_TERM_SWAP|OP_FRACTION_FLIP,"Contains verifiable math expression eligible for OP_CONSTANT_PERTURB, OP_SIGN_FLIP, OP_TERM_SWAP, OP_FRACTION_FLIP",N/A
math500_228,6,EQUATION_DERIVATION,OP_CONSTANT_PERTURB|OP_SIGN_FLIP|OP_TERM_SWAP,"Contains verifiable math expression eligible for OP_CONSTANT_PERTURB, OP_SIGN_FLIP, OP_TERM_SWAP",N/A
math500_228,7,EQUATION_DERIVATION,OP_CONSTANT_PERTURB|OP_SIGN_FLIP|OP_TERM_SWAP|OP_FRACTION_FLIP,"Contains verifiable math expression eligible for OP_CONSTANT_PERTURB, OP_SIGN_FLIP, OP_TERM_SWAP, OP_FRACTION_FLIP",N/A
math500_228,8,EQUATION_DERIVATION,OP_CONSTANT_PERTURB|OP_SIGN_FLIP|OP_TERM_SWAP,"Contains verifiable math expression eligible for OP_CONSTANT_PERTURB, OP_SIGN_FLIP, OP_TERM_SWAP",N/A
math500_228,9,FINAL_ANSWER,NONE,N/A,Operation type FINAL_ANSWER does not contain deterministic numeric/algebraic target transition
math500_229,0,CONCEPTUAL_PROSE,NONE,N/A,Operation type CONCEPTUAL_PROSE does not contain deterministic numeric/algebraic target transition
math500_229,1,CONCEPTUAL_PROSE,NONE,N/A,Operation type CONCEPTUAL_PROSE does not contain deterministic numeric/algebraic target transition
math500_229,2,FINAL_ANSWER,NONE,N/A,Operation type FINAL_ANSWER does not contain deterministic numeric/algebraic target transition
math500_230,0,ALGEBRAIC_SIMPLIFICATION,OP_SIGN_FLIP,Contains verifiable math expression eligible for OP_SIGN_FLIP,N/A
math500_230,1,ALGEBRAIC_SIMPLIFICATION,OP_CONSTANT_PERTURB|OP_SIGN_FLIP,"Contains verifiable math expression eligible for OP_CONSTANT_PERTURB, OP_SIGN_FLIP",N/A
math500_230,2,ALGEBRAIC_SIMPLIFICATION,OP_CONSTANT_PERTURB|OP_SIGN_FLIP|OP_FRACTION_FLIP,"Contains verifiable math expression eligible for OP_CONSTANT_PERTURB, OP_SIGN_FLIP, OP_FRACTION_FLIP",N/A
math500_230,3,FINAL_ANSWER,NONE,N/A,Operation type FINAL_ANSWER does not contain deterministic numeric/algebraic target transition
math500_231,0,CONCEPTUAL_PROSE,NONE,N/A,Operation type CONCEPTUAL_PROSE does not contain deterministic numeric/algebraic target transition
math500_231,1,EQUATION_DERIVATION,OP_CONSTANT_PERTURB|OP_SIGN_FLIP|OP_TERM_SWAP|OP_FRACTION_FLIP,"Contains verifiable math expression eligible for OP_CONSTANT_PERTURB, OP_SIGN_FLIP, OP_TERM_SWAP, OP_FRACTION_FLIP",N/A
math500_231,2,EQUATION_DERIVATION,OP_CONSTANT_PERTURB|OP_SIGN_FLIP|OP_TERM_SWAP|OP_FRACTION_FLIP,"Contains verifiable math expression eligible for OP_CONSTANT_PERTURB, OP_SIGN_FLIP, OP_TERM_SWAP, OP_FRACTION_FLIP",N/A
math500_231,3,CONCEPTUAL_PROSE,NONE,N/A,Operation type CONCEPTUAL_PROSE does not contain deterministic numeric/algebraic target transition
math500_231,4,EQUATION_DERIVATION,OP_CONSTANT_PERTURB|OP_SIGN_FLIP|OP_TERM_SWAP|OP_FRACTION_FLIP,"Contains verifiable math expression eligible for OP_CONSTANT_PERTURB, OP_SIGN_FLIP, OP_TERM_SWAP, OP_FRACTION_FLIP",N/A
math500_231,5,EQUATION_DERIVATION,OP_CONSTANT_PERTURB|OP_TERM_SWAP,"Contains verifiable math expression eligible for OP_CONSTANT_PERTURB, OP_TERM_SWAP",N/A
math500_231,6,FINAL_ANSWER,NONE,N/A,Operation type FINAL_ANSWER does not contain deterministic numeric/algebraic target transition
math500_232,0,EQUATION_DERIVATION,OP_CONSTANT_PERTURB|OP_SIGN_FLIP|OP_TERM_SWAP|OP_FRACTION_FLIP,"Contains verifiable math expression eligible for OP_CONSTANT_PERTURB, OP_SIGN_FLIP, OP_TERM_SWAP, OP_FRACTION_FLIP",N/A
math500_232,1,ALGEBRAIC_SIMPLIFICATION,OP_CONSTANT_PERTURB|OP_SIGN_FLIP|OP_FRACTION_FLIP,"Contains verifiable math expression eligible for OP_CONSTANT_PERTURB, OP_SIGN_FLIP, OP_FRACTION_FLIP",N/A
math500_232,2,EQUATION_DERIVATION,OP_CONSTANT_PERTURB|OP_TERM_SWAP,"Contains verifiable math expression eligible for OP_CONSTANT_PERTURB, OP_TERM_SWAP",N/A
math500_232,3,FINAL_ANSWER,NONE,N/A,Operation type FINAL_ANSWER does not contain deterministic numeric/algebraic target transition
math500_233,0,CONCEPTUAL_PROSE,NONE,N/A,Operation type CONCEPTUAL_PROSE does not contain deterministic numeric/algebraic target transition
math500_233,1,EQUATION_DERIVATION,OP_TERM_SWAP,Contains verifiable math expression eligible for OP_TERM_SWAP,N/A
math500_233,2,FINAL_ANSWER,NONE,N/A,Operation type FINAL_ANSWER does not contain deterministic numeric/algebraic target transition
math500_234,0,EQUATION_DERIVATION,OP_CONSTANT_PERTURB|OP_SIGN_FLIP|OP_TERM_SWAP,"Contains verifiable math expression eligible for OP_CONSTANT_PERTURB, OP_SIGN_FLIP, OP_TERM_SWAP",N/A
math500_234,1,FINAL_ANSWER,NONE,N/A,Operation type FINAL_ANSWER does not contain deterministic numeric/algebraic target transition
math500_235,0,EQUATION_DERIVATION,OP_CONSTANT_PERTURB|OP_SIGN_FLIP|OP_TERM_SWAP|OP_FRACTION_FLIP,"Contains verifiable math expression eligible for OP_CONSTANT_PERTURB, OP_SIGN_FLIP, OP_TERM_SWAP, OP_FRACTION_FLIP",N/A
math500_235,1,FINAL_ANSWER,NONE,N/A,Operation type FINAL_ANSWER does not contain deterministic numeric/algebraic target transition
math500_236,0,FINAL_ANSWER,NONE,N/A,Operation type FINAL_ANSWER does not contain deterministic numeric/algebraic target transition
math500_237,0,FINAL_ANSWER,NONE,N/A,Operation type FINAL_ANSWER does not contain deterministic numeric/algebraic target transition
math500_238,0,CONCEPTUAL_PROSE,NONE,N/A,Operation type CONCEPTUAL_PROSE does not contain deterministic numeric/algebraic target transition
math500_238,1,CONCEPTUAL_PROSE,NONE,N/A,Operation type CONCEPTUAL_PROSE does not contain deterministic numeric/algebraic target transition
math500_238,2,EQUATION_DERIVATION,OP_CONSTANT_PERTURB|OP_SIGN_FLIP|OP_TERM_SWAP,"Contains verifiable math expression eligible for OP_CONSTANT_PERTURB, OP_SIGN_FLIP, OP_TERM_SWAP",N/A
math500_238,3,FINAL_ANSWER,NONE,N/A,Operation type FINAL_ANSWER does not contain deterministic numeric/algebraic target transition
math500_239,0,CONCEPTUAL_PROSE,NONE,N/A,Operation type CONCEPTUAL_PROSE does not contain deterministic numeric/algebraic target transition
math500_239,1,CONCEPTUAL_PROSE,NONE,N/A,Operation type CONCEPTUAL_PROSE does not contain deterministic numeric/algebraic target transition
math500_239,2,CONCEPTUAL_PROSE,NONE,N/A,Operation type CONCEPTUAL_PROSE does not contain deterministic numeric/algebraic target transition
math500_239,3,EQUATION_DERIVATION,OP_CONSTANT_PERTURB|OP_SIGN_FLIP|OP_TERM_SWAP,"Contains verifiable math expression eligible for OP_CONSTANT_PERTURB, OP_SIGN_FLIP, OP_TERM_SWAP",N/A
math500_239,4,ALGEBRAIC_SIMPLIFICATION,OP_CONSTANT_PERTURB|OP_SIGN_FLIP,"Contains verifiable math expression eligible for OP_CONSTANT_PERTURB, OP_SIGN_FLIP",N/A
math500_239,5,EQUATION_DERIVATION,OP_CONSTANT_PERTURB|OP_SIGN_FLIP|OP_TERM_SWAP,"Contains verifiable math expression eligible for OP_CONSTANT_PERTURB, OP_SIGN_FLIP, OP_TERM_SWAP",N/A
math500_239,6,ALGEBRAIC_SIMPLIFICATION,OP_CONSTANT_PERTURB,Contains verifiable math expression eligible for OP_CONSTANT_PERTURB,N/A
math500_239,7,EQUATION_DERIVATION,OP_SIGN_FLIP|OP_TERM_SWAP,"Contains verifiable math expression eligible for OP_SIGN_FLIP, OP_TERM_SWAP",N/A
math500_239,8,CONCEPTUAL_PROSE,NONE,N/A,Operation type CONCEPTUAL_PROSE does not contain deterministic numeric/algebraic target transition
math500_239,9,EQUATION_DERIVATION,OP_CONSTANT_PERTURB|OP_SIGN_FLIP|OP_TERM_SWAP|OP_FRACTION_FLIP,"Contains verifiable math expression eligible for OP_CONSTANT_PERTURB, OP_SIGN_FLIP, OP_TERM_SWAP, OP_FRACTION_FLIP",N/A
math500_239,10,EQUATION_DERIVATION,OP_CONSTANT_PERTURB|OP_SIGN_FLIP|OP_TERM_SWAP,"Contains verifiable math expression eligible for OP_CONSTANT_PERTURB, OP_SIGN_FLIP, OP_TERM_SWAP",N/A
math500_239,11,EQUATION_DERIVATION,OP_CONSTANT_PERTURB|OP_SIGN_FLIP|OP_TERM_SWAP,"Contains verifiable math expression eligible for OP_CONSTANT_PERTURB, OP_SIGN_FLIP, OP_TERM_SWAP",N/A
math500_239,12,EQUATION_DERIVATION,OP_CONSTANT_PERTURB|OP_SIGN_FLIP|OP_TERM_SWAP,"Contains verifiable math expression eligible for OP_CONSTANT_PERTURB, OP_SIGN_FLIP, OP_TERM_SWAP",N/A
math500_239,13,EQUATION_DERIVATION,OP_CONSTANT_PERTURB|OP_SIGN_FLIP|OP_TERM_SWAP,"Contains verifiable math expression eligible for OP_CONSTANT_PERTURB, OP_SIGN_FLIP, OP_TERM_SWAP",N/A
math500_239,14,EQUATION_DERIVATION,OP_CONSTANT_PERTURB|OP_SIGN_FLIP|OP_TERM_SWAP,"Contains verifiable math expression eligible for OP_CONSTANT_PERTURB, OP_SIGN_FLIP, OP_TERM_SWAP",N/A
math500_239,15,FINAL_ANSWER,NONE,N/A,Operation type FINAL_ANSWER does not contain deterministic numeric/algebraic target transition
math500_239,16,EQUATION_DERIVATION,OP_CONSTANT_PERTURB|OP_TERM_SWAP,"Contains verifiable math expression eligible for OP_CONSTANT_PERTURB, OP_TERM_SWAP",N/A
math500_240,0,EQUATION_DERIVATION,OP_CONSTANT_PERTURB|OP_TERM_SWAP,"Contains verifiable math expression eligible for OP_CONSTANT_PERTURB, OP_TERM_SWAP",N/A
math500_240,1,ALGEBRAIC_SIMPLIFICATION,OP_CONSTANT_PERTURB|OP_SIGN_FLIP,"Contains verifiable math expression eligible for OP_CONSTANT_PERTURB, OP_SIGN_FLIP",N/A
math500_240,2,CONCEPTUAL_PROSE,NONE,N/A,Operation type CONCEPTUAL_PROSE does not contain deterministic numeric/algebraic target transition
math500_240,3,FINAL_ANSWER,NONE,N/A,Operation type FINAL_ANSWER does not contain deterministic numeric/algebraic target transition
math500_241,0,EQUATION_DERIVATION,OP_CONSTANT_PERTURB|OP_SIGN_FLIP|OP_TERM_SWAP|OP_FRACTION_FLIP,"Contains verifiable math expression eligible for OP_CONSTANT_PERTURB, OP_SIGN_FLIP, OP_TERM_SWAP, OP_FRACTION_FLIP",N/A
math500_241,1,CONCEPTUAL_PROSE,NONE,N/A,Operation type CONCEPTUAL_PROSE does not contain deterministic numeric/algebraic target transition
math500_241,2,EQUATION_DERIVATION,OP_CONSTANT_PERTURB|OP_SIGN_FLIP|OP_TERM_SWAP|OP_FRACTION_FLIP,"Contains verifiable math expression eligible for OP_CONSTANT_PERTURB, OP_SIGN_FLIP, OP_TERM_SWAP, OP_FRACTION_FLIP",N/A
math500_241,3,EQUATION_DERIVATION,OP_CONSTANT_PERTURB|OP_TERM_SWAP|OP_FRACTION_FLIP,"Contains verifiable math expression eligible for OP_CONSTANT_PERTURB, OP_TERM_SWAP, OP_FRACTION_FLIP",N/A
math500_241,4,FINAL_ANSWER,NONE,N/A,Operation type FINAL_ANSWER does not contain deterministic numeric/algebraic target transition
math500_242,0,CONCEPTUAL_PROSE,NONE,N/A,Operation type CONCEPTUAL_PROSE does not contain deterministic numeric/algebraic target transition
math500_242,1,FINAL_ANSWER,NONE,N/A,Operation type FINAL_ANSWER does not contain deterministic numeric/algebraic target transition
math500_243,0,CONCEPTUAL_PROSE,NONE,N/A,Operation type CONCEPTUAL_PROSE does not contain deterministic numeric/algebraic target transition
math500_243,1,ALGEBRAIC_SIMPLIFICATION,OP_CONSTANT_PERTURB|OP_SIGN_FLIP,"Contains verifiable math expression eligible for OP_CONSTANT_PERTURB, OP_SIGN_FLIP",N/A
math500_243,2,FINAL_ANSWER,NONE,N/A,Operation type FINAL_ANSWER does not contain deterministic numeric/algebraic target transition
math500_244,0,EQUATION_DERIVATION,OP_CONSTANT_PERTURB|OP_SIGN_FLIP|OP_TERM_SWAP,"Contains verifiable math expression eligible for OP_CONSTANT_PERTURB, OP_SIGN_FLIP, OP_TERM_SWAP",N/A
math500_244,1,EQUATION_DERIVATION,OP_CONSTANT_PERTURB|OP_SIGN_FLIP|OP_TERM_SWAP,"Contains verifiable math expression eligible for OP_CONSTANT_PERTURB, OP_SIGN_FLIP, OP_TERM_SWAP",N/A
math500_244,2,FINAL_ANSWER,NONE,N/A,Operation type FINAL_ANSWER does not contain deterministic numeric/algebraic target transition
math500_244,3,EQUATION_DERIVATION,OP_CONSTANT_PERTURB|OP_SIGN_FLIP|OP_TERM_SWAP,"Contains verifiable math expression eligible for OP_CONSTANT_PERTURB, OP_SIGN_FLIP, OP_TERM_SWAP",N/A
math500_244,4,EQUATION_DERIVATION,OP_CONSTANT_PERTURB|OP_SIGN_FLIP|OP_TERM_SWAP,"Contains verifiable math expression eligible for OP_CONSTANT_PERTURB, OP_SIGN_FLIP, OP_TERM_SWAP",N/A
math500_244,5,ALGEBRAIC_SIMPLIFICATION,OP_CONSTANT_PERTURB,Contains verifiable math expression eligible for OP_CONSTANT_PERTURB,N/A
math500_245,0,EQUATION_DERIVATION,OP_CONSTANT_PERTURB|OP_SIGN_FLIP|OP_TERM_SWAP,"Contains verifiable math expression eligible for OP_CONSTANT_PERTURB, OP_SIGN_FLIP, OP_TERM_SWAP",N/A
math500_245,1,EQUATION_DERIVATION,OP_CONSTANT_PERTURB|OP_SIGN_FLIP|OP_TERM_SWAP,"Contains verifiable math expression eligible for OP_CONSTANT_PERTURB, OP_SIGN_FLIP, OP_TERM_SWAP",N/A
math500_245,2,EQUATION_DERIVATION,OP_CONSTANT_PERTURB|OP_SIGN_FLIP|OP_TERM_SWAP,"Contains verifiable math expression eligible for OP_CONSTANT_PERTURB, OP_SIGN_FLIP, OP_TERM_SWAP",N/A
math500_245,3,EQUATION_DERIVATION,OP_CONSTANT_PERTURB|OP_SIGN_FLIP|OP_TERM_SWAP,"Contains verifiable math expression eligible for OP_CONSTANT_PERTURB, OP_SIGN_FLIP, OP_TERM_SWAP",N/A
math500_245,4,EQUATION_DERIVATION,OP_CONSTANT_PERTURB|OP_SIGN_FLIP|OP_TERM_SWAP,"Contains verifiable math expression eligible for OP_CONSTANT_PERTURB, OP_SIGN_FLIP, OP_TERM_SWAP",N/A
math500_245,5,EQUATION_DERIVATION,OP_CONSTANT_PERTURB|OP_SIGN_FLIP|OP_TERM_SWAP,"Contains verifiable math expression eligible for OP_CONSTANT_PERTURB, OP_SIGN_FLIP, OP_TERM_SWAP",N/A
math500_245,6,EQUATION_DERIVATION,OP_CONSTANT_PERTURB|OP_SIGN_FLIP|OP_TERM_SWAP,"Contains verifiable math expression eligible for OP_CONSTANT_PERTURB, OP_SIGN_FLIP, OP_TERM_SWAP",N/A
math500_245,7,FINAL_ANSWER,NONE,N/A,Operation type FINAL_ANSWER does not contain deterministic numeric/algebraic target transition
math500_246,0,FINAL_ANSWER,NONE,N/A,Operation type FINAL_ANSWER does not contain deterministic numeric/algebraic target transition
math500_247,0,ALGEBRAIC_SIMPLIFICATION,OP_CONSTANT_PERTURB|OP_SIGN_FLIP,"Contains verifiable math expression eligible for OP_CONSTANT_PERTURB, OP_SIGN_FLIP",N/A
math500_247,1,EQUATION_DERIVATION,OP_CONSTANT_PERTURB|OP_SIGN_FLIP|OP_TERM_SWAP,"Contains verifiable math expression eligible for OP_CONSTANT_PERTURB, OP_SIGN_FLIP, OP_TERM_SWAP",N/A
math500_247,2,CONCEPTUAL_PROSE,NONE,N/A,Operation type CONCEPTUAL_PROSE does not contain deterministic numeric/algebraic target transition
math500_247,3,CONCEPTUAL_PROSE,NONE,N/A,Operation type CONCEPTUAL_PROSE does not contain deterministic numeric/algebraic target transition
math500_247,4,EQUATION_DERIVATION,OP_CONSTANT_PERTURB|OP_SIGN_FLIP|OP_TERM_SWAP,"Contains verifiable math expression eligible for OP_CONSTANT_PERTURB, OP_SIGN_FLIP, OP_TERM_SWAP",N/A
math500_247,5,CONCEPTUAL_PROSE,NONE,N/A,Operation type CONCEPTUAL_PROSE does not contain deterministic numeric/algebraic target transition
math500_247,6,EQUATION_DERIVATION,OP_CONSTANT_PERTURB|OP_SIGN_FLIP|OP_TERM_SWAP,"Contains verifiable math expression eligible for OP_CONSTANT_PERTURB, OP_SIGN_FLIP, OP_TERM_SWAP",N/A
math500_247,7,FINAL_ANSWER,NONE,N/A,Operation type FINAL_ANSWER does not contain deterministic numeric/algebraic target transition
math500_248,0,CONCEPTUAL_PROSE,NONE,N/A,Operation type CONCEPTUAL_PROSE does not contain deterministic numeric/algebraic target transition
math500_248,1,EQUATION_DERIVATION,OP_CONSTANT_PERTURB|OP_SIGN_FLIP|OP_TERM_SWAP,"Contains verifiable math expression eligible for OP_CONSTANT_PERTURB, OP_SIGN_FLIP, OP_TERM_SWAP",N/A
math500_248,2,CONCEPTUAL_PROSE,NONE,N/A,Operation type CONCEPTUAL_PROSE does not contain deterministic numeric/algebraic target transition
math500_248,3,EQUATION_DERIVATION,OP_CONSTANT_PERTURB|OP_SIGN_FLIP|OP_TERM_SWAP,"Contains verifiable math expression eligible for OP_CONSTANT_PERTURB, OP_SIGN_FLIP, OP_TERM_SWAP",N/A
math500_248,4,FINAL_ANSWER,NONE,N/A,Operation type FINAL_ANSWER does not contain deterministic numeric/algebraic target transition
math500_249,0,ALGEBRAIC_SIMPLIFICATION,OP_CONSTANT_PERTURB|OP_SIGN_FLIP,"Contains verifiable math expression eligible for OP_CONSTANT_PERTURB, OP_SIGN_FLIP",N/A
math500_249,1,CONCEPTUAL_PROSE,NONE,N/A,Operation type CONCEPTUAL_PROSE does not contain deterministic numeric/algebraic target transition
math500_249,2,EQUATION_DERIVATION,OP_CONSTANT_PERTURB|OP_TERM_SWAP,"Contains verifiable math expression eligible for OP_CONSTANT_PERTURB, OP_TERM_SWAP",N/A
math500_249,3,CONCEPTUAL_PROSE,NONE,N/A,Operation type CONCEPTUAL_PROSE does not contain deterministic numeric/algebraic target transition
math500_249,4,EQUATION_DERIVATION,OP_CONSTANT_PERTURB|OP_SIGN_FLIP|OP_TERM_SWAP,"Contains verifiable math expression eligible for OP_CONSTANT_PERTURB, OP_SIGN_FLIP, OP_TERM_SWAP",N/A
math500_249,5,FINAL_ANSWER,NONE,N/A,Operation type FINAL_ANSWER does not contain deterministic numeric/algebraic target transition
math500_249,6,EQUATION_DERIVATION,OP_CONSTANT_PERTURB|OP_SIGN_FLIP|OP_TERM_SWAP,"Contains verifiable math expression eligible for OP_CONSTANT_PERTURB, OP_SIGN_FLIP, OP_TERM_SWAP",N/A
math500_250,0,EQUATION_DERIVATION,OP_CONSTANT_PERTURB|OP_SIGN_FLIP|OP_TERM_SWAP,"Contains verifiable math expression eligible for OP_CONSTANT_PERTURB, OP_SIGN_FLIP, OP_TERM_SWAP",N/A
math500_250,1,EQUATION_DERIVATION,OP_CONSTANT_PERTURB|OP_TERM_SWAP|OP_FRACTION_FLIP,"Contains verifiable math expression eligible for OP_CONSTANT_PERTURB, OP_TERM_SWAP, OP_FRACTION_FLIP",N/A
math500_250,2,EQUATION_DERIVATION,OP_CONSTANT_PERTURB|OP_TERM_SWAP|OP_FRACTION_FLIP,"Contains verifiable math expression eligible for OP_CONSTANT_PERTURB, OP_TERM_SWAP, OP_FRACTION_FLIP",N/A
math500_250,3,CONCEPTUAL_PROSE,NONE,N/A,Operation type CONCEPTUAL_PROSE does not contain deterministic numeric/algebraic target transition
math500_250,4,ALGEBRAIC_SIMPLIFICATION,OP_CONSTANT_PERTURB|OP_SIGN_FLIP|OP_FRACTION_FLIP,"Contains verifiable math expression eligible for OP_CONSTANT_PERTURB, OP_SIGN_FLIP, OP_FRACTION_FLIP",N/A
math500_250,5,EQUATION_DERIVATION,OP_CONSTANT_PERTURB|OP_SIGN_FLIP|OP_TERM_SWAP,"Contains verifiable math expression eligible for OP_CONSTANT_PERTURB, OP_SIGN_FLIP, OP_TERM_SWAP",N/A
math500_250,6,EQUATION_DERIVATION,OP_CONSTANT_PERTURB|OP_SIGN_FLIP|OP_TERM_SWAP|OP_FRACTION_FLIP,"Contains verifiable math expression eligible for OP_CONSTANT_PERTURB, OP_SIGN_FLIP, OP_TERM_SWAP, OP_FRACTION_FLIP",N/A
math500_250,7,FINAL_ANSWER,NONE,N/A,Operation type FINAL_ANSWER does not contain deterministic numeric/algebraic target transition
math500_251,0,EQUATION_DERIVATION,OP_CONSTANT_PERTURB|OP_TERM_SWAP,"Contains verifiable math expression eligible for OP_CONSTANT_PERTURB, OP_TERM_SWAP",N/A
math500_251,1,ALGEBRAIC_SIMPLIFICATION,OP_SIGN_FLIP,Contains verifiable math expression eligible for OP_SIGN_FLIP,N/A
math500_251,2,ALGEBRAIC_SIMPLIFICATION,OP_CONSTANT_PERTURB|OP_SIGN_FLIP,"Contains verifiable math expression eligible for OP_CONSTANT_PERTURB, OP_SIGN_FLIP",N/A
math500_251,3,ALGEBRAIC_SIMPLIFICATION,OP_CONSTANT_PERTURB|OP_SIGN_FLIP,"Contains verifiable math expression eligible for OP_CONSTANT_PERTURB, OP_SIGN_FLIP",N/A
math500_251,4,ALGEBRAIC_SIMPLIFICATION,OP_SIGN_FLIP,Contains verifiable math expression eligible for OP_SIGN_FLIP,N/A
math500_251,5,ALGEBRAIC_SIMPLIFICATION,OP_CONSTANT_PERTURB|OP_SIGN_FLIP,"Contains verifiable math expression eligible for OP_CONSTANT_PERTURB, OP_SIGN_FLIP",N/A
math500_251,6,FINAL_ANSWER,NONE,N/A,Operation type FINAL_ANSWER does not contain deterministic numeric/algebraic target transition
math500_252,0,EQUATION_DERIVATION,OP_CONSTANT_PERTURB|OP_SIGN_FLIP|OP_TERM_SWAP,"Contains verifiable math expression eligible for OP_CONSTANT_PERTURB, OP_SIGN_FLIP, OP_TERM_SWAP",N/A
math500_252,1,EQUATION_DERIVATION,OP_CONSTANT_PERTURB|OP_SIGN_FLIP|OP_TERM_SWAP,"Contains verifiable math expression eligible for OP_CONSTANT_PERTURB, OP_SIGN_FLIP, OP_TERM_SWAP",N/A
math500_252,2,EQUATION_DERIVATION,OP_CONSTANT_PERTURB|OP_SIGN_FLIP|OP_TERM_SWAP,"Contains verifiable math expression eligible for OP_CONSTANT_PERTURB, OP_SIGN_FLIP, OP_TERM_SWAP",N/A
math500_252,3,EQUATION_DERIVATION,OP_CONSTANT_PERTURB|OP_SIGN_FLIP|OP_TERM_SWAP,"Contains verifiable math expression eligible for OP_CONSTANT_PERTURB, OP_SIGN_FLIP, OP_TERM_SWAP",N/A
math500_252,4,FINAL_ANSWER,NONE,N/A,Operation type FINAL_ANSWER does not contain deterministic numeric/algebraic target transition
math500_252,5,EQUATION_DERIVATION,OP_CONSTANT_PERTURB|OP_SIGN_FLIP|OP_TERM_SWAP,"Contains verifiable math expression eligible for OP_CONSTANT_PERTURB, OP_SIGN_FLIP, OP_TERM_SWAP",N/A
math500_253,0,FINAL_ANSWER,NONE,N/A,Operation type FINAL_ANSWER does not contain deterministic numeric/algebraic target transition
math500_254,0,CONCEPTUAL_PROSE,NONE,N/A,Operation type CONCEPTUAL_PROSE does not contain deterministic numeric/algebraic target transition
math500_254,1,CONCEPTUAL_PROSE,NONE,N/A,Operation type CONCEPTUAL_PROSE does not contain deterministic numeric/algebraic target transition
math500_254,2,CONCEPTUAL_PROSE,NONE,N/A,Operation type CONCEPTUAL_PROSE does not contain deterministic numeric/algebraic target transition
math500_254,3,CONCEPTUAL_PROSE,NONE,N/A,Operation type CONCEPTUAL_PROSE does not contain deterministic numeric/algebraic target transition
math500_254,4,CONCEPTUAL_PROSE,NONE,N/A,Operation type CONCEPTUAL_PROSE does not contain deterministic numeric/algebraic target transition
math500_254,5,CONCEPTUAL_PROSE,NONE,N/A,Operation type CONCEPTUAL_PROSE does not contain deterministic numeric/algebraic target transition
math500_254,6,CONCEPTUAL_PROSE,NONE,N/A,Operation type CONCEPTUAL_PROSE does not contain deterministic numeric/algebraic target transition
math500_254,7,CONCEPTUAL_PROSE,NONE,N/A,Operation type CONCEPTUAL_PROSE does not contain deterministic numeric/algebraic target transition
math500_254,8,CONCEPTUAL_PROSE,NONE,N/A,Operation type CONCEPTUAL_PROSE does not contain deterministic numeric/algebraic target transition
math500_254,9,FINAL_ANSWER,NONE,N/A,Operation type FINAL_ANSWER does not contain deterministic numeric/algebraic target transition
math500_255,0,EQUATION_DERIVATION,OP_CONSTANT_PERTURB|OP_TERM_SWAP,"Contains verifiable math expression eligible for OP_CONSTANT_PERTURB, OP_TERM_SWAP",N/A
math500_255,1,EQUATION_DERIVATION,OP_CONSTANT_PERTURB|OP_SIGN_FLIP|OP_TERM_SWAP,"Contains verifiable math expression eligible for OP_CONSTANT_PERTURB, OP_SIGN_FLIP, OP_TERM_SWAP",N/A
math500_255,2,EQUATION_DERIVATION,OP_CONSTANT_PERTURB|OP_SIGN_FLIP|OP_TERM_SWAP,"Contains verifiable math expression eligible for OP_CONSTANT_PERTURB, OP_SIGN_FLIP, OP_TERM_SWAP",N/A
math500_255,3,EQUATION_DERIVATION,OP_CONSTANT_PERTURB|OP_SIGN_FLIP|OP_TERM_SWAP|OP_FRACTION_FLIP,"Contains verifiable math expression eligible for OP_CONSTANT_PERTURB, OP_SIGN_FLIP, OP_TERM_SWAP, OP_FRACTION_FLIP",N/A
math500_255,4,CONCEPTUAL_PROSE,NONE,N/A,Operation type CONCEPTUAL_PROSE does not contain deterministic numeric/algebraic target transition
math500_255,5,FINAL_ANSWER,NONE,N/A,Operation type FINAL_ANSWER does not contain deterministic numeric/algebraic target transition
math500_255,6,CONCEPTUAL_PROSE,NONE,N/A,Operation type CONCEPTUAL_PROSE does not contain deterministic numeric/algebraic target transition
math500_255,7,EQUATION_DERIVATION,OP_CONSTANT_PERTURB|OP_TERM_SWAP,"Contains verifiable math expression eligible for OP_CONSTANT_PERTURB, OP_TERM_SWAP",N/A
math500_255,8,EQUATION_DERIVATION,OP_CONSTANT_PERTURB|OP_SIGN_FLIP|OP_TERM_SWAP,"Contains verifiable math expression eligible for OP_CONSTANT_PERTURB, OP_SIGN_FLIP, OP_TERM_SWAP",N/A
math500_255,9,EQUATION_DERIVATION,OP_CONSTANT_PERTURB|OP_SIGN_FLIP|OP_TERM_SWAP,"Contains verifiable math expression eligible for OP_CONSTANT_PERTURB, OP_SIGN_FLIP, OP_TERM_SWAP",N/A
math500_255,10,ALGEBRAIC_SIMPLIFICATION,OP_CONSTANT_PERTURB,Contains verifiable math expression eligible for OP_CONSTANT_PERTURB,N/A
math500_255,11,ALGEBRAIC_SIMPLIFICATION,OP_CONSTANT_PERTURB|OP_SIGN_FLIP,"Contains verifiable math expression eligible for OP_CONSTANT_PERTURB, OP_SIGN_FLIP",N/A
math500_255,12,ALGEBRAIC_SIMPLIFICATION,OP_CONSTANT_PERTURB|OP_SIGN_FLIP,"Contains verifiable math expression eligible for OP_CONSTANT_PERTURB, OP_SIGN_FLIP",N/A
math500_255,13,EQUATION_DERIVATION,OP_CONSTANT_PERTURB|OP_TERM_SWAP,"Contains verifiable math expression eligible for OP_CONSTANT_PERTURB, OP_TERM_SWAP",N/A
math500_256,0,CONCEPTUAL_PROSE,NONE,N/A,Operation type CONCEPTUAL_PROSE does not contain deterministic numeric/algebraic target transition
math500_256,1,EQUATION_DERIVATION,OP_CONSTANT_PERTURB|OP_TERM_SWAP|OP_FRACTION_FLIP,"Contains verifiable math expression eligible for OP_CONSTANT_PERTURB, OP_TERM_SWAP, OP_FRACTION_FLIP",N/A
math500_256,2,CONCEPTUAL_PROSE,NONE,N/A,Operation type CONCEPTUAL_PROSE does not contain deterministic numeric/algebraic target transition
math500_256,3,FINAL_ANSWER,NONE,N/A,Operation type FINAL_ANSWER does not contain deterministic numeric/algebraic target transition
math500_257,0,EQUATION_DERIVATION,OP_CONSTANT_PERTURB|OP_TERM_SWAP,"Contains verifiable math expression eligible for OP_CONSTANT_PERTURB, OP_TERM_SWAP",N/A
math500_257,1,EQUATION_DERIVATION,OP_CONSTANT_PERTURB|OP_TERM_SWAP,"Contains verifiable math expression eligible for OP_CONSTANT_PERTURB, OP_TERM_SWAP",N/A
math500_257,2,EQUATION_DERIVATION,OP_TERM_SWAP,Contains verifiable math expression eligible for OP_TERM_SWAP,N/A
math500_257,3,CONCEPTUAL_PROSE,NONE,N/A,Operation type CONCEPTUAL_PROSE does not contain deterministic numeric/algebraic target transition
math500_257,4,EQUATION_DERIVATION,OP_CONSTANT_PERTURB|OP_TERM_SWAP,"Contains verifiable math expression eligible for OP_CONSTANT_PERTURB, OP_TERM_SWAP",N/A
math500_257,5,EQUATION_DERIVATION,OP_CONSTANT_PERTURB|OP_TERM_SWAP|OP_FRACTION_FLIP,"Contains verifiable math expression eligible for OP_CONSTANT_PERTURB, OP_TERM_SWAP, OP_FRACTION_FLIP",N/A
math500_257,6,FINAL_ANSWER,NONE,N/A,Operation type FINAL_ANSWER does not contain deterministic numeric/algebraic target transition
math500_258,0,CONCEPTUAL_PROSE,NONE,N/A,Operation type CONCEPTUAL_PROSE does not contain deterministic numeric/algebraic target transition
math500_258,1,EQUATION_DERIVATION,OP_CONSTANT_PERTURB|OP_TERM_SWAP,"Contains verifiable math expression eligible for OP_CONSTANT_PERTURB, OP_TERM_SWAP",N/A
math500_258,2,ALGEBRAIC_SIMPLIFICATION,OP_CONSTANT_PERTURB|OP_SIGN_FLIP,"Contains verifiable math expression eligible for OP_CONSTANT_PERTURB, OP_SIGN_FLIP",N/A
math500_258,3,EQUATION_DERIVATION,OP_CONSTANT_PERTURB|OP_SIGN_FLIP|OP_TERM_SWAP,"Contains verifiable math expression eligible for OP_CONSTANT_PERTURB, OP_SIGN_FLIP, OP_TERM_SWAP",N/A
math500_258,4,EQUATION_DERIVATION,OP_CONSTANT_PERTURB|OP_SIGN_FLIP|OP_TERM_SWAP,"Contains verifiable math expression eligible for OP_CONSTANT_PERTURB, OP_SIGN_FLIP, OP_TERM_SWAP",N/A
math500_258,5,EQUATION_DERIVATION,OP_CONSTANT_PERTURB|OP_TERM_SWAP,"Contains verifiable math expression eligible for OP_CONSTANT_PERTURB, OP_TERM_SWAP",N/A
math500_258,6,FINAL_ANSWER,NONE,N/A,Operation type FINAL_ANSWER does not contain deterministic numeric/algebraic target transition
math500_259,0,ALGEBRAIC_SIMPLIFICATION,OP_CONSTANT_PERTURB|OP_SIGN_FLIP,"Contains verifiable math expression eligible for OP_CONSTANT_PERTURB, OP_SIGN_FLIP",N/A
math500_259,1,FINAL_ANSWER,NONE,N/A,Operation type FINAL_ANSWER does not contain deterministic numeric/algebraic target transition
math500_260,0,EQUATION_DERIVATION,OP_CONSTANT_PERTURB|OP_TERM_SWAP,"Contains verifiable math expression eligible for OP_CONSTANT_PERTURB, OP_TERM_SWAP",N/A
math500_260,1,EQUATION_DERIVATION,OP_CONSTANT_PERTURB|OP_SIGN_FLIP|OP_TERM_SWAP|OP_FRACTION_FLIP,"Contains verifiable math expression eligible for OP_CONSTANT_PERTURB, OP_SIGN_FLIP, OP_TERM_SWAP, OP_FRACTION_FLIP",N/A
math500_260,2,FINAL_ANSWER,NONE,N/A,Operation type FINAL_ANSWER does not contain deterministic numeric/algebraic target transition
math500_261,0,FINAL_ANSWER,NONE,N/A,Operation type FINAL_ANSWER does not contain deterministic numeric/algebraic target transition
math500_262,0,FINAL_ANSWER,NONE,N/A,Operation type FINAL_ANSWER does not contain deterministic numeric/algebraic target transition
math500_263,0,ALGEBRAIC_SIMPLIFICATION,OP_CONSTANT_PERTURB|OP_SIGN_FLIP|OP_FRACTION_FLIP,"Contains verifiable math expression eligible for OP_CONSTANT_PERTURB, OP_SIGN_FLIP, OP_FRACTION_FLIP",N/A
math500_263,1,CONCEPTUAL_PROSE,NONE,N/A,Operation type CONCEPTUAL_PROSE does not contain deterministic numeric/algebraic target transition
math500_263,2,EQUATION_DERIVATION,OP_CONSTANT_PERTURB|OP_SIGN_FLIP|OP_TERM_SWAP|OP_FRACTION_FLIP,"Contains verifiable math expression eligible for OP_CONSTANT_PERTURB, OP_SIGN_FLIP, OP_TERM_SWAP, OP_FRACTION_FLIP",N/A
math500_263,3,FINAL_ANSWER,NONE,N/A,Operation type FINAL_ANSWER does not contain deterministic numeric/algebraic target transition
math500_264,0,EQUATION_DERIVATION,OP_CONSTANT_PERTURB|OP_SIGN_FLIP|OP_TERM_SWAP,"Contains verifiable math expression eligible for OP_CONSTANT_PERTURB, OP_SIGN_FLIP, OP_TERM_SWAP",N/A
math500_264,1,EQUATION_DERIVATION,OP_CONSTANT_PERTURB|OP_SIGN_FLIP|OP_TERM_SWAP,"Contains verifiable math expression eligible for OP_CONSTANT_PERTURB, OP_SIGN_FLIP, OP_TERM_SWAP",N/A
math500_264,2,CONCEPTUAL_PROSE,NONE,N/A,Operation type CONCEPTUAL_PROSE does not contain deterministic numeric/algebraic target transition
math500_264,3,EQUATION_DERIVATION,OP_TERM_SWAP|OP_FRACTION_FLIP,"Contains verifiable math expression eligible for OP_TERM_SWAP, OP_FRACTION_FLIP",N/A
math500_264,4,CONCEPTUAL_PROSE,NONE,N/A,Operation type CONCEPTUAL_PROSE does not contain deterministic numeric/algebraic target transition
math500_264,5,EQUATION_DERIVATION,OP_CONSTANT_PERTURB|OP_SIGN_FLIP|OP_TERM_SWAP|OP_FRACTION_FLIP,"Contains verifiable math expression eligible for OP_CONSTANT_PERTURB, OP_SIGN_FLIP, OP_TERM_SWAP, OP_FRACTION_FLIP",N/A
math500_264,6,EQUATION_DERIVATION,OP_CONSTANT_PERTURB|OP_SIGN_FLIP|OP_TERM_SWAP|OP_FRACTION_FLIP,"Contains verifiable math expression eligible for OP_CONSTANT_PERTURB, OP_SIGN_FLIP, OP_TERM_SWAP, OP_FRACTION_FLIP",N/A
math500_264,7,EQUATION_DERIVATION,OP_CONSTANT_PERTURB|OP_SIGN_FLIP|OP_TERM_SWAP|OP_FRACTION_FLIP,"Contains verifiable math expression eligible for OP_CONSTANT_PERTURB, OP_SIGN_FLIP, OP_TERM_SWAP, OP_FRACTION_FLIP",N/A
math500_264,8,CONCEPTUAL_PROSE,NONE,N/A,Operation type CONCEPTUAL_PROSE does not contain deterministic numeric/algebraic target transition
math500_264,9,CONCEPTUAL_PROSE,NONE,N/A,Operation type CONCEPTUAL_PROSE does not contain deterministic numeric/algebraic target transition
math500_264,10,EQUATION_DERIVATION,OP_CONSTANT_PERTURB|OP_TERM_SWAP|OP_FRACTION_FLIP,"Contains verifiable math expression eligible for OP_CONSTANT_PERTURB, OP_TERM_SWAP, OP_FRACTION_FLIP",N/A
math500_264,11,EQUATION_DERIVATION,OP_CONSTANT_PERTURB|OP_TERM_SWAP|OP_FRACTION_FLIP,"Contains verifiable math expression eligible for OP_CONSTANT_PERTURB, OP_TERM_SWAP, OP_FRACTION_FLIP",N/A
math500_264,12,FINAL_ANSWER,NONE,N/A,Operation type FINAL_ANSWER does not contain deterministic numeric/algebraic target transition
math500_265,0,CONCEPTUAL_PROSE,NONE,N/A,Operation type CONCEPTUAL_PROSE does not contain deterministic numeric/algebraic target transition
math500_265,1,FINAL_ANSWER,NONE,N/A,Operation type FINAL_ANSWER does not contain deterministic numeric/algebraic target transition
math500_266,0,CONCEPTUAL_PROSE,NONE,N/A,Operation type CONCEPTUAL_PROSE does not contain deterministic numeric/algebraic target transition
math500_266,1,EQUATION_DERIVATION,OP_CONSTANT_PERTURB|OP_TERM_SWAP,"Contains verifiable math expression eligible for OP_CONSTANT_PERTURB, OP_TERM_SWAP",N/A
math500_266,2,FINAL_ANSWER,NONE,N/A,Operation type FINAL_ANSWER does not contain deterministic numeric/algebraic target transition
math500_267,0,EQUATION_DERIVATION,OP_CONSTANT_PERTURB|OP_TERM_SWAP,"Contains verifiable math expression eligible for OP_CONSTANT_PERTURB, OP_TERM_SWAP",N/A
math500_267,1,FINAL_ANSWER,NONE,N/A,Operation type FINAL_ANSWER does not contain deterministic numeric/algebraic target transition
math500_269,0,CONCEPTUAL_PROSE,NONE,N/A,Operation type CONCEPTUAL_PROSE does not contain deterministic numeric/algebraic target transition
math500_269,1,FINAL_ANSWER,NONE,N/A,Operation type FINAL_ANSWER does not contain deterministic numeric/algebraic target transition
math500_270,0,CONCEPTUAL_PROSE,NONE,N/A,Operation type CONCEPTUAL_PROSE does not contain deterministic numeric/algebraic target transition
math500_270,1,EQUATION_DERIVATION,OP_CONSTANT_PERTURB|OP_TERM_SWAP,"Contains verifiable math expression eligible for OP_CONSTANT_PERTURB, OP_TERM_SWAP",N/A
math500_270,2,EQUATION_DERIVATION,OP_CONSTANT_PERTURB|OP_TERM_SWAP,"Contains verifiable math expression eligible for OP_CONSTANT_PERTURB, OP_TERM_SWAP",N/A
math500_270,3,FINAL_ANSWER,NONE,N/A,Operation type FINAL_ANSWER does not contain deterministic numeric/algebraic target transition
math500_271,0,FINAL_ANSWER,NONE,N/A,Operation type FINAL_ANSWER does not contain deterministic numeric/algebraic target transition
math500_272,0,EQUATION_DERIVATION,OP_CONSTANT_PERTURB|OP_TERM_SWAP,"Contains verifiable math expression eligible for OP_CONSTANT_PERTURB, OP_TERM_SWAP",N/A
math500_272,1,EQUATION_DERIVATION,OP_CONSTANT_PERTURB|OP_TERM_SWAP|OP_FRACTION_FLIP,"Contains verifiable math expression eligible for OP_CONSTANT_PERTURB, OP_TERM_SWAP, OP_FRACTION_FLIP",N/A
math500_272,2,EQUATION_DERIVATION,OP_CONSTANT_PERTURB|OP_TERM_SWAP|OP_FRACTION_FLIP,"Contains verifiable math expression eligible for OP_CONSTANT_PERTURB, OP_TERM_SWAP, OP_FRACTION_FLIP",N/A
math500_272,3,FINAL_ANSWER,NONE,N/A,Operation type FINAL_ANSWER does not contain deterministic numeric/algebraic target transition
math500_273,0,FINAL_ANSWER,NONE,N/A,Operation type FINAL_ANSWER does not contain deterministic numeric/algebraic target transition
math500_274,0,CONCEPTUAL_PROSE,NONE,N/A,Operation type CONCEPTUAL_PROSE does not contain deterministic numeric/algebraic target transition
math500_274,1,CONCEPTUAL_PROSE,NONE,N/A,Operation type CONCEPTUAL_PROSE does not contain deterministic numeric/algebraic target transition
math500_274,2,ALGEBRAIC_SIMPLIFICATION,OP_CONSTANT_PERTURB|OP_SIGN_FLIP,"Contains verifiable math expression eligible for OP_CONSTANT_PERTURB, OP_SIGN_FLIP",N/A
math500_274,3,CONCEPTUAL_PROSE,NONE,N/A,Operation type CONCEPTUAL_PROSE does not contain deterministic numeric/algebraic target transition
math500_274,4,EQUATION_DERIVATION,OP_CONSTANT_PERTURB|OP_TERM_SWAP,"Contains verifiable math expression eligible for OP_CONSTANT_PERTURB, OP_TERM_SWAP",N/A
math500_274,5,CONCEPTUAL_PROSE,NONE,N/A,Operation type CONCEPTUAL_PROSE does not contain deterministic numeric/algebraic target transition
math500_274,6,EQUATION_DERIVATION,OP_CONSTANT_PERTURB|OP_SIGN_FLIP|OP_TERM_SWAP,"Contains verifiable math expression eligible for OP_CONSTANT_PERTURB, OP_SIGN_FLIP, OP_TERM_SWAP",N/A
math500_274,7,EQUATION_DERIVATION,OP_CONSTANT_PERTURB|OP_SIGN_FLIP|OP_TERM_SWAP,"Contains verifiable math expression eligible for OP_CONSTANT_PERTURB, OP_SIGN_FLIP, OP_TERM_SWAP",N/A
math500_274,8,EQUATION_DERIVATION,OP_CONSTANT_PERTURB|OP_TERM_SWAP|OP_FRACTION_FLIP,"Contains verifiable math expression eligible for OP_CONSTANT_PERTURB, OP_TERM_SWAP, OP_FRACTION_FLIP",N/A
math500_274,9,CONCEPTUAL_PROSE,NONE,N/A,Operation type CONCEPTUAL_PROSE does not contain deterministic numeric/algebraic target transition
math500_274,10,FINAL_ANSWER,NONE,N/A,Operation type FINAL_ANSWER does not contain deterministic numeric/algebraic target transition
math500_275,0,FINAL_ANSWER,NONE,N/A,Operation type FINAL_ANSWER does not contain deterministic numeric/algebraic target transition
math500_276,0,EQUATION_DERIVATION,OP_CONSTANT_PERTURB|OP_SIGN_FLIP|OP_TERM_SWAP,"Contains verifiable math expression eligible for OP_CONSTANT_PERTURB, OP_SIGN_FLIP, OP_TERM_SWAP",N/A
math500_276,1,ALGEBRAIC_SIMPLIFICATION,OP_CONSTANT_PERTURB,Contains verifiable math expression eligible for OP_CONSTANT_PERTURB,N/A
math500_276,2,CONCEPTUAL_PROSE,NONE,N/A,Operation type CONCEPTUAL_PROSE does not contain deterministic numeric/algebraic target transition
math500_276,3,ALGEBRAIC_SIMPLIFICATION,OP_CONSTANT_PERTURB|OP_SIGN_FLIP,"Contains verifiable math expression eligible for OP_CONSTANT_PERTURB, OP_SIGN_FLIP",N/A
math500_276,4,FINAL_ANSWER,NONE,N/A,Operation type FINAL_ANSWER does not contain deterministic numeric/algebraic target transition
math500_277,0,FINAL_ANSWER,NONE,N/A,Operation type FINAL_ANSWER does not contain deterministic numeric/algebraic target transition
math500_278,0,FINAL_ANSWER,NONE,N/A,Operation type FINAL_ANSWER does not contain deterministic numeric/algebraic target transition
math500_279,0,EQUATION_DERIVATION,OP_CONSTANT_PERTURB|OP_TERM_SWAP,"Contains verifiable math expression eligible for OP_CONSTANT_PERTURB, OP_TERM_SWAP",N/A
math500_279,1,EQUATION_DERIVATION,OP_CONSTANT_PERTURB|OP_SIGN_FLIP|OP_TERM_SWAP,"Contains verifiable math expression eligible for OP_CONSTANT_PERTURB, OP_SIGN_FLIP, OP_TERM_SWAP",N/A
math500_279,2,FINAL_ANSWER,NONE,N/A,Operation type FINAL_ANSWER does not contain deterministic numeric/algebraic target transition
math500_280,0,EQUATION_DERIVATION,OP_CONSTANT_PERTURB|OP_SIGN_FLIP|OP_TERM_SWAP,"Contains verifiable math expression eligible for OP_CONSTANT_PERTURB, OP_SIGN_FLIP, OP_TERM_SWAP",N/A
math500_280,1,FINAL_ANSWER,NONE,N/A,Operation type FINAL_ANSWER does not contain deterministic numeric/algebraic target transition
math500_281,0,EQUATION_DERIVATION,OP_CONSTANT_PERTURB|OP_SIGN_FLIP|OP_TERM_SWAP,"Contains verifiable math expression eligible for OP_CONSTANT_PERTURB, OP_SIGN_FLIP, OP_TERM_SWAP",N/A
math500_281,1,EQUATION_DERIVATION,OP_CONSTANT_PERTURB|OP_TERM_SWAP,"Contains verifiable math expression eligible for OP_CONSTANT_PERTURB, OP_TERM_SWAP",N/A
math500_281,2,EQUATION_DERIVATION,OP_CONSTANT_PERTURB|OP_SIGN_FLIP|OP_TERM_SWAP,"Contains verifiable math expression eligible for OP_CONSTANT_PERTURB, OP_SIGN_FLIP, OP_TERM_SWAP",N/A
math500_281,3,EQUATION_DERIVATION,OP_CONSTANT_PERTURB|OP_SIGN_FLIP|OP_TERM_SWAP,"Contains verifiable math expression eligible for OP_CONSTANT_PERTURB, OP_SIGN_FLIP, OP_TERM_SWAP",N/A
math500_281,4,ALGEBRAIC_SIMPLIFICATION,OP_CONSTANT_PERTURB,Contains verifiable math expression eligible for OP_CONSTANT_PERTURB,N/A
math500_281,5,FINAL_ANSWER,NONE,N/A,Operation type FINAL_ANSWER does not contain deterministic numeric/algebraic target transition
math500_282,0,CONCEPTUAL_PROSE,NONE,N/A,Operation type CONCEPTUAL_PROSE does not contain deterministic numeric/algebraic target transition
math500_282,1,FINAL_ANSWER,NONE,N/A,Operation type FINAL_ANSWER does not contain deterministic numeric/algebraic target transition
math500_283,0,CONCEPTUAL_PROSE,NONE,N/A,Operation type CONCEPTUAL_PROSE does not contain deterministic numeric/algebraic target transition
math500_283,1,EQUATION_DERIVATION,OP_CONSTANT_PERTURB|OP_SIGN_FLIP|OP_TERM_SWAP,"Contains verifiable math expression eligible for OP_CONSTANT_PERTURB, OP_SIGN_FLIP, OP_TERM_SWAP",N/A
math500_283,2,CONCEPTUAL_PROSE,NONE,N/A,Operation type CONCEPTUAL_PROSE does not contain deterministic numeric/algebraic target transition
math500_283,3,EQUATION_DERIVATION,OP_TERM_SWAP,Contains verifiable math expression eligible for OP_TERM_SWAP,N/A
math500_283,4,FINAL_ANSWER,NONE,N/A,Operation type FINAL_ANSWER does not contain deterministic numeric/algebraic target transition
math500_284,0,EQUATION_DERIVATION,OP_CONSTANT_PERTURB|OP_SIGN_FLIP|OP_TERM_SWAP|OP_FRACTION_FLIP,"Contains verifiable math expression eligible for OP_CONSTANT_PERTURB, OP_SIGN_FLIP, OP_TERM_SWAP, OP_FRACTION_FLIP",N/A
math500_284,1,EQUATION_DERIVATION,OP_CONSTANT_PERTURB|OP_SIGN_FLIP|OP_TERM_SWAP|OP_FRACTION_FLIP,"Contains verifiable math expression eligible for OP_CONSTANT_PERTURB, OP_SIGN_FLIP, OP_TERM_SWAP, OP_FRACTION_FLIP",N/A
math500_284,2,EQUATION_DERIVATION,OP_CONSTANT_PERTURB|OP_SIGN_FLIP|OP_TERM_SWAP|OP_FRACTION_FLIP,"Contains verifiable math expression eligible for OP_CONSTANT_PERTURB, OP_SIGN_FLIP, OP_TERM_SWAP, OP_FRACTION_FLIP",N/A
math500_284,3,EQUATION_DERIVATION,OP_CONSTANT_PERTURB|OP_TERM_SWAP|OP_FRACTION_FLIP,"Contains verifiable math expression eligible for OP_CONSTANT_PERTURB, OP_TERM_SWAP, OP_FRACTION_FLIP",N/A
math500_284,4,CONCEPTUAL_PROSE,NONE,N/A,Operation type CONCEPTUAL_PROSE does not contain deterministic numeric/algebraic target transition
math500_284,5,CONCEPTUAL_PROSE,NONE,N/A,Operation type CONCEPTUAL_PROSE does not contain deterministic numeric/algebraic target transition
math500_284,6,CONCEPTUAL_PROSE,NONE,N/A,Operation type CONCEPTUAL_PROSE does not contain deterministic numeric/algebraic target transition
math500_284,7,EQUATION_DERIVATION,OP_CONSTANT_PERTURB|OP_TERM_SWAP,"Contains verifiable math expression eligible for OP_CONSTANT_PERTURB, OP_TERM_SWAP",N/A
math500_284,8,ALGEBRAIC_SIMPLIFICATION,OP_CONSTANT_PERTURB|OP_SIGN_FLIP,"Contains verifiable math expression eligible for OP_CONSTANT_PERTURB, OP_SIGN_FLIP",N/A
math500_284,9,ALGEBRAIC_SIMPLIFICATION,OP_CONSTANT_PERTURB|OP_SIGN_FLIP,"Contains verifiable math expression eligible for OP_CONSTANT_PERTURB, OP_SIGN_FLIP",N/A
math500_284,10,EQUATION_DERIVATION,OP_CONSTANT_PERTURB|OP_SIGN_FLIP|OP_TERM_SWAP|OP_FRACTION_FLIP,"Contains verifiable math expression eligible for OP_CONSTANT_PERTURB, OP_SIGN_FLIP, OP_TERM_SWAP, OP_FRACTION_FLIP",N/A
math500_284,11,EQUATION_DERIVATION,OP_CONSTANT_PERTURB|OP_SIGN_FLIP|OP_TERM_SWAP|OP_FRACTION_FLIP,"Contains verifiable math expression eligible for OP_CONSTANT_PERTURB, OP_SIGN_FLIP, OP_TERM_SWAP, OP_FRACTION_FLIP",N/A
math500_284,12,EQUATION_DERIVATION,OP_CONSTANT_PERTURB|OP_SIGN_FLIP|OP_TERM_SWAP|OP_FRACTION_FLIP,"Contains verifiable math expression eligible for OP_CONSTANT_PERTURB, OP_SIGN_FLIP, OP_TERM_SWAP, OP_FRACTION_FLIP",N/A
math500_284,13,FINAL_ANSWER,NONE,N/A,Operation type FINAL_ANSWER does not contain deterministic numeric/algebraic target transition
math500_286,0,EQUATION_DERIVATION,OP_CONSTANT_PERTURB|OP_SIGN_FLIP|OP_TERM_SWAP|OP_FRACTION_FLIP,"Contains verifiable math expression eligible for OP_CONSTANT_PERTURB, OP_SIGN_FLIP, OP_TERM_SWAP, OP_FRACTION_FLIP",N/A
math500_286,1,EQUATION_DERIVATION,OP_SIGN_FLIP|OP_TERM_SWAP,"Contains verifiable math expression eligible for OP_SIGN_FLIP, OP_TERM_SWAP",N/A
math500_286,2,ALGEBRAIC_SIMPLIFICATION,OP_CONSTANT_PERTURB|OP_SIGN_FLIP|OP_FRACTION_FLIP,"Contains verifiable math expression eligible for OP_CONSTANT_PERTURB, OP_SIGN_FLIP, OP_FRACTION_FLIP",N/A
math500_286,3,EQUATION_DERIVATION,OP_CONSTANT_PERTURB|OP_SIGN_FLIP|OP_TERM_SWAP|OP_FRACTION_FLIP,"Contains verifiable math expression eligible for OP_CONSTANT_PERTURB, OP_SIGN_FLIP, OP_TERM_SWAP, OP_FRACTION_FLIP",N/A
math500_286,4,FINAL_ANSWER,NONE,N/A,Operation type FINAL_ANSWER does not contain deterministic numeric/algebraic target transition
math500_287,0,EQUATION_DERIVATION,OP_CONSTANT_PERTURB|OP_TERM_SWAP|OP_FRACTION_FLIP,"Contains verifiable math expression eligible for OP_CONSTANT_PERTURB, OP_TERM_SWAP, OP_FRACTION_FLIP",N/A
math500_287,1,ALGEBRAIC_SIMPLIFICATION,OP_CONSTANT_PERTURB,Contains verifiable math expression eligible for OP_CONSTANT_PERTURB,N/A
math500_287,2,EQUATION_DERIVATION,OP_CONSTANT_PERTURB|OP_TERM_SWAP,"Contains verifiable math expression eligible for OP_CONSTANT_PERTURB, OP_TERM_SWAP",N/A
math500_287,3,FINAL_ANSWER,NONE,N/A,Operation type FINAL_ANSWER does not contain deterministic numeric/algebraic target transition
math500_288,0,ALGEBRAIC_SIMPLIFICATION,OP_CONSTANT_PERTURB|OP_SIGN_FLIP,"Contains verifiable math expression eligible for OP_CONSTANT_PERTURB, OP_SIGN_FLIP",N/A
math500_288,1,CONCEPTUAL_PROSE,NONE,N/A,Operation type CONCEPTUAL_PROSE does not contain deterministic numeric/algebraic target transition
math500_288,2,EQUATION_DERIVATION,OP_CONSTANT_PERTURB|OP_SIGN_FLIP|OP_TERM_SWAP,"Contains verifiable math expression eligible for OP_CONSTANT_PERTURB, OP_SIGN_FLIP, OP_TERM_SWAP",N/A
math500_288,3,CONCEPTUAL_PROSE,NONE,N/A,Operation type CONCEPTUAL_PROSE does not contain deterministic numeric/algebraic target transition
math500_288,4,CONCEPTUAL_PROSE,NONE,N/A,Operation type CONCEPTUAL_PROSE does not contain deterministic numeric/algebraic target transition
math500_288,5,EQUATION_DERIVATION,OP_CONSTANT_PERTURB|OP_SIGN_FLIP|OP_TERM_SWAP,"Contains verifiable math expression eligible for OP_CONSTANT_PERTURB, OP_SIGN_FLIP, OP_TERM_SWAP",N/A
math500_288,6,ALGEBRAIC_SIMPLIFICATION,OP_CONSTANT_PERTURB|OP_SIGN_FLIP,"Contains verifiable math expression eligible for OP_CONSTANT_PERTURB, OP_SIGN_FLIP",N/A
math500_288,7,ALGEBRAIC_SIMPLIFICATION,OP_CONSTANT_PERTURB|OP_SIGN_FLIP,"Contains verifiable math expression eligible for OP_CONSTANT_PERTURB, OP_SIGN_FLIP",N/A
math500_288,8,ALGEBRAIC_SIMPLIFICATION,OP_CONSTANT_PERTURB|OP_SIGN_FLIP,"Contains verifiable math expression eligible for OP_CONSTANT_PERTURB, OP_SIGN_FLIP",N/A
math500_288,9,EQUATION_DERIVATION,OP_CONSTANT_PERTURB|OP_SIGN_FLIP|OP_TERM_SWAP,"Contains verifiable math expression eligible for OP_CONSTANT_PERTURB, OP_SIGN_FLIP, OP_TERM_SWAP",N/A
math500_288,10,ALGEBRAIC_SIMPLIFICATION,OP_CONSTANT_PERTURB|OP_SIGN_FLIP,"Contains verifiable math expression eligible for OP_CONSTANT_PERTURB, OP_SIGN_FLIP",N/A
math500_288,11,EQUATION_DERIVATION,OP_CONSTANT_PERTURB|OP_SIGN_FLIP|OP_TERM_SWAP,"Contains verifiable math expression eligible for OP_CONSTANT_PERTURB, OP_SIGN_FLIP, OP_TERM_SWAP",N/A
math500_288,12,EQUATION_DERIVATION,OP_CONSTANT_PERTURB|OP_SIGN_FLIP|OP_TERM_SWAP|OP_FRACTION_FLIP,"Contains verifiable math expression eligible for OP_CONSTANT_PERTURB, OP_SIGN_FLIP, OP_TERM_SWAP, OP_FRACTION_FLIP",N/A
math500_288,13,CONCEPTUAL_PROSE,NONE,N/A,Operation type CONCEPTUAL_PROSE does not contain deterministic numeric/algebraic target transition
math500_288,14,FINAL_ANSWER,NONE,N/A,Operation type FINAL_ANSWER does not contain deterministic numeric/algebraic target transition
math500_289,0,ALGEBRAIC_SIMPLIFICATION,OP_SIGN_FLIP,Contains verifiable math expression eligible for OP_SIGN_FLIP,N/A
math500_289,1,ALGEBRAIC_SIMPLIFICATION,OP_CONSTANT_PERTURB|OP_SIGN_FLIP,"Contains verifiable math expression eligible for OP_CONSTANT_PERTURB, OP_SIGN_FLIP",N/A
math500_289,2,CONCEPTUAL_PROSE,NONE,N/A,Operation type CONCEPTUAL_PROSE does not contain deterministic numeric/algebraic target transition
math500_289,3,ALGEBRAIC_SIMPLIFICATION,OP_CONSTANT_PERTURB|OP_SIGN_FLIP|OP_FRACTION_FLIP,"Contains verifiable math expression eligible for OP_CONSTANT_PERTURB, OP_SIGN_FLIP, OP_FRACTION_FLIP",N/A
math500_289,4,EQUATION_DERIVATION,OP_CONSTANT_PERTURB|OP_SIGN_FLIP|OP_TERM_SWAP|OP_FRACTION_FLIP,"Contains verifiable math expression eligible for OP_CONSTANT_PERTURB, OP_SIGN_FLIP, OP_TERM_SWAP, OP_FRACTION_FLIP",N/A
math500_289,5,FINAL_ANSWER,NONE,N/A,Operation type FINAL_ANSWER does not contain deterministic numeric/algebraic target transition
math500_290,0,EQUATION_DERIVATION,OP_CONSTANT_PERTURB|OP_SIGN_FLIP|OP_TERM_SWAP|OP_FRACTION_FLIP,"Contains verifiable math expression eligible for OP_CONSTANT_PERTURB, OP_SIGN_FLIP, OP_TERM_SWAP, OP_FRACTION_FLIP",N/A
math500_290,1,FINAL_ANSWER,NONE,N/A,Operation type FINAL_ANSWER does not contain deterministic numeric/algebraic target transition
math500_291,0,ALGEBRAIC_SIMPLIFICATION,OP_CONSTANT_PERTURB|OP_SIGN_FLIP,"Contains verifiable math expression eligible for OP_CONSTANT_PERTURB, OP_SIGN_FLIP",N/A
math500_291,1,FINAL_ANSWER,NONE,N/A,Operation type FINAL_ANSWER does not contain deterministic numeric/algebraic target transition
math500_291,2,CONCEPTUAL_PROSE,NONE,N/A,Operation type CONCEPTUAL_PROSE does not contain deterministic numeric/algebraic target transition
math500_293,0,CONCEPTUAL_PROSE,NONE,N/A,Operation type CONCEPTUAL_PROSE does not contain deterministic numeric/algebraic target transition
math500_293,1,ALGEBRAIC_SIMPLIFICATION,OP_CONSTANT_PERTURB|OP_FRACTION_FLIP,"Contains verifiable math expression eligible for OP_CONSTANT_PERTURB, OP_FRACTION_FLIP",N/A
math500_293,2,ALGEBRAIC_SIMPLIFICATION,OP_CONSTANT_PERTURB|OP_FRACTION_FLIP,"Contains verifiable math expression eligible for OP_CONSTANT_PERTURB, OP_FRACTION_FLIP",N/A
math500_293,3,CONCEPTUAL_PROSE,NONE,N/A,Operation type CONCEPTUAL_PROSE does not contain deterministic numeric/algebraic target transition
math500_293,4,FINAL_ANSWER,NONE,N/A,Operation type FINAL_ANSWER does not contain deterministic numeric/algebraic target transition
math500_294,0,ALGEBRAIC_SIMPLIFICATION,OP_CONSTANT_PERTURB|OP_SIGN_FLIP,"Contains verifiable math expression eligible for OP_CONSTANT_PERTURB, OP_SIGN_FLIP",N/A
math500_294,1,ALGEBRAIC_SIMPLIFICATION,OP_CONSTANT_PERTURB|OP_SIGN_FLIP,"Contains verifiable math expression eligible for OP_CONSTANT_PERTURB, OP_SIGN_FLIP",N/A
math500_294,2,CONCEPTUAL_PROSE,NONE,N/A,Operation type CONCEPTUAL_PROSE does not contain deterministic numeric/algebraic target transition
math500_294,3,EQUATION_DERIVATION,OP_CONSTANT_PERTURB|OP_TERM_SWAP,"Contains verifiable math expression eligible for OP_CONSTANT_PERTURB, OP_TERM_SWAP",N/A
math500_294,4,FINAL_ANSWER,NONE,N/A,Operation type FINAL_ANSWER does not contain deterministic numeric/algebraic target transition
math500_295,0,EQUATION_DERIVATION,OP_CONSTANT_PERTURB|OP_SIGN_FLIP|OP_TERM_SWAP,"Contains verifiable math expression eligible for OP_CONSTANT_PERTURB, OP_SIGN_FLIP, OP_TERM_SWAP",N/A
math500_295,1,EQUATION_DERIVATION,OP_CONSTANT_PERTURB|OP_SIGN_FLIP|OP_TERM_SWAP,"Contains verifiable math expression eligible for OP_CONSTANT_PERTURB, OP_SIGN_FLIP, OP_TERM_SWAP",N/A
math500_295,2,EQUATION_DERIVATION,OP_CONSTANT_PERTURB|OP_SIGN_FLIP|OP_TERM_SWAP,"Contains verifiable math expression eligible for OP_CONSTANT_PERTURB, OP_SIGN_FLIP, OP_TERM_SWAP",N/A
math500_295,3,EQUATION_DERIVATION,OP_CONSTANT_PERTURB|OP_SIGN_FLIP|OP_TERM_SWAP,"Contains verifiable math expression eligible for OP_CONSTANT_PERTURB, OP_SIGN_FLIP, OP_TERM_SWAP",N/A
math500_295,4,EQUATION_DERIVATION,OP_CONSTANT_PERTURB|OP_SIGN_FLIP|OP_TERM_SWAP,"Contains verifiable math expression eligible for OP_CONSTANT_PERTURB, OP_SIGN_FLIP, OP_TERM_SWAP",N/A
math500_295,5,EQUATION_DERIVATION,OP_CONSTANT_PERTURB|OP_SIGN_FLIP|OP_TERM_SWAP,"Contains verifiable math expression eligible for OP_CONSTANT_PERTURB, OP_SIGN_FLIP, OP_TERM_SWAP",N/A
math500_295,6,CONCEPTUAL_PROSE,NONE,N/A,Operation type CONCEPTUAL_PROSE does not contain deterministic numeric/algebraic target transition
math500_295,7,CONCEPTUAL_PROSE,NONE,N/A,Operation type CONCEPTUAL_PROSE does not contain deterministic numeric/algebraic target transition
math500_295,8,EQUATION_DERIVATION,OP_CONSTANT_PERTURB|OP_SIGN_FLIP|OP_TERM_SWAP,"Contains verifiable math expression eligible for OP_CONSTANT_PERTURB, OP_SIGN_FLIP, OP_TERM_SWAP",N/A
math500_295,9,ALGEBRAIC_SIMPLIFICATION,OP_CONSTANT_PERTURB|OP_SIGN_FLIP,"Contains verifiable math expression eligible for OP_CONSTANT_PERTURB, OP_SIGN_FLIP",N/A
math500_295,10,ALGEBRAIC_SIMPLIFICATION,OP_SIGN_FLIP,Contains verifiable math expression eligible for OP_SIGN_FLIP,N/A
math500_295,11,EQUATION_DERIVATION,OP_CONSTANT_PERTURB|OP_SIGN_FLIP|OP_TERM_SWAP,"Contains verifiable math expression eligible for OP_CONSTANT_PERTURB, OP_SIGN_FLIP, OP_TERM_SWAP",N/A
math500_295,12,EQUATION_DERIVATION,OP_CONSTANT_PERTURB|OP_SIGN_FLIP|OP_TERM_SWAP,"Contains verifiable math expression eligible for OP_CONSTANT_PERTURB, OP_SIGN_FLIP, OP_TERM_SWAP",N/A
math500_295,13,FINAL_ANSWER,NONE,N/A,Operation type FINAL_ANSWER does not contain deterministic numeric/algebraic target transition
math500_296,0,CONCEPTUAL_PROSE,NONE,N/A,Operation type CONCEPTUAL_PROSE does not contain deterministic numeric/algebraic target transition
math500_296,1,CONCEPTUAL_PROSE,NONE,N/A,Operation type CONCEPTUAL_PROSE does not contain deterministic numeric/algebraic target transition
math500_296,2,EQUATION_DERIVATION,OP_CONSTANT_PERTURB|OP_TERM_SWAP,"Contains verifiable math expression eligible for OP_CONSTANT_PERTURB, OP_TERM_SWAP",N/A
math500_296,3,EQUATION_DERIVATION,OP_CONSTANT_PERTURB|OP_TERM_SWAP|OP_FRACTION_FLIP,"Contains verifiable math expression eligible for OP_CONSTANT_PERTURB, OP_TERM_SWAP, OP_FRACTION_FLIP",N/A
math500_296,4,CONCEPTUAL_PROSE,NONE,N/A,Operation type CONCEPTUAL_PROSE does not contain deterministic numeric/algebraic target transition
math500_296,5,CONCEPTUAL_PROSE,NONE,N/A,Operation type CONCEPTUAL_PROSE does not contain deterministic numeric/algebraic target transition
math500_296,6,CONCEPTUAL_PROSE,NONE,N/A,Operation type CONCEPTUAL_PROSE does not contain deterministic numeric/algebraic target transition
math500_296,7,ALGEBRAIC_SIMPLIFICATION,OP_CONSTANT_PERTURB|OP_SIGN_FLIP,"Contains verifiable math expression eligible for OP_CONSTANT_PERTURB, OP_SIGN_FLIP",N/A
math500_296,8,ALGEBRAIC_SIMPLIFICATION,OP_CONSTANT_PERTURB|OP_SIGN_FLIP,"Contains verifiable math expression eligible for OP_CONSTANT_PERTURB, OP_SIGN_FLIP",N/A
math500_296,9,ALGEBRAIC_SIMPLIFICATION,OP_CONSTANT_PERTURB,Contains verifiable math expression eligible for OP_CONSTANT_PERTURB,N/A
math500_296,10,ALGEBRAIC_SIMPLIFICATION,OP_CONSTANT_PERTURB,Contains verifiable math expression eligible for OP_CONSTANT_PERTURB,N/A
math500_296,11,ALGEBRAIC_SIMPLIFICATION,OP_CONSTANT_PERTURB,Contains verifiable math expression eligible for OP_CONSTANT_PERTURB,N/A
math500_296,12,FINAL_ANSWER,NONE,N/A,Operation type FINAL_ANSWER does not contain deterministic numeric/algebraic target transition
math500_297,0,CONCEPTUAL_PROSE,NONE,N/A,Operation type CONCEPTUAL_PROSE does not contain deterministic numeric/algebraic target transition
math500_297,1,CONCEPTUAL_PROSE,NONE,N/A,Operation type CONCEPTUAL_PROSE does not contain deterministic numeric/algebraic target transition
math500_297,2,CONCEPTUAL_PROSE,NONE,N/A,Operation type CONCEPTUAL_PROSE does not contain deterministic numeric/algebraic target transition
math500_297,3,EQUATION_DERIVATION,OP_CONSTANT_PERTURB|OP_SIGN_FLIP|OP_TERM_SWAP,"Contains verifiable math expression eligible for OP_CONSTANT_PERTURB, OP_SIGN_FLIP, OP_TERM_SWAP",N/A
math500_297,4,FINAL_ANSWER,NONE,N/A,Operation type FINAL_ANSWER does not contain deterministic numeric/algebraic target transition
math500_298,0,FINAL_ANSWER,NONE,N/A,Operation type FINAL_ANSWER does not contain deterministic numeric/algebraic target transition
math500_299,0,CONCEPTUAL_PROSE,NONE,N/A,Operation type CONCEPTUAL_PROSE does not contain deterministic numeric/algebraic target transition
math500_299,1,EQUATION_DERIVATION,OP_CONSTANT_PERTURB|OP_SIGN_FLIP|OP_TERM_SWAP,"Contains verifiable math expression eligible for OP_CONSTANT_PERTURB, OP_SIGN_FLIP, OP_TERM_SWAP",N/A
math500_299,2,CONCEPTUAL_PROSE,NONE,N/A,Operation type CONCEPTUAL_PROSE does not contain deterministic numeric/algebraic target transition
math500_299,3,EQUATION_DERIVATION,OP_CONSTANT_PERTURB|OP_SIGN_FLIP|OP_TERM_SWAP,"Contains verifiable math expression eligible for OP_CONSTANT_PERTURB, OP_SIGN_FLIP, OP_TERM_SWAP",N/A
math500_299,4,CONCEPTUAL_PROSE,NONE,N/A,Operation type CONCEPTUAL_PROSE does not contain deterministic numeric/algebraic target transition
math500_299,5,FINAL_ANSWER,NONE,N/A,Operation type FINAL_ANSWER does not contain deterministic numeric/algebraic target transition
math500_300,0,CONCEPTUAL_PROSE,NONE,N/A,Operation type CONCEPTUAL_PROSE does not contain deterministic numeric/algebraic target transition
math500_300,1,EQUATION_DERIVATION,OP_CONSTANT_PERTURB|OP_TERM_SWAP,"Contains verifiable math expression eligible for OP_CONSTANT_PERTURB, OP_TERM_SWAP",N/A
math500_300,2,FINAL_ANSWER,NONE,N/A,Operation type FINAL_ANSWER does not contain deterministic numeric/algebraic target transition
math500_300,3,ALGEBRAIC_SIMPLIFICATION,OP_CONSTANT_PERTURB|OP_SIGN_FLIP,"Contains verifiable math expression eligible for OP_CONSTANT_PERTURB, OP_SIGN_FLIP",N/A
math500_301,0,CONCEPTUAL_PROSE,NONE,N/A,Operation type CONCEPTUAL_PROSE does not contain deterministic numeric/algebraic target transition
math500_301,1,EQUATION_DERIVATION,OP_CONSTANT_PERTURB|OP_TERM_SWAP,"Contains verifiable math expression eligible for OP_CONSTANT_PERTURB, OP_TERM_SWAP",N/A
math500_301,2,EQUATION_DERIVATION,OP_CONSTANT_PERTURB|OP_TERM_SWAP,"Contains verifiable math expression eligible for OP_CONSTANT_PERTURB, OP_TERM_SWAP",N/A
math500_301,3,EQUATION_DERIVATION,OP_CONSTANT_PERTURB|OP_TERM_SWAP,"Contains verifiable math expression eligible for OP_CONSTANT_PERTURB, OP_TERM_SWAP",N/A
math500_301,4,EQUATION_DERIVATION,OP_CONSTANT_PERTURB|OP_TERM_SWAP,"Contains verifiable math expression eligible for OP_CONSTANT_PERTURB, OP_TERM_SWAP",N/A
math500_301,5,FINAL_ANSWER,NONE,N/A,Operation type FINAL_ANSWER does not contain deterministic numeric/algebraic target transition
math500_302,0,FINAL_ANSWER,NONE,N/A,Operation type FINAL_ANSWER does not contain deterministic numeric/algebraic target transition
math500_302,1,EQUATION_DERIVATION,OP_CONSTANT_PERTURB|OP_TERM_SWAP,"Contains verifiable math expression eligible for OP_CONSTANT_PERTURB, OP_TERM_SWAP",N/A
math500_302,2,EQUATION_DERIVATION,OP_CONSTANT_PERTURB|OP_TERM_SWAP,"Contains verifiable math expression eligible for OP_CONSTANT_PERTURB, OP_TERM_SWAP",N/A
math500_302,3,EQUATION_DERIVATION,OP_CONSTANT_PERTURB|OP_TERM_SWAP,"Contains verifiable math expression eligible for OP_CONSTANT_PERTURB, OP_TERM_SWAP",N/A
math500_302,4,EQUATION_DERIVATION,OP_CONSTANT_PERTURB|OP_TERM_SWAP,"Contains verifiable math expression eligible for OP_CONSTANT_PERTURB, OP_TERM_SWAP",N/A
math500_303,0,CONCEPTUAL_PROSE,NONE,N/A,Operation type CONCEPTUAL_PROSE does not contain deterministic numeric/algebraic target transition
math500_303,1,CONCEPTUAL_PROSE,NONE,N/A,Operation type CONCEPTUAL_PROSE does not contain deterministic numeric/algebraic target transition
math500_303,2,CONCEPTUAL_PROSE,NONE,N/A,Operation type CONCEPTUAL_PROSE does not contain deterministic numeric/algebraic target transition
math500_303,3,CONCEPTUAL_PROSE,NONE,N/A,Operation type CONCEPTUAL_PROSE does not contain deterministic numeric/algebraic target transition
math500_303,4,CONCEPTUAL_PROSE,NONE,N/A,Operation type CONCEPTUAL_PROSE does not contain deterministic numeric/algebraic target transition
math500_303,5,EQUATION_DERIVATION,OP_CONSTANT_PERTURB|OP_TERM_SWAP,"Contains verifiable math expression eligible for OP_CONSTANT_PERTURB, OP_TERM_SWAP",N/A
math500_303,6,EQUATION_DERIVATION,OP_TERM_SWAP,Contains verifiable math expression eligible for OP_TERM_SWAP,N/A
math500_303,7,FINAL_ANSWER,NONE,N/A,Operation type FINAL_ANSWER does not contain deterministic numeric/algebraic target transition
math500_303,8,EQUATION_DERIVATION,OP_CONSTANT_PERTURB|OP_SIGN_FLIP|OP_TERM_SWAP,"Contains verifiable math expression eligible for OP_CONSTANT_PERTURB, OP_SIGN_FLIP, OP_TERM_SWAP",N/A
math500_303,9,EQUATION_DERIVATION,OP_CONSTANT_PERTURB|OP_SIGN_FLIP|OP_TERM_SWAP,"Contains verifiable math expression eligible for OP_CONSTANT_PERTURB, OP_SIGN_FLIP, OP_TERM_SWAP",N/A
math500_304,0,CONCEPTUAL_PROSE,NONE,N/A,Operation type CONCEPTUAL_PROSE does not contain deterministic numeric/algebraic target transition
math500_304,1,EQUATION_DERIVATION,OP_CONSTANT_PERTURB|OP_SIGN_FLIP|OP_TERM_SWAP|OP_FRACTION_FLIP,"Contains verifiable math expression eligible for OP_CONSTANT_PERTURB, OP_SIGN_FLIP, OP_TERM_SWAP, OP_FRACTION_FLIP",N/A
math500_304,2,CONCEPTUAL_PROSE,NONE,N/A,Operation type CONCEPTUAL_PROSE does not contain deterministic numeric/algebraic target transition
math500_304,3,EQUATION_DERIVATION,OP_CONSTANT_PERTURB|OP_SIGN_FLIP|OP_TERM_SWAP|OP_FRACTION_FLIP,"Contains verifiable math expression eligible for OP_CONSTANT_PERTURB, OP_SIGN_FLIP, OP_TERM_SWAP, OP_FRACTION_FLIP",N/A
math500_304,4,ALGEBRAIC_SIMPLIFICATION,OP_SIGN_FLIP,Contains verifiable math expression eligible for OP_SIGN_FLIP,N/A
math500_304,5,EQUATION_DERIVATION,OP_CONSTANT_PERTURB|OP_SIGN_FLIP|OP_TERM_SWAP|OP_FRACTION_FLIP,"Contains verifiable math expression eligible for OP_CONSTANT_PERTURB, OP_SIGN_FLIP, OP_TERM_SWAP, OP_FRACTION_FLIP",N/A
math500_304,6,ALGEBRAIC_SIMPLIFICATION,OP_CONSTANT_PERTURB|OP_SIGN_FLIP|OP_FRACTION_FLIP,"Contains verifiable math expression eligible for OP_CONSTANT_PERTURB, OP_SIGN_FLIP, OP_FRACTION_FLIP",N/A
math500_304,7,FINAL_ANSWER,NONE,N/A,Operation type FINAL_ANSWER does not contain deterministic numeric/algebraic target transition
math500_305,0,FINAL_ANSWER,NONE,N/A,Operation type FINAL_ANSWER does not contain deterministic numeric/algebraic target transition
math500_306,0,CONCEPTUAL_PROSE,NONE,N/A,Operation type CONCEPTUAL_PROSE does not contain deterministic numeric/algebraic target transition
math500_306,1,EQUATION_DERIVATION,OP_TERM_SWAP,Contains verifiable math expression eligible for OP_TERM_SWAP,N/A
math500_306,2,EQUATION_DERIVATION,OP_CONSTANT_PERTURB|OP_TERM_SWAP,"Contains verifiable math expression eligible for OP_CONSTANT_PERTURB, OP_TERM_SWAP",N/A
math500_306,3,EQUATION_DERIVATION,OP_CONSTANT_PERTURB|OP_SIGN_FLIP|OP_TERM_SWAP,"Contains verifiable math expression eligible for OP_CONSTANT_PERTURB, OP_SIGN_FLIP, OP_TERM_SWAP",N/A
math500_306,4,CONCEPTUAL_PROSE,NONE,N/A,Operation type CONCEPTUAL_PROSE does not contain deterministic numeric/algebraic target transition
math500_306,5,ALGEBRAIC_SIMPLIFICATION,OP_CONSTANT_PERTURB|OP_SIGN_FLIP,"Contains verifiable math expression eligible for OP_CONSTANT_PERTURB, OP_SIGN_FLIP",N/A
math500_306,6,EQUATION_DERIVATION,OP_CONSTANT_PERTURB|OP_SIGN_FLIP|OP_TERM_SWAP,"Contains verifiable math expression eligible for OP_CONSTANT_PERTURB, OP_SIGN_FLIP, OP_TERM_SWAP",N/A
math500_306,7,EQUATION_DERIVATION,OP_CONSTANT_PERTURB|OP_SIGN_FLIP|OP_TERM_SWAP,"Contains verifiable math expression eligible for OP_CONSTANT_PERTURB, OP_SIGN_FLIP, OP_TERM_SWAP",N/A
math500_306,8,EQUATION_DERIVATION,OP_CONSTANT_PERTURB|OP_SIGN_FLIP|OP_TERM_SWAP,"Contains verifiable math expression eligible for OP_CONSTANT_PERTURB, OP_SIGN_FLIP, OP_TERM_SWAP",N/A
math500_306,9,EQUATION_DERIVATION,OP_CONSTANT_PERTURB|OP_SIGN_FLIP|OP_TERM_SWAP,"Contains verifiable math expression eligible for OP_CONSTANT_PERTURB, OP_SIGN_FLIP, OP_TERM_SWAP",N/A
math500_306,10,EQUATION_DERIVATION,OP_CONSTANT_PERTURB|OP_SIGN_FLIP|OP_TERM_SWAP,"Contains verifiable math expression eligible for OP_CONSTANT_PERTURB, OP_SIGN_FLIP, OP_TERM_SWAP",N/A
math500_306,11,EQUATION_DERIVATION,OP_CONSTANT_PERTURB|OP_SIGN_FLIP|OP_TERM_SWAP,"Contains verifiable math expression eligible for OP_CONSTANT_PERTURB, OP_SIGN_FLIP, OP_TERM_SWAP",N/A
math500_306,12,EQUATION_DERIVATION,OP_CONSTANT_PERTURB|OP_SIGN_FLIP|OP_TERM_SWAP,"Contains verifiable math expression eligible for OP_CONSTANT_PERTURB, OP_SIGN_FLIP, OP_TERM_SWAP",N/A
math500_306,13,EQUATION_DERIVATION,OP_CONSTANT_PERTURB|OP_SIGN_FLIP|OP_TERM_SWAP,"Contains verifiable math expression eligible for OP_CONSTANT_PERTURB, OP_SIGN_FLIP, OP_TERM_SWAP",N/A
math500_306,14,EQUATION_DERIVATION,OP_CONSTANT_PERTURB|OP_SIGN_FLIP|OP_TERM_SWAP,"Contains verifiable math expression eligible for OP_CONSTANT_PERTURB, OP_SIGN_FLIP, OP_TERM_SWAP",N/A
math500_306,15,EQUATION_DERIVATION,OP_CONSTANT_PERTURB|OP_SIGN_FLIP|OP_TERM_SWAP,"Contains verifiable math expression eligible for OP_CONSTANT_PERTURB, OP_SIGN_FLIP, OP_TERM_SWAP",N/A
math500_306,16,EQUATION_DERIVATION,OP_CONSTANT_PERTURB|OP_SIGN_FLIP|OP_TERM_SWAP,"Contains verifiable math expression eligible for OP_CONSTANT_PERTURB, OP_SIGN_FLIP, OP_TERM_SWAP",N/A
math500_306,17,EQUATION_DERIVATION,OP_CONSTANT_PERTURB|OP_SIGN_FLIP|OP_TERM_SWAP,"Contains verifiable math expression eligible for OP_CONSTANT_PERTURB, OP_SIGN_FLIP, OP_TERM_SWAP",N/A
math500_306,18,FINAL_ANSWER,NONE,N/A,Operation type FINAL_ANSWER does not contain deterministic numeric/algebraic target transition
math500_307,0,CONCEPTUAL_PROSE,NONE,N/A,Operation type CONCEPTUAL_PROSE does not contain deterministic numeric/algebraic target transition
math500_307,1,ALGEBRAIC_SIMPLIFICATION,OP_CONSTANT_PERTURB,Contains verifiable math expression eligible for OP_CONSTANT_PERTURB,N/A
math500_307,2,FINAL_ANSWER,NONE,N/A,Operation type FINAL_ANSWER does not contain deterministic numeric/algebraic target transition
math500_308,0,CONCEPTUAL_PROSE,NONE,N/A,Operation type CONCEPTUAL_PROSE does not contain deterministic numeric/algebraic target transition
math500_308,1,FINAL_ANSWER,NONE,N/A,Operation type FINAL_ANSWER does not contain deterministic numeric/algebraic target transition
math500_309,0,ALGEBRAIC_SIMPLIFICATION,OP_CONSTANT_PERTURB,Contains verifiable math expression eligible for OP_CONSTANT_PERTURB,N/A
math500_309,1,ALGEBRAIC_SIMPLIFICATION,OP_CONSTANT_PERTURB|OP_SIGN_FLIP,"Contains verifiable math expression eligible for OP_CONSTANT_PERTURB, OP_SIGN_FLIP",N/A
math500_309,2,CONCEPTUAL_PROSE,NONE,N/A,Operation type CONCEPTUAL_PROSE does not contain deterministic numeric/algebraic target transition
math500_309,3,FINAL_ANSWER,NONE,N/A,Operation type FINAL_ANSWER does not contain deterministic numeric/algebraic target transition
math500_309,4,CONCEPTUAL_PROSE,NONE,N/A,Operation type CONCEPTUAL_PROSE does not contain deterministic numeric/algebraic target transition
math500_309,5,CONCEPTUAL_PROSE,NONE,N/A,Operation type CONCEPTUAL_PROSE does not contain deterministic numeric/algebraic target transition
math500_310,0,FINAL_ANSWER,NONE,N/A,Operation type FINAL_ANSWER does not contain deterministic numeric/algebraic target transition
math500_312,0,FINAL_ANSWER,NONE,N/A,Operation type FINAL_ANSWER does not contain deterministic numeric/algebraic target transition
math500_313,0,CONCEPTUAL_PROSE,NONE,N/A,Operation type CONCEPTUAL_PROSE does not contain deterministic numeric/algebraic target transition
math500_313,1,CONCEPTUAL_PROSE,NONE,N/A,Operation type CONCEPTUAL_PROSE does not contain deterministic numeric/algebraic target transition
math500_313,2,CONCEPTUAL_PROSE,NONE,N/A,Operation type CONCEPTUAL_PROSE does not contain deterministic numeric/algebraic target transition
math500_313,3,FINAL_ANSWER,NONE,N/A,Operation type FINAL_ANSWER does not contain deterministic numeric/algebraic target transition
math500_314,0,FINAL_ANSWER,NONE,N/A,Operation type FINAL_ANSWER does not contain deterministic numeric/algebraic target transition
math500_315,0,EQUATION_DERIVATION,OP_CONSTANT_PERTURB|OP_TERM_SWAP,"Contains verifiable math expression eligible for OP_CONSTANT_PERTURB, OP_TERM_SWAP",N/A
math500_315,1,CONCEPTUAL_PROSE,NONE,N/A,Operation type CONCEPTUAL_PROSE does not contain deterministic numeric/algebraic target transition
math500_315,2,FINAL_ANSWER,NONE,N/A,Operation type FINAL_ANSWER does not contain deterministic numeric/algebraic target transition
math500_316,0,EQUATION_DERIVATION,OP_CONSTANT_PERTURB|OP_SIGN_FLIP|OP_TERM_SWAP,"Contains verifiable math expression eligible for OP_CONSTANT_PERTURB, OP_SIGN_FLIP, OP_TERM_SWAP",N/A
math500_316,1,FINAL_ANSWER,NONE,N/A,Operation type FINAL_ANSWER does not contain deterministic numeric/algebraic target transition
math500_317,0,CONCEPTUAL_PROSE,NONE,N/A,Operation type CONCEPTUAL_PROSE does not contain deterministic numeric/algebraic target transition
math500_317,1,EQUATION_DERIVATION,OP_CONSTANT_PERTURB|OP_TERM_SWAP,"Contains verifiable math expression eligible for OP_CONSTANT_PERTURB, OP_TERM_SWAP",N/A
math500_317,2,FINAL_ANSWER,NONE,N/A,Operation type FINAL_ANSWER does not contain deterministic numeric/algebraic target transition
math500_317,3,CONCEPTUAL_PROSE,NONE,N/A,Operation type CONCEPTUAL_PROSE does not contain deterministic numeric/algebraic target transition
math500_317,4,EQUATION_DERIVATION,OP_SIGN_FLIP|OP_TERM_SWAP|OP_FRACTION_FLIP,"Contains verifiable math expression eligible for OP_SIGN_FLIP, OP_TERM_SWAP, OP_FRACTION_FLIP",N/A
math500_317,5,CONCEPTUAL_PROSE,NONE,N/A,Operation type CONCEPTUAL_PROSE does not contain deterministic numeric/algebraic target transition
math500_318,0,CONCEPTUAL_PROSE,NONE,N/A,Operation type CONCEPTUAL_PROSE does not contain deterministic numeric/algebraic target transition
math500_318,1,CONCEPTUAL_PROSE,NONE,N/A,Operation type CONCEPTUAL_PROSE does not contain deterministic numeric/algebraic target transition
math500_318,2,EQUATION_DERIVATION,OP_CONSTANT_PERTURB|OP_SIGN_FLIP|OP_TERM_SWAP|OP_FRACTION_FLIP,"Contains verifiable math expression eligible for OP_CONSTANT_PERTURB, OP_SIGN_FLIP, OP_TERM_SWAP, OP_FRACTION_FLIP",N/A
math500_318,3,CONCEPTUAL_PROSE,NONE,N/A,Operation type CONCEPTUAL_PROSE does not contain deterministic numeric/algebraic target transition
math500_318,4,FINAL_ANSWER,NONE,N/A,Operation type FINAL_ANSWER does not contain deterministic numeric/algebraic target transition
math500_319,0,EQUATION_DERIVATION,OP_CONSTANT_PERTURB|OP_SIGN_FLIP|OP_TERM_SWAP,"Contains verifiable math expression eligible for OP_CONSTANT_PERTURB, OP_SIGN_FLIP, OP_TERM_SWAP",N/A
math500_319,1,EQUATION_DERIVATION,OP_CONSTANT_PERTURB|OP_SIGN_FLIP|OP_TERM_SWAP,"Contains verifiable math expression eligible for OP_CONSTANT_PERTURB, OP_SIGN_FLIP, OP_TERM_SWAP",N/A
math500_319,2,FINAL_ANSWER,NONE,N/A,Operation type FINAL_ANSWER does not contain deterministic numeric/algebraic target transition
math500_320,0,EQUATION_DERIVATION,OP_CONSTANT_PERTURB|OP_SIGN_FLIP|OP_TERM_SWAP,"Contains verifiable math expression eligible for OP_CONSTANT_PERTURB, OP_SIGN_FLIP, OP_TERM_SWAP",N/A
math500_320,1,EQUATION_DERIVATION,OP_CONSTANT_PERTURB|OP_SIGN_FLIP|OP_TERM_SWAP|OP_FRACTION_FLIP,"Contains verifiable math expression eligible for OP_CONSTANT_PERTURB, OP_SIGN_FLIP, OP_TERM_SWAP, OP_FRACTION_FLIP",N/A
math500_320,2,FINAL_ANSWER,NONE,N/A,Operation type FINAL_ANSWER does not contain deterministic numeric/algebraic target transition
math500_321,0,EQUATION_DERIVATION,OP_CONSTANT_PERTURB|OP_TERM_SWAP,"Contains verifiable math expression eligible for OP_CONSTANT_PERTURB, OP_TERM_SWAP",N/A
math500_321,1,FINAL_ANSWER,NONE,N/A,Operation type FINAL_ANSWER does not contain deterministic numeric/algebraic target transition
math500_322,0,EQUATION_DERIVATION,OP_CONSTANT_PERTURB|OP_SIGN_FLIP|OP_TERM_SWAP,"Contains verifiable math expression eligible for OP_CONSTANT_PERTURB, OP_SIGN_FLIP, OP_TERM_SWAP",N/A
math500_322,1,EQUATION_DERIVATION,OP_CONSTANT_PERTURB|OP_SIGN_FLIP|OP_TERM_SWAP,"Contains verifiable math expression eligible for OP_CONSTANT_PERTURB, OP_SIGN_FLIP, OP_TERM_SWAP",N/A
math500_322,2,FINAL_ANSWER,NONE,N/A,Operation type FINAL_ANSWER does not contain deterministic numeric/algebraic target transition
math500_323,0,CONCEPTUAL_PROSE,NONE,N/A,Operation type CONCEPTUAL_PROSE does not contain deterministic numeric/algebraic target transition
math500_323,1,CONCEPTUAL_PROSE,NONE,N/A,Operation type CONCEPTUAL_PROSE does not contain deterministic numeric/algebraic target transition
math500_323,2,CONCEPTUAL_PROSE,NONE,N/A,Operation type CONCEPTUAL_PROSE does not contain deterministic numeric/algebraic target transition
math500_323,3,CONCEPTUAL_PROSE,NONE,N/A,Operation type CONCEPTUAL_PROSE does not contain deterministic numeric/algebraic target transition
math500_323,4,FINAL_ANSWER,NONE,N/A,Operation type FINAL_ANSWER does not contain deterministic numeric/algebraic target transition
math500_324,0,EQUATION_DERIVATION,OP_TERM_SWAP,Contains verifiable math expression eligible for OP_TERM_SWAP,N/A
math500_324,1,EQUATION_DERIVATION,OP_CONSTANT_PERTURB|OP_TERM_SWAP|OP_FRACTION_FLIP,"Contains verifiable math expression eligible for OP_CONSTANT_PERTURB, OP_TERM_SWAP, OP_FRACTION_FLIP",N/A
math500_324,2,EQUATION_DERIVATION,OP_CONSTANT_PERTURB|OP_SIGN_FLIP|OP_TERM_SWAP|OP_FRACTION_FLIP,"Contains verifiable math expression eligible for OP_CONSTANT_PERTURB, OP_SIGN_FLIP, OP_TERM_SWAP, OP_FRACTION_FLIP",N/A
math500_324,3,ALGEBRAIC_SIMPLIFICATION,OP_CONSTANT_PERTURB|OP_FRACTION_FLIP,"Contains verifiable math expression eligible for OP_CONSTANT_PERTURB, OP_FRACTION_FLIP",N/A
math500_324,4,EQUATION_DERIVATION,OP_CONSTANT_PERTURB|OP_TERM_SWAP|OP_FRACTION_FLIP,"Contains verifiable math expression eligible for OP_CONSTANT_PERTURB, OP_TERM_SWAP, OP_FRACTION_FLIP",N/A
math500_324,5,FINAL_ANSWER,NONE,N/A,Operation type FINAL_ANSWER does not contain deterministic numeric/algebraic target transition
math500_325,0,CONCEPTUAL_PROSE,NONE,N/A,Operation type CONCEPTUAL_PROSE does not contain deterministic numeric/algebraic target transition
math500_325,1,ALGEBRAIC_SIMPLIFICATION,OP_CONSTANT_PERTURB|OP_FRACTION_FLIP,"Contains verifiable math expression eligible for OP_CONSTANT_PERTURB, OP_FRACTION_FLIP",N/A
math500_325,2,EQUATION_DERIVATION,OP_CONSTANT_PERTURB|OP_TERM_SWAP,"Contains verifiable math expression eligible for OP_CONSTANT_PERTURB, OP_TERM_SWAP",N/A
math500_325,3,EQUATION_DERIVATION,OP_CONSTANT_PERTURB|OP_TERM_SWAP|OP_FRACTION_FLIP,"Contains verifiable math expression eligible for OP_CONSTANT_PERTURB, OP_TERM_SWAP, OP_FRACTION_FLIP",N/A
math500_325,4,FINAL_ANSWER,NONE,N/A,Operation type FINAL_ANSWER does not contain deterministic numeric/algebraic target transition
math500_326,0,FINAL_ANSWER,NONE,N/A,Operation type FINAL_ANSWER does not contain deterministic numeric/algebraic target transition
math500_327,0,EQUATION_DERIVATION,OP_CONSTANT_PERTURB|OP_SIGN_FLIP|OP_TERM_SWAP,"Contains verifiable math expression eligible for OP_CONSTANT_PERTURB, OP_SIGN_FLIP, OP_TERM_SWAP",N/A
math500_327,1,ALGEBRAIC_SIMPLIFICATION,OP_CONSTANT_PERTURB|OP_SIGN_FLIP,"Contains verifiable math expression eligible for OP_CONSTANT_PERTURB, OP_SIGN_FLIP",N/A
math500_327,2,EQUATION_DERIVATION,OP_CONSTANT_PERTURB|OP_SIGN_FLIP|OP_TERM_SWAP,"Contains verifiable math expression eligible for OP_CONSTANT_PERTURB, OP_SIGN_FLIP, OP_TERM_SWAP",N/A
math500_327,3,EQUATION_DERIVATION,OP_CONSTANT_PERTURB|OP_SIGN_FLIP|OP_TERM_SWAP,"Contains verifiable math expression eligible for OP_CONSTANT_PERTURB, OP_SIGN_FLIP, OP_TERM_SWAP",N/A
math500_327,4,ALGEBRAIC_SIMPLIFICATION,OP_CONSTANT_PERTURB|OP_SIGN_FLIP,"Contains verifiable math expression eligible for OP_CONSTANT_PERTURB, OP_SIGN_FLIP",N/A
math500_327,5,EQUATION_DERIVATION,OP_CONSTANT_PERTURB|OP_SIGN_FLIP|OP_TERM_SWAP,"Contains verifiable math expression eligible for OP_CONSTANT_PERTURB, OP_SIGN_FLIP, OP_TERM_SWAP",N/A
math500_327,6,EQUATION_DERIVATION,OP_CONSTANT_PERTURB|OP_SIGN_FLIP|OP_TERM_SWAP,"Contains verifiable math expression eligible for OP_CONSTANT_PERTURB, OP_SIGN_FLIP, OP_TERM_SWAP",N/A
math500_327,7,EQUATION_DERIVATION,OP_CONSTANT_PERTURB|OP_SIGN_FLIP|OP_TERM_SWAP,"Contains verifiable math expression eligible for OP_CONSTANT_PERTURB, OP_SIGN_FLIP, OP_TERM_SWAP",N/A
math500_327,8,EQUATION_DERIVATION,OP_CONSTANT_PERTURB|OP_SIGN_FLIP|OP_TERM_SWAP,"Contains verifiable math expression eligible for OP_CONSTANT_PERTURB, OP_SIGN_FLIP, OP_TERM_SWAP",N/A
math500_327,9,FINAL_ANSWER,NONE,N/A,Operation type FINAL_ANSWER does not contain deterministic numeric/algebraic target transition
math500_328,0,ALGEBRAIC_SIMPLIFICATION,OP_SIGN_FLIP|OP_FRACTION_FLIP,"Contains verifiable math expression eligible for OP_SIGN_FLIP, OP_FRACTION_FLIP",N/A
math500_328,1,ALGEBRAIC_SIMPLIFICATION,OP_CONSTANT_PERTURB|OP_SIGN_FLIP|OP_FRACTION_FLIP,"Contains verifiable math expression eligible for OP_CONSTANT_PERTURB, OP_SIGN_FLIP, OP_FRACTION_FLIP",N/A
math500_328,2,EQUATION_DERIVATION,OP_CONSTANT_PERTURB|OP_SIGN_FLIP|OP_TERM_SWAP|OP_FRACTION_FLIP,"Contains verifiable math expression eligible for OP_CONSTANT_PERTURB, OP_SIGN_FLIP, OP_TERM_SWAP, OP_FRACTION_FLIP",N/A
math500_328,3,EQUATION_DERIVATION,OP_CONSTANT_PERTURB|OP_SIGN_FLIP|OP_TERM_SWAP|OP_FRACTION_FLIP,"Contains verifiable math expression eligible for OP_CONSTANT_PERTURB, OP_SIGN_FLIP, OP_TERM_SWAP, OP_FRACTION_FLIP",N/A
math500_328,4,ALGEBRAIC_SIMPLIFICATION,OP_CONSTANT_PERTURB|OP_SIGN_FLIP,"Contains verifiable math expression eligible for OP_CONSTANT_PERTURB, OP_SIGN_FLIP",N/A
math500_328,5,ALGEBRAIC_SIMPLIFICATION,OP_CONSTANT_PERTURB|OP_SIGN_FLIP,"Contains verifiable math expression eligible for OP_CONSTANT_PERTURB, OP_SIGN_FLIP",N/A
math500_328,6,FINAL_ANSWER,NONE,N/A,Operation type FINAL_ANSWER does not contain deterministic numeric/algebraic target transition
math500_329,0,EQUATION_DERIVATION,OP_CONSTANT_PERTURB|OP_TERM_SWAP,"Contains verifiable math expression eligible for OP_CONSTANT_PERTURB, OP_TERM_SWAP",N/A
math500_329,1,FINAL_ANSWER,NONE,N/A,Operation type FINAL_ANSWER does not contain deterministic numeric/algebraic target transition
math500_330,0,EQUATION_DERIVATION,OP_CONSTANT_PERTURB|OP_TERM_SWAP,"Contains verifiable math expression eligible for OP_CONSTANT_PERTURB, OP_TERM_SWAP",N/A
math500_330,1,CONCEPTUAL_PROSE,NONE,N/A,Operation type CONCEPTUAL_PROSE does not contain deterministic numeric/algebraic target transition
math500_330,2,EQUATION_DERIVATION,OP_CONSTANT_PERTURB|OP_TERM_SWAP,"Contains verifiable math expression eligible for OP_CONSTANT_PERTURB, OP_TERM_SWAP",N/A
math500_330,3,FINAL_ANSWER,NONE,N/A,Operation type FINAL_ANSWER does not contain deterministic numeric/algebraic target transition
math500_331,0,EQUATION_DERIVATION,OP_CONSTANT_PERTURB|OP_SIGN_FLIP|OP_TERM_SWAP|OP_FRACTION_FLIP,"Contains verifiable math expression eligible for OP_CONSTANT_PERTURB, OP_SIGN_FLIP, OP_TERM_SWAP, OP_FRACTION_FLIP",N/A
math500_331,1,EQUATION_DERIVATION,OP_CONSTANT_PERTURB|OP_TERM_SWAP,"Contains verifiable math expression eligible for OP_CONSTANT_PERTURB, OP_TERM_SWAP",N/A
math500_331,2,FINAL_ANSWER,NONE,N/A,Operation type FINAL_ANSWER does not contain deterministic numeric/algebraic target transition
math500_332,0,ALGEBRAIC_SIMPLIFICATION,OP_SIGN_FLIP,Contains verifiable math expression eligible for OP_SIGN_FLIP,N/A
math500_332,1,EQUATION_DERIVATION,OP_CONSTANT_PERTURB|OP_SIGN_FLIP|OP_TERM_SWAP,"Contains verifiable math expression eligible for OP_CONSTANT_PERTURB, OP_SIGN_FLIP, OP_TERM_SWAP",N/A
math500_332,2,FINAL_ANSWER,NONE,N/A,Operation type FINAL_ANSWER does not contain deterministic numeric/algebraic target transition
math500_333,0,CONCEPTUAL_PROSE,NONE,N/A,Operation type CONCEPTUAL_PROSE does not contain deterministic numeric/algebraic target transition
math500_333,1,EQUATION_DERIVATION,OP_CONSTANT_PERTURB|OP_SIGN_FLIP|OP_TERM_SWAP,"Contains verifiable math expression eligible for OP_CONSTANT_PERTURB, OP_SIGN_FLIP, OP_TERM_SWAP",N/A
math500_333,2,CONCEPTUAL_PROSE,NONE,N/A,Operation type CONCEPTUAL_PROSE does not contain deterministic numeric/algebraic target transition
math500_333,3,EQUATION_DERIVATION,OP_CONSTANT_PERTURB|OP_SIGN_FLIP|OP_TERM_SWAP,"Contains verifiable math expression eligible for OP_CONSTANT_PERTURB, OP_SIGN_FLIP, OP_TERM_SWAP",N/A
math500_333,4,EQUATION_DERIVATION,OP_CONSTANT_PERTURB|OP_SIGN_FLIP|OP_TERM_SWAP,"Contains verifiable math expression eligible for OP_CONSTANT_PERTURB, OP_SIGN_FLIP, OP_TERM_SWAP",N/A
math500_333,5,CONCEPTUAL_PROSE,NONE,N/A,Operation type CONCEPTUAL_PROSE does not contain deterministic numeric/algebraic target transition
math500_333,6,EQUATION_DERIVATION,OP_CONSTANT_PERTURB|OP_SIGN_FLIP|OP_TERM_SWAP,"Contains verifiable math expression eligible for OP_CONSTANT_PERTURB, OP_SIGN_FLIP, OP_TERM_SWAP",N/A
math500_333,7,EQUATION_DERIVATION,OP_CONSTANT_PERTURB|OP_SIGN_FLIP|OP_TERM_SWAP|OP_FRACTION_FLIP,"Contains verifiable math expression eligible for OP_CONSTANT_PERTURB, OP_SIGN_FLIP, OP_TERM_SWAP, OP_FRACTION_FLIP",N/A
math500_333,8,CONCEPTUAL_PROSE,NONE,N/A,Operation type CONCEPTUAL_PROSE does not contain deterministic numeric/algebraic target transition
math500_333,9,ALGEBRAIC_SIMPLIFICATION,OP_CONSTANT_PERTURB|OP_SIGN_FLIP|OP_FRACTION_FLIP,"Contains verifiable math expression eligible for OP_CONSTANT_PERTURB, OP_SIGN_FLIP, OP_FRACTION_FLIP",N/A
math500_333,10,CONCEPTUAL_PROSE,NONE,N/A,Operation type CONCEPTUAL_PROSE does not contain deterministic numeric/algebraic target transition
math500_333,11,EQUATION_DERIVATION,OP_CONSTANT_PERTURB|OP_SIGN_FLIP|OP_TERM_SWAP|OP_FRACTION_FLIP,"Contains verifiable math expression eligible for OP_CONSTANT_PERTURB, OP_SIGN_FLIP, OP_TERM_SWAP, OP_FRACTION_FLIP",N/A
math500_333,12,CONCEPTUAL_PROSE,NONE,N/A,Operation type CONCEPTUAL_PROSE does not contain deterministic numeric/algebraic target transition
math500_333,13,EQUATION_DERIVATION,OP_CONSTANT_PERTURB|OP_SIGN_FLIP|OP_TERM_SWAP,"Contains verifiable math expression eligible for OP_CONSTANT_PERTURB, OP_SIGN_FLIP, OP_TERM_SWAP",N/A
math500_333,14,EQUATION_DERIVATION,OP_CONSTANT_PERTURB|OP_TERM_SWAP,"Contains verifiable math expression eligible for OP_CONSTANT_PERTURB, OP_TERM_SWAP",N/A
math500_333,15,EQUATION_DERIVATION,OP_CONSTANT_PERTURB|OP_SIGN_FLIP|OP_TERM_SWAP,"Contains verifiable math expression eligible for OP_CONSTANT_PERTURB, OP_SIGN_FLIP, OP_TERM_SWAP",N/A
math500_333,16,FINAL_ANSWER,NONE,N/A,Operation type FINAL_ANSWER does not contain deterministic numeric/algebraic target transition
math500_334,0,EQUATION_DERIVATION,OP_CONSTANT_PERTURB|OP_SIGN_FLIP|OP_TERM_SWAP,"Contains verifiable math expression eligible for OP_CONSTANT_PERTURB, OP_SIGN_FLIP, OP_TERM_SWAP",N/A
math500_334,1,EQUATION_DERIVATION,OP_CONSTANT_PERTURB|OP_TERM_SWAP,"Contains verifiable math expression eligible for OP_CONSTANT_PERTURB, OP_TERM_SWAP",N/A
math500_334,2,EQUATION_DERIVATION,OP_CONSTANT_PERTURB|OP_TERM_SWAP,"Contains verifiable math expression eligible for OP_CONSTANT_PERTURB, OP_TERM_SWAP",N/A
math500_334,3,EQUATION_DERIVATION,OP_CONSTANT_PERTURB|OP_SIGN_FLIP|OP_TERM_SWAP,"Contains verifiable math expression eligible for OP_CONSTANT_PERTURB, OP_SIGN_FLIP, OP_TERM_SWAP",N/A
math500_334,4,FINAL_ANSWER,NONE,N/A,Operation type FINAL_ANSWER does not contain deterministic numeric/algebraic target transition
math500_335,0,ALGEBRAIC_SIMPLIFICATION,OP_CONSTANT_PERTURB,Contains verifiable math expression eligible for OP_CONSTANT_PERTURB,N/A
math500_335,1,FINAL_ANSWER,NONE,N/A,Operation type FINAL_ANSWER does not contain deterministic numeric/algebraic target transition
math500_337,0,ALGEBRAIC_SIMPLIFICATION,OP_CONSTANT_PERTURB|OP_SIGN_FLIP,"Contains verifiable math expression eligible for OP_CONSTANT_PERTURB, OP_SIGN_FLIP",N/A
math500_337,1,EQUATION_DERIVATION,OP_CONSTANT_PERTURB|OP_SIGN_FLIP|OP_TERM_SWAP,"Contains verifiable math expression eligible for OP_CONSTANT_PERTURB, OP_SIGN_FLIP, OP_TERM_SWAP",N/A
math500_337,2,EQUATION_DERIVATION,OP_CONSTANT_PERTURB|OP_TERM_SWAP,"Contains verifiable math expression eligible for OP_CONSTANT_PERTURB, OP_TERM_SWAP",N/A
math500_337,3,FINAL_ANSWER,NONE,N/A,Operation type FINAL_ANSWER does not contain deterministic numeric/algebraic target transition
math500_338,0,ALGEBRAIC_SIMPLIFICATION,OP_CONSTANT_PERTURB,Contains verifiable math expression eligible for OP_CONSTANT_PERTURB,N/A
math500_338,1,EQUATION_DERIVATION,OP_CONSTANT_PERTURB|OP_SIGN_FLIP|OP_TERM_SWAP,"Contains verifiable math expression eligible for OP_CONSTANT_PERTURB, OP_SIGN_FLIP, OP_TERM_SWAP",N/A
math500_338,2,EQUATION_DERIVATION,OP_CONSTANT_PERTURB|OP_SIGN_FLIP|OP_TERM_SWAP,"Contains verifiable math expression eligible for OP_CONSTANT_PERTURB, OP_SIGN_FLIP, OP_TERM_SWAP",N/A
math500_338,3,FINAL_ANSWER,NONE,N/A,Operation type FINAL_ANSWER does not contain deterministic numeric/algebraic target transition
math500_339,0,CONCEPTUAL_PROSE,NONE,N/A,Operation type CONCEPTUAL_PROSE does not contain deterministic numeric/algebraic target transition
math500_339,1,EQUATION_DERIVATION,OP_CONSTANT_PERTURB|OP_SIGN_FLIP|OP_TERM_SWAP,"Contains verifiable math expression eligible for OP_CONSTANT_PERTURB, OP_SIGN_FLIP, OP_TERM_SWAP",N/A
math500_339,2,CONCEPTUAL_PROSE,NONE,N/A,Operation type CONCEPTUAL_PROSE does not contain deterministic numeric/algebraic target transition
math500_339,3,EQUATION_DERIVATION,OP_CONSTANT_PERTURB|OP_SIGN_FLIP|OP_TERM_SWAP,"Contains verifiable math expression eligible for OP_CONSTANT_PERTURB, OP_SIGN_FLIP, OP_TERM_SWAP",N/A
math500_339,4,CONCEPTUAL_PROSE,NONE,N/A,Operation type CONCEPTUAL_PROSE does not contain deterministic numeric/algebraic target transition
math500_339,5,EQUATION_DERIVATION,OP_CONSTANT_PERTURB|OP_SIGN_FLIP|OP_TERM_SWAP,"Contains verifiable math expression eligible for OP_CONSTANT_PERTURB, OP_SIGN_FLIP, OP_TERM_SWAP",N/A
math500_339,6,FINAL_ANSWER,NONE,N/A,Operation type FINAL_ANSWER does not contain deterministic numeric/algebraic target transition
math500_340,0,FINAL_ANSWER,NONE,N/A,Operation type FINAL_ANSWER does not contain deterministic numeric/algebraic target transition
math500_340,1,CONCEPTUAL_PROSE,NONE,N/A,Operation type CONCEPTUAL_PROSE does not contain deterministic numeric/algebraic target transition
math500_340,2,CONCEPTUAL_PROSE,NONE,N/A,Operation type CONCEPTUAL_PROSE does not contain deterministic numeric/algebraic target transition
math500_340,3,EQUATION_DERIVATION,OP_CONSTANT_PERTURB|OP_SIGN_FLIP|OP_TERM_SWAP,"Contains verifiable math expression eligible for OP_CONSTANT_PERTURB, OP_SIGN_FLIP, OP_TERM_SWAP",N/A
math500_340,4,ALGEBRAIC_SIMPLIFICATION,OP_CONSTANT_PERTURB|OP_SIGN_FLIP,"Contains verifiable math expression eligible for OP_CONSTANT_PERTURB, OP_SIGN_FLIP",N/A
math500_340,5,ALGEBRAIC_SIMPLIFICATION,OP_CONSTANT_PERTURB|OP_SIGN_FLIP,"Contains verifiable math expression eligible for OP_CONSTANT_PERTURB, OP_SIGN_FLIP",N/A
math500_341,0,EQUATION_DERIVATION,OP_CONSTANT_PERTURB|OP_SIGN_FLIP|OP_TERM_SWAP|OP_FRACTION_FLIP,"Contains verifiable math expression eligible for OP_CONSTANT_PERTURB, OP_SIGN_FLIP, OP_TERM_SWAP, OP_FRACTION_FLIP",N/A
math500_341,1,EQUATION_DERIVATION,OP_CONSTANT_PERTURB|OP_SIGN_FLIP|OP_TERM_SWAP,"Contains verifiable math expression eligible for OP_CONSTANT_PERTURB, OP_SIGN_FLIP, OP_TERM_SWAP",N/A
math500_341,2,EQUATION_DERIVATION,OP_CONSTANT_PERTURB|OP_SIGN_FLIP|OP_TERM_SWAP,"Contains verifiable math expression eligible for OP_CONSTANT_PERTURB, OP_SIGN_FLIP, OP_TERM_SWAP",N/A
math500_341,3,EQUATION_DERIVATION,OP_CONSTANT_PERTURB|OP_SIGN_FLIP|OP_TERM_SWAP|OP_FRACTION_FLIP,"Contains verifiable math expression eligible for OP_CONSTANT_PERTURB, OP_SIGN_FLIP, OP_TERM_SWAP, OP_FRACTION_FLIP",N/A
math500_341,4,FINAL_ANSWER,NONE,N/A,Operation type FINAL_ANSWER does not contain deterministic numeric/algebraic target transition
math500_342,0,ALGEBRAIC_SIMPLIFICATION,OP_CONSTANT_PERTURB|OP_FRACTION_FLIP,"Contains verifiable math expression eligible for OP_CONSTANT_PERTURB, OP_FRACTION_FLIP",N/A
math500_342,1,FINAL_ANSWER,NONE,N/A,Operation type FINAL_ANSWER does not contain deterministic numeric/algebraic target transition
math500_343,0,CONCEPTUAL_PROSE,NONE,N/A,Operation type CONCEPTUAL_PROSE does not contain deterministic numeric/algebraic target transition
math500_343,1,CONCEPTUAL_PROSE,NONE,N/A,Operation type CONCEPTUAL_PROSE does not contain deterministic numeric/algebraic target transition
math500_343,2,FINAL_ANSWER,NONE,N/A,Operation type FINAL_ANSWER does not contain deterministic numeric/algebraic target transition
math500_344,0,EQUATION_DERIVATION,OP_TERM_SWAP,Contains verifiable math expression eligible for OP_TERM_SWAP,N/A
math500_344,1,EQUATION_DERIVATION,OP_CONSTANT_PERTURB|OP_SIGN_FLIP|OP_TERM_SWAP,"Contains verifiable math expression eligible for OP_CONSTANT_PERTURB, OP_SIGN_FLIP, OP_TERM_SWAP",N/A
math500_344,2,FINAL_ANSWER,NONE,N/A,Operation type FINAL_ANSWER does not contain deterministic numeric/algebraic target transition
math500_345,0,FINAL_ANSWER,NONE,N/A,Operation type FINAL_ANSWER does not contain deterministic numeric/algebraic target transition
math500_346,0,EQUATION_DERIVATION,OP_CONSTANT_PERTURB|OP_SIGN_FLIP|OP_TERM_SWAP,"Contains verifiable math expression eligible for OP_CONSTANT_PERTURB, OP_SIGN_FLIP, OP_TERM_SWAP",N/A
math500_346,1,EQUATION_DERIVATION,OP_CONSTANT_PERTURB|OP_SIGN_FLIP|OP_TERM_SWAP,"Contains verifiable math expression eligible for OP_CONSTANT_PERTURB, OP_SIGN_FLIP, OP_TERM_SWAP",N/A
math500_346,2,EQUATION_DERIVATION,OP_CONSTANT_PERTURB|OP_SIGN_FLIP|OP_TERM_SWAP,"Contains verifiable math expression eligible for OP_CONSTANT_PERTURB, OP_SIGN_FLIP, OP_TERM_SWAP",N/A
math500_346,3,FINAL_ANSWER,NONE,N/A,Operation type FINAL_ANSWER does not contain deterministic numeric/algebraic target transition
math500_347,0,FINAL_ANSWER,NONE,N/A,Operation type FINAL_ANSWER does not contain deterministic numeric/algebraic target transition
math500_349,0,CONCEPTUAL_PROSE,NONE,N/A,Operation type CONCEPTUAL_PROSE does not contain deterministic numeric/algebraic target transition
math500_349,1,FINAL_ANSWER,NONE,N/A,Operation type FINAL_ANSWER does not contain deterministic numeric/algebraic target transition
math500_350,0,ALGEBRAIC_SIMPLIFICATION,OP_CONSTANT_PERTURB,Contains verifiable math expression eligible for OP_CONSTANT_PERTURB,N/A
math500_350,1,EQUATION_DERIVATION,OP_CONSTANT_PERTURB|OP_TERM_SWAP,"Contains verifiable math expression eligible for OP_CONSTANT_PERTURB, OP_TERM_SWAP",N/A
math500_350,2,FINAL_ANSWER,NONE,N/A,Operation type FINAL_ANSWER does not contain deterministic numeric/algebraic target transition
math500_351,0,FINAL_ANSWER,NONE,N/A,Operation type FINAL_ANSWER does not contain deterministic numeric/algebraic target transition
math500_352,0,EQUATION_DERIVATION,OP_CONSTANT_PERTURB|OP_SIGN_FLIP|OP_TERM_SWAP,"Contains verifiable math expression eligible for OP_CONSTANT_PERTURB, OP_SIGN_FLIP, OP_TERM_SWAP",N/A
math500_352,1,CONCEPTUAL_PROSE,NONE,N/A,Operation type CONCEPTUAL_PROSE does not contain deterministic numeric/algebraic target transition
math500_352,2,EQUATION_DERIVATION,OP_CONSTANT_PERTURB|OP_TERM_SWAP|OP_FRACTION_FLIP,"Contains verifiable math expression eligible for OP_CONSTANT_PERTURB, OP_TERM_SWAP, OP_FRACTION_FLIP",N/A
math500_352,3,CONCEPTUAL_PROSE,NONE,N/A,Operation type CONCEPTUAL_PROSE does not contain deterministic numeric/algebraic target transition
math500_352,4,EQUATION_DERIVATION,OP_CONSTANT_PERTURB|OP_TERM_SWAP|OP_FRACTION_FLIP,"Contains verifiable math expression eligible for OP_CONSTANT_PERTURB, OP_TERM_SWAP, OP_FRACTION_FLIP",N/A
math500_352,5,EQUATION_DERIVATION,OP_CONSTANT_PERTURB|OP_TERM_SWAP|OP_FRACTION_FLIP,"Contains verifiable math expression eligible for OP_CONSTANT_PERTURB, OP_TERM_SWAP, OP_FRACTION_FLIP",N/A
math500_352,6,CONCEPTUAL_PROSE,NONE,N/A,Operation type CONCEPTUAL_PROSE does not contain deterministic numeric/algebraic target transition
math500_352,7,EQUATION_DERIVATION,OP_CONSTANT_PERTURB|OP_TERM_SWAP|OP_FRACTION_FLIP,"Contains verifiable math expression eligible for OP_CONSTANT_PERTURB, OP_TERM_SWAP, OP_FRACTION_FLIP",N/A
math500_352,8,EQUATION_DERIVATION,OP_CONSTANT_PERTURB|OP_SIGN_FLIP|OP_TERM_SWAP,"Contains verifiable math expression eligible for OP_CONSTANT_PERTURB, OP_SIGN_FLIP, OP_TERM_SWAP",N/A
math500_352,9,EQUATION_DERIVATION,OP_CONSTANT_PERTURB|OP_SIGN_FLIP|OP_TERM_SWAP,"Contains verifiable math expression eligible for OP_CONSTANT_PERTURB, OP_SIGN_FLIP, OP_TERM_SWAP",N/A
math500_352,10,CONCEPTUAL_PROSE,NONE,N/A,Operation type CONCEPTUAL_PROSE does not contain deterministic numeric/algebraic target transition
math500_352,11,EQUATION_DERIVATION,OP_CONSTANT_PERTURB|OP_SIGN_FLIP|OP_TERM_SWAP|OP_FRACTION_FLIP,"Contains verifiable math expression eligible for OP_CONSTANT_PERTURB, OP_SIGN_FLIP, OP_TERM_SWAP, OP_FRACTION_FLIP",N/A
math500_352,12,EQUATION_DERIVATION,OP_CONSTANT_PERTURB|OP_TERM_SWAP|OP_FRACTION_FLIP,"Contains verifiable math expression eligible for OP_CONSTANT_PERTURB, OP_TERM_SWAP, OP_FRACTION_FLIP",N/A
math500_352,13,FINAL_ANSWER,NONE,N/A,Operation type FINAL_ANSWER does not contain deterministic numeric/algebraic target transition
math500_353,0,ALGEBRAIC_SIMPLIFICATION,OP_SIGN_FLIP,Contains verifiable math expression eligible for OP_SIGN_FLIP,N/A
math500_353,1,CONCEPTUAL_PROSE,NONE,N/A,Operation type CONCEPTUAL_PROSE does not contain deterministic numeric/algebraic target transition
math500_353,2,ALGEBRAIC_SIMPLIFICATION,OP_SIGN_FLIP,Contains verifiable math expression eligible for OP_SIGN_FLIP,N/A
math500_353,3,ALGEBRAIC_SIMPLIFICATION,OP_CONSTANT_PERTURB|OP_SIGN_FLIP,"Contains verifiable math expression eligible for OP_CONSTANT_PERTURB, OP_SIGN_FLIP",N/A
math500_353,4,CONCEPTUAL_PROSE,NONE,N/A,Operation type CONCEPTUAL_PROSE does not contain deterministic numeric/algebraic target transition
math500_353,5,FINAL_ANSWER,NONE,N/A,Operation type FINAL_ANSWER does not contain deterministic numeric/algebraic target transition
math500_354,0,CONCEPTUAL_PROSE,NONE,N/A,Operation type CONCEPTUAL_PROSE does not contain deterministic numeric/algebraic target transition
math500_354,1,FINAL_ANSWER,NONE,N/A,Operation type FINAL_ANSWER does not contain deterministic numeric/algebraic target transition
math500_355,0,ALGEBRAIC_SIMPLIFICATION,OP_SIGN_FLIP,Contains verifiable math expression eligible for OP_SIGN_FLIP,N/A
math500_355,1,ALGEBRAIC_SIMPLIFICATION,OP_CONSTANT_PERTURB|OP_SIGN_FLIP,"Contains verifiable math expression eligible for OP_CONSTANT_PERTURB, OP_SIGN_FLIP",N/A
math500_355,2,ALGEBRAIC_SIMPLIFICATION,OP_CONSTANT_PERTURB|OP_SIGN_FLIP,"Contains verifiable math expression eligible for OP_CONSTANT_PERTURB, OP_SIGN_FLIP",N/A
math500_355,3,ALGEBRAIC_SIMPLIFICATION,OP_SIGN_FLIP,Contains verifiable math expression eligible for OP_SIGN_FLIP,N/A
math500_355,4,ALGEBRAIC_SIMPLIFICATION,OP_CONSTANT_PERTURB|OP_SIGN_FLIP,"Contains verifiable math expression eligible for OP_CONSTANT_PERTURB, OP_SIGN_FLIP",N/A
math500_355,5,ALGEBRAIC_SIMPLIFICATION,OP_CONSTANT_PERTURB|OP_SIGN_FLIP,"Contains verifiable math expression eligible for OP_CONSTANT_PERTURB, OP_SIGN_FLIP",N/A
math500_355,6,FINAL_ANSWER,NONE,N/A,Operation type FINAL_ANSWER does not contain deterministic numeric/algebraic target transition
math500_356,0,EQUATION_DERIVATION,OP_CONSTANT_PERTURB|OP_TERM_SWAP,"Contains verifiable math expression eligible for OP_CONSTANT_PERTURB, OP_TERM_SWAP",N/A
math500_356,1,ALGEBRAIC_SIMPLIFICATION,OP_CONSTANT_PERTURB|OP_SIGN_FLIP,"Contains verifiable math expression eligible for OP_CONSTANT_PERTURB, OP_SIGN_FLIP",N/A
math500_356,2,EQUATION_DERIVATION,OP_CONSTANT_PERTURB|OP_SIGN_FLIP|OP_TERM_SWAP,"Contains verifiable math expression eligible for OP_CONSTANT_PERTURB, OP_SIGN_FLIP, OP_TERM_SWAP",N/A
math500_356,3,ALGEBRAIC_SIMPLIFICATION,OP_CONSTANT_PERTURB|OP_SIGN_FLIP,"Contains verifiable math expression eligible for OP_CONSTANT_PERTURB, OP_SIGN_FLIP",N/A
math500_356,4,FINAL_ANSWER,NONE,N/A,Operation type FINAL_ANSWER does not contain deterministic numeric/algebraic target transition
math500_357,0,EQUATION_DERIVATION,OP_CONSTANT_PERTURB|OP_TERM_SWAP,"Contains verifiable math expression eligible for OP_CONSTANT_PERTURB, OP_TERM_SWAP",N/A
math500_357,1,CONCEPTUAL_PROSE,NONE,N/A,Operation type CONCEPTUAL_PROSE does not contain deterministic numeric/algebraic target transition
math500_357,2,FINAL_ANSWER,NONE,N/A,Operation type FINAL_ANSWER does not contain deterministic numeric/algebraic target transition
math500_358,0,ALGEBRAIC_SIMPLIFICATION,OP_FRACTION_FLIP,Contains verifiable math expression eligible for OP_FRACTION_FLIP,N/A
math500_358,1,FINAL_ANSWER,NONE,N/A,Operation type FINAL_ANSWER does not contain deterministic numeric/algebraic target transition
math500_358,2,CONCEPTUAL_PROSE,NONE,N/A,Operation type CONCEPTUAL_PROSE does not contain deterministic numeric/algebraic target transition
math500_358,3,EQUATION_DERIVATION,OP_CONSTANT_PERTURB|OP_SIGN_FLIP|OP_TERM_SWAP|OP_FRACTION_FLIP,"Contains verifiable math expression eligible for OP_CONSTANT_PERTURB, OP_SIGN_FLIP, OP_TERM_SWAP, OP_FRACTION_FLIP",N/A
math500_358,4,CONCEPTUAL_PROSE,NONE,N/A,Operation type CONCEPTUAL_PROSE does not contain deterministic numeric/algebraic target transition
math500_358,5,EQUATION_DERIVATION,OP_CONSTANT_PERTURB|OP_SIGN_FLIP|OP_TERM_SWAP|OP_FRACTION_FLIP,"Contains verifiable math expression eligible for OP_CONSTANT_PERTURB, OP_SIGN_FLIP, OP_TERM_SWAP, OP_FRACTION_FLIP",N/A
math500_358,6,CONCEPTUAL_PROSE,NONE,N/A,Operation type CONCEPTUAL_PROSE does not contain deterministic numeric/algebraic target transition
math500_359,0,FINAL_ANSWER,NONE,N/A,Operation type FINAL_ANSWER does not contain deterministic numeric/algebraic target transition
math500_360,0,ALGEBRAIC_SIMPLIFICATION,OP_CONSTANT_PERTURB|OP_SIGN_FLIP,"Contains verifiable math expression eligible for OP_CONSTANT_PERTURB, OP_SIGN_FLIP",N/A
math500_360,1,EQUATION_DERIVATION,OP_CONSTANT_PERTURB|OP_SIGN_FLIP|OP_TERM_SWAP,"Contains verifiable math expression eligible for OP_CONSTANT_PERTURB, OP_SIGN_FLIP, OP_TERM_SWAP",N/A
math500_360,2,ALGEBRAIC_SIMPLIFICATION,OP_CONSTANT_PERTURB|OP_SIGN_FLIP|OP_FRACTION_FLIP,"Contains verifiable math expression eligible for OP_CONSTANT_PERTURB, OP_SIGN_FLIP, OP_FRACTION_FLIP",N/A
math500_360,3,EQUATION_DERIVATION,OP_CONSTANT_PERTURB|OP_SIGN_FLIP|OP_TERM_SWAP|OP_FRACTION_FLIP,"Contains verifiable math expression eligible for OP_CONSTANT_PERTURB, OP_SIGN_FLIP, OP_TERM_SWAP, OP_FRACTION_FLIP",N/A
math500_360,4,FINAL_ANSWER,NONE,N/A,Operation type FINAL_ANSWER does not contain deterministic numeric/algebraic target transition
math500_361,0,CONCEPTUAL_PROSE,NONE,N/A,Operation type CONCEPTUAL_PROSE does not contain deterministic numeric/algebraic target transition
math500_361,1,EQUATION_DERIVATION,OP_CONSTANT_PERTURB|OP_TERM_SWAP|OP_FRACTION_FLIP,"Contains verifiable math expression eligible for OP_CONSTANT_PERTURB, OP_TERM_SWAP, OP_FRACTION_FLIP",N/A
math500_361,2,EQUATION_DERIVATION,OP_CONSTANT_PERTURB|OP_SIGN_FLIP|OP_TERM_SWAP|OP_FRACTION_FLIP,"Contains verifiable math expression eligible for OP_CONSTANT_PERTURB, OP_SIGN_FLIP, OP_TERM_SWAP, OP_FRACTION_FLIP",N/A
math500_361,3,CONCEPTUAL_PROSE,NONE,N/A,Operation type CONCEPTUAL_PROSE does not contain deterministic numeric/algebraic target transition
math500_361,4,ALGEBRAIC_SIMPLIFICATION,OP_CONSTANT_PERTURB,Contains verifiable math expression eligible for OP_CONSTANT_PERTURB,N/A
math500_361,5,CONCEPTUAL_PROSE,NONE,N/A,Operation type CONCEPTUAL_PROSE does not contain deterministic numeric/algebraic target transition
math500_361,6,EQUATION_DERIVATION,OP_CONSTANT_PERTURB|OP_SIGN_FLIP|OP_TERM_SWAP,"Contains verifiable math expression eligible for OP_CONSTANT_PERTURB, OP_SIGN_FLIP, OP_TERM_SWAP",N/A
math500_361,7,ALGEBRAIC_SIMPLIFICATION,OP_CONSTANT_PERTURB|OP_SIGN_FLIP,"Contains verifiable math expression eligible for OP_CONSTANT_PERTURB, OP_SIGN_FLIP",N/A
math500_361,8,EQUATION_DERIVATION,OP_CONSTANT_PERTURB|OP_SIGN_FLIP|OP_TERM_SWAP|OP_FRACTION_FLIP,"Contains verifiable math expression eligible for OP_CONSTANT_PERTURB, OP_SIGN_FLIP, OP_TERM_SWAP, OP_FRACTION_FLIP",N/A
math500_361,9,EQUATION_DERIVATION,OP_CONSTANT_PERTURB|OP_SIGN_FLIP|OP_TERM_SWAP,"Contains verifiable math expression eligible for OP_CONSTANT_PERTURB, OP_SIGN_FLIP, OP_TERM_SWAP",N/A
math500_361,10,EQUATION_DERIVATION,OP_CONSTANT_PERTURB|OP_SIGN_FLIP|OP_TERM_SWAP|OP_FRACTION_FLIP,"Contains verifiable math expression eligible for OP_CONSTANT_PERTURB, OP_SIGN_FLIP, OP_TERM_SWAP, OP_FRACTION_FLIP",N/A
math500_361,11,EQUATION_DERIVATION,OP_CONSTANT_PERTURB|OP_SIGN_FLIP|OP_TERM_SWAP|OP_FRACTION_FLIP,"Contains verifiable math expression eligible for OP_CONSTANT_PERTURB, OP_SIGN_FLIP, OP_TERM_SWAP, OP_FRACTION_FLIP",N/A
math500_361,12,FINAL_ANSWER,NONE,N/A,Operation type FINAL_ANSWER does not contain deterministic numeric/algebraic target transition
math500_362,0,ALGEBRAIC_SIMPLIFICATION,OP_FRACTION_FLIP,Contains verifiable math expression eligible for OP_FRACTION_FLIP,N/A
math500_362,1,ALGEBRAIC_SIMPLIFICATION,OP_FRACTION_FLIP,Contains verifiable math expression eligible for OP_FRACTION_FLIP,N/A
math500_362,2,FINAL_ANSWER,NONE,N/A,Operation type FINAL_ANSWER does not contain deterministic numeric/algebraic target transition
math500_363,0,CONCEPTUAL_PROSE,NONE,N/A,Operation type CONCEPTUAL_PROSE does not contain deterministic numeric/algebraic target transition
math500_363,1,EQUATION_DERIVATION,OP_CONSTANT_PERTURB|OP_SIGN_FLIP|OP_TERM_SWAP,"Contains verifiable math expression eligible for OP_CONSTANT_PERTURB, OP_SIGN_FLIP, OP_TERM_SWAP",N/A
math500_363,2,EQUATION_DERIVATION,OP_CONSTANT_PERTURB|OP_TERM_SWAP,"Contains verifiable math expression eligible for OP_CONSTANT_PERTURB, OP_TERM_SWAP",N/A
math500_363,3,FINAL_ANSWER,NONE,N/A,Operation type FINAL_ANSWER does not contain deterministic numeric/algebraic target transition
math500_364,0,CONCEPTUAL_PROSE,NONE,N/A,Operation type CONCEPTUAL_PROSE does not contain deterministic numeric/algebraic target transition
math500_364,1,EQUATION_DERIVATION,OP_CONSTANT_PERTURB|OP_SIGN_FLIP|OP_TERM_SWAP,"Contains verifiable math expression eligible for OP_CONSTANT_PERTURB, OP_SIGN_FLIP, OP_TERM_SWAP",N/A
math500_364,2,FINAL_ANSWER,NONE,N/A,Operation type FINAL_ANSWER does not contain deterministic numeric/algebraic target transition
math500_365,0,ALGEBRAIC_SIMPLIFICATION,OP_CONSTANT_PERTURB,Contains verifiable math expression eligible for OP_CONSTANT_PERTURB,N/A
math500_365,1,EQUATION_DERIVATION,OP_CONSTANT_PERTURB|OP_TERM_SWAP,"Contains verifiable math expression eligible for OP_CONSTANT_PERTURB, OP_TERM_SWAP",N/A
math500_365,2,CONCEPTUAL_PROSE,NONE,N/A,Operation type CONCEPTUAL_PROSE does not contain deterministic numeric/algebraic target transition
math500_365,3,EQUATION_DERIVATION,OP_CONSTANT_PERTURB|OP_TERM_SWAP,"Contains verifiable math expression eligible for OP_CONSTANT_PERTURB, OP_TERM_SWAP",N/A
math500_365,4,CONCEPTUAL_PROSE,NONE,N/A,Operation type CONCEPTUAL_PROSE does not contain deterministic numeric/algebraic target transition
math500_365,5,CONCEPTUAL_PROSE,NONE,N/A,Operation type CONCEPTUAL_PROSE does not contain deterministic numeric/algebraic target transition
math500_365,6,FINAL_ANSWER,NONE,N/A,Operation type FINAL_ANSWER does not contain deterministic numeric/algebraic target transition
math500_366,0,CONCEPTUAL_PROSE,NONE,N/A,Operation type CONCEPTUAL_PROSE does not contain deterministic numeric/algebraic target transition
math500_366,1,ALGEBRAIC_SIMPLIFICATION,OP_CONSTANT_PERTURB|OP_SIGN_FLIP,"Contains verifiable math expression eligible for OP_CONSTANT_PERTURB, OP_SIGN_FLIP",N/A
math500_366,2,CONCEPTUAL_PROSE,NONE,N/A,Operation type CONCEPTUAL_PROSE does not contain deterministic numeric/algebraic target transition
math500_366,3,CONCEPTUAL_PROSE,NONE,N/A,Operation type CONCEPTUAL_PROSE does not contain deterministic numeric/algebraic target transition
math500_366,4,EQUATION_DERIVATION,OP_CONSTANT_PERTURB|OP_TERM_SWAP|OP_FRACTION_FLIP,"Contains verifiable math expression eligible for OP_CONSTANT_PERTURB, OP_TERM_SWAP, OP_FRACTION_FLIP",N/A
math500_366,5,FINAL_ANSWER,NONE,N/A,Operation type FINAL_ANSWER does not contain deterministic numeric/algebraic target transition
math500_367,0,EQUATION_DERIVATION,OP_CONSTANT_PERTURB|OP_SIGN_FLIP|OP_TERM_SWAP,"Contains verifiable math expression eligible for OP_CONSTANT_PERTURB, OP_SIGN_FLIP, OP_TERM_SWAP",N/A
math500_367,1,FINAL_ANSWER,NONE,N/A,Operation type FINAL_ANSWER does not contain deterministic numeric/algebraic target transition
math500_368,0,CONCEPTUAL_PROSE,NONE,N/A,Operation type CONCEPTUAL_PROSE does not contain deterministic numeric/algebraic target transition
math500_368,1,EQUATION_DERIVATION,OP_CONSTANT_PERTURB|OP_SIGN_FLIP|OP_TERM_SWAP,"Contains verifiable math expression eligible for OP_CONSTANT_PERTURB, OP_SIGN_FLIP, OP_TERM_SWAP",N/A
math500_368,2,CONCEPTUAL_PROSE,NONE,N/A,Operation type CONCEPTUAL_PROSE does not contain deterministic numeric/algebraic target transition
math500_368,3,FINAL_ANSWER,NONE,N/A,Operation type FINAL_ANSWER does not contain deterministic numeric/algebraic target transition
math500_369,0,CONCEPTUAL_PROSE,NONE,N/A,Operation type CONCEPTUAL_PROSE does not contain deterministic numeric/algebraic target transition
math500_369,1,EQUATION_DERIVATION,OP_CONSTANT_PERTURB|OP_SIGN_FLIP|OP_TERM_SWAP|OP_FRACTION_FLIP,"Contains verifiable math expression eligible for OP_CONSTANT_PERTURB, OP_SIGN_FLIP, OP_TERM_SWAP, OP_FRACTION_FLIP",N/A
math500_369,2,FINAL_ANSWER,NONE,N/A,Operation type FINAL_ANSWER does not contain deterministic numeric/algebraic target transition
math500_370,0,ALGEBRAIC_SIMPLIFICATION,OP_CONSTANT_PERTURB|OP_SIGN_FLIP,"Contains verifiable math expression eligible for OP_CONSTANT_PERTURB, OP_SIGN_FLIP",N/A
math500_370,1,FINAL_ANSWER,NONE,N/A,Operation type FINAL_ANSWER does not contain deterministic numeric/algebraic target transition
math500_371,0,EQUATION_DERIVATION,OP_CONSTANT_PERTURB|OP_TERM_SWAP,"Contains verifiable math expression eligible for OP_CONSTANT_PERTURB, OP_TERM_SWAP",N/A
math500_371,1,ALGEBRAIC_SIMPLIFICATION,OP_CONSTANT_PERTURB|OP_SIGN_FLIP,"Contains verifiable math expression eligible for OP_CONSTANT_PERTURB, OP_SIGN_FLIP",N/A
math500_371,2,EQUATION_DERIVATION,OP_CONSTANT_PERTURB|OP_TERM_SWAP|OP_FRACTION_FLIP,"Contains verifiable math expression eligible for OP_CONSTANT_PERTURB, OP_TERM_SWAP, OP_FRACTION_FLIP",N/A
math500_371,3,ALGEBRAIC_SIMPLIFICATION,OP_CONSTANT_PERTURB|OP_SIGN_FLIP|OP_FRACTION_FLIP,"Contains verifiable math expression eligible for OP_CONSTANT_PERTURB, OP_SIGN_FLIP, OP_FRACTION_FLIP",N/A
math500_371,4,EQUATION_DERIVATION,OP_CONSTANT_PERTURB|OP_SIGN_FLIP|OP_TERM_SWAP|OP_FRACTION_FLIP,"Contains verifiable math expression eligible for OP_CONSTANT_PERTURB, OP_SIGN_FLIP, OP_TERM_SWAP, OP_FRACTION_FLIP",N/A
math500_371,5,EQUATION_DERIVATION,OP_CONSTANT_PERTURB|OP_SIGN_FLIP|OP_TERM_SWAP,"Contains verifiable math expression eligible for OP_CONSTANT_PERTURB, OP_SIGN_FLIP, OP_TERM_SWAP",N/A
math500_371,6,EQUATION_DERIVATION,OP_CONSTANT_PERTURB|OP_SIGN_FLIP|OP_TERM_SWAP|OP_FRACTION_FLIP,"Contains verifiable math expression eligible for OP_CONSTANT_PERTURB, OP_SIGN_FLIP, OP_TERM_SWAP, OP_FRACTION_FLIP",N/A
math500_371,7,ALGEBRAIC_SIMPLIFICATION,OP_CONSTANT_PERTURB|OP_SIGN_FLIP|OP_FRACTION_FLIP,"Contains verifiable math expression eligible for OP_CONSTANT_PERTURB, OP_SIGN_FLIP, OP_FRACTION_FLIP",N/A
math500_371,8,FINAL_ANSWER,NONE,N/A,Operation type FINAL_ANSWER does not contain deterministic numeric/algebraic target transition
math500_372,0,EQUATION_DERIVATION,OP_CONSTANT_PERTURB|OP_TERM_SWAP,"Contains verifiable math expression eligible for OP_CONSTANT_PERTURB, OP_TERM_SWAP",N/A
math500_372,1,FINAL_ANSWER,NONE,N/A,Operation type FINAL_ANSWER does not contain deterministic numeric/algebraic target transition
math500_373,0,CONCEPTUAL_PROSE,NONE,N/A,Operation type CONCEPTUAL_PROSE does not contain deterministic numeric/algebraic target transition
math500_373,1,ALGEBRAIC_SIMPLIFICATION,OP_CONSTANT_PERTURB|OP_SIGN_FLIP,"Contains verifiable math expression eligible for OP_CONSTANT_PERTURB, OP_SIGN_FLIP",N/A
math500_373,2,FINAL_ANSWER,NONE,N/A,Operation type FINAL_ANSWER does not contain deterministic numeric/algebraic target transition
math500_374,0,EQUATION_DERIVATION,OP_CONSTANT_PERTURB|OP_TERM_SWAP,"Contains verifiable math expression eligible for OP_CONSTANT_PERTURB, OP_TERM_SWAP",N/A
math500_374,1,EQUATION_DERIVATION,OP_CONSTANT_PERTURB|OP_TERM_SWAP,"Contains verifiable math expression eligible for OP_CONSTANT_PERTURB, OP_TERM_SWAP",N/A
math500_374,2,FINAL_ANSWER,NONE,N/A,Operation type FINAL_ANSWER does not contain deterministic numeric/algebraic target transition
math500_375,0,CONCEPTUAL_PROSE,NONE,N/A,Operation type CONCEPTUAL_PROSE does not contain deterministic numeric/algebraic target transition
math500_375,1,ALGEBRAIC_SIMPLIFICATION,OP_CONSTANT_PERTURB,Contains verifiable math expression eligible for OP_CONSTANT_PERTURB,N/A
math500_375,2,EQUATION_DERIVATION,OP_CONSTANT_PERTURB|OP_SIGN_FLIP|OP_TERM_SWAP,"Contains verifiable math expression eligible for OP_CONSTANT_PERTURB, OP_SIGN_FLIP, OP_TERM_SWAP",N/A
math500_375,3,EQUATION_DERIVATION,OP_CONSTANT_PERTURB|OP_TERM_SWAP,"Contains verifiable math expression eligible for OP_CONSTANT_PERTURB, OP_TERM_SWAP",N/A
math500_375,4,FINAL_ANSWER,NONE,N/A,Operation type FINAL_ANSWER does not contain deterministic numeric/algebraic target transition
math500_376,0,CONCEPTUAL_PROSE,NONE,N/A,Operation type CONCEPTUAL_PROSE does not contain deterministic numeric/algebraic target transition
math500_376,1,EQUATION_DERIVATION,OP_CONSTANT_PERTURB|OP_SIGN_FLIP|OP_TERM_SWAP|OP_FRACTION_FLIP,"Contains verifiable math expression eligible for OP_CONSTANT_PERTURB, OP_SIGN_FLIP, OP_TERM_SWAP, OP_FRACTION_FLIP",N/A
math500_376,2,EQUATION_DERIVATION,OP_CONSTANT_PERTURB|OP_SIGN_FLIP|OP_TERM_SWAP|OP_FRACTION_FLIP,"Contains verifiable math expression eligible for OP_CONSTANT_PERTURB, OP_SIGN_FLIP, OP_TERM_SWAP, OP_FRACTION_FLIP",N/A
math500_376,3,EQUATION_DERIVATION,OP_CONSTANT_PERTURB|OP_SIGN_FLIP|OP_TERM_SWAP,"Contains verifiable math expression eligible for OP_CONSTANT_PERTURB, OP_SIGN_FLIP, OP_TERM_SWAP",N/A
math500_376,4,EQUATION_DERIVATION,OP_CONSTANT_PERTURB|OP_SIGN_FLIP|OP_TERM_SWAP,"Contains verifiable math expression eligible for OP_CONSTANT_PERTURB, OP_SIGN_FLIP, OP_TERM_SWAP",N/A
math500_376,5,EQUATION_DERIVATION,OP_CONSTANT_PERTURB|OP_SIGN_FLIP|OP_TERM_SWAP,"Contains verifiable math expression eligible for OP_CONSTANT_PERTURB, OP_SIGN_FLIP, OP_TERM_SWAP",N/A
math500_376,6,FINAL_ANSWER,NONE,N/A,Operation type FINAL_ANSWER does not contain deterministic numeric/algebraic target transition
math500_377,0,EQUATION_DERIVATION,OP_CONSTANT_PERTURB|OP_TERM_SWAP,"Contains verifiable math expression eligible for OP_CONSTANT_PERTURB, OP_TERM_SWAP",N/A
math500_377,1,CONCEPTUAL_PROSE,NONE,N/A,Operation type CONCEPTUAL_PROSE does not contain deterministic numeric/algebraic target transition
math500_377,2,EQUATION_DERIVATION,OP_CONSTANT_PERTURB|OP_TERM_SWAP,"Contains verifiable math expression eligible for OP_CONSTANT_PERTURB, OP_TERM_SWAP",N/A
math500_377,3,CONCEPTUAL_PROSE,NONE,N/A,Operation type CONCEPTUAL_PROSE does not contain deterministic numeric/algebraic target transition
math500_377,4,FINAL_ANSWER,NONE,N/A,Operation type FINAL_ANSWER does not contain deterministic numeric/algebraic target transition
math500_378,0,ALGEBRAIC_SIMPLIFICATION,OP_CONSTANT_PERTURB|OP_SIGN_FLIP,"Contains verifiable math expression eligible for OP_CONSTANT_PERTURB, OP_SIGN_FLIP",N/A
math500_378,1,CONCEPTUAL_PROSE,NONE,N/A,Operation type CONCEPTUAL_PROSE does not contain deterministic numeric/algebraic target transition
math500_378,2,CONCEPTUAL_PROSE,NONE,N/A,Operation type CONCEPTUAL_PROSE does not contain deterministic numeric/algebraic target transition
math500_378,3,FINAL_ANSWER,NONE,N/A,Operation type FINAL_ANSWER does not contain deterministic numeric/algebraic target transition
math500_379,0,CONCEPTUAL_PROSE,NONE,N/A,Operation type CONCEPTUAL_PROSE does not contain deterministic numeric/algebraic target transition
math500_379,1,EQUATION_DERIVATION,OP_CONSTANT_PERTURB|OP_TERM_SWAP,"Contains verifiable math expression eligible for OP_CONSTANT_PERTURB, OP_TERM_SWAP",N/A
math500_379,2,EQUATION_DERIVATION,OP_CONSTANT_PERTURB|OP_TERM_SWAP,"Contains verifiable math expression eligible for OP_CONSTANT_PERTURB, OP_TERM_SWAP",N/A
math500_379,3,EQUATION_DERIVATION,OP_CONSTANT_PERTURB|OP_TERM_SWAP,"Contains verifiable math expression eligible for OP_CONSTANT_PERTURB, OP_TERM_SWAP",N/A
math500_379,4,EQUATION_DERIVATION,OP_CONSTANT_PERTURB|OP_TERM_SWAP,"Contains verifiable math expression eligible for OP_CONSTANT_PERTURB, OP_TERM_SWAP",N/A
math500_379,5,CONCEPTUAL_PROSE,NONE,N/A,Operation type CONCEPTUAL_PROSE does not contain deterministic numeric/algebraic target transition
math500_379,6,FINAL_ANSWER,NONE,N/A,Operation type FINAL_ANSWER does not contain deterministic numeric/algebraic target transition
math500_380,0,EQUATION_DERIVATION,OP_CONSTANT_PERTURB|OP_SIGN_FLIP|OP_TERM_SWAP,"Contains verifiable math expression eligible for OP_CONSTANT_PERTURB, OP_SIGN_FLIP, OP_TERM_SWAP",N/A
math500_380,1,ALGEBRAIC_SIMPLIFICATION,OP_CONSTANT_PERTURB|OP_SIGN_FLIP,"Contains verifiable math expression eligible for OP_CONSTANT_PERTURB, OP_SIGN_FLIP",N/A
math500_380,2,FINAL_ANSWER,NONE,N/A,Operation type FINAL_ANSWER does not contain deterministic numeric/algebraic target transition
math500_381,0,ALGEBRAIC_SIMPLIFICATION,OP_CONSTANT_PERTURB|OP_SIGN_FLIP,"Contains verifiable math expression eligible for OP_CONSTANT_PERTURB, OP_SIGN_FLIP",N/A
math500_381,1,CONCEPTUAL_PROSE,NONE,N/A,Operation type CONCEPTUAL_PROSE does not contain deterministic numeric/algebraic target transition
math500_381,2,ALGEBRAIC_SIMPLIFICATION,OP_CONSTANT_PERTURB|OP_SIGN_FLIP,"Contains verifiable math expression eligible for OP_CONSTANT_PERTURB, OP_SIGN_FLIP",N/A
math500_381,3,ALGEBRAIC_SIMPLIFICATION,OP_CONSTANT_PERTURB|OP_SIGN_FLIP,"Contains verifiable math expression eligible for OP_CONSTANT_PERTURB, OP_SIGN_FLIP",N/A
math500_381,4,ALGEBRAIC_SIMPLIFICATION,NONE,N/A,Operation type ALGEBRAIC_SIMPLIFICATION does not contain deterministic numeric/algebraic target transition
math500_381,5,EQUATION_DERIVATION,OP_CONSTANT_PERTURB|OP_TERM_SWAP,"Contains verifiable math expression eligible for OP_CONSTANT_PERTURB, OP_TERM_SWAP",N/A
math500_381,6,EQUATION_DERIVATION,OP_CONSTANT_PERTURB|OP_SIGN_FLIP|OP_TERM_SWAP,"Contains verifiable math expression eligible for OP_CONSTANT_PERTURB, OP_SIGN_FLIP, OP_TERM_SWAP",N/A
math500_381,7,FINAL_ANSWER,NONE,N/A,Operation type FINAL_ANSWER does not contain deterministic numeric/algebraic target transition
math500_382,0,CONCEPTUAL_PROSE,NONE,N/A,Operation type CONCEPTUAL_PROSE does not contain deterministic numeric/algebraic target transition
math500_382,1,CONCEPTUAL_PROSE,NONE,N/A,Operation type CONCEPTUAL_PROSE does not contain deterministic numeric/algebraic target transition
math500_382,2,ALGEBRAIC_SIMPLIFICATION,OP_CONSTANT_PERTURB|OP_SIGN_FLIP,"Contains verifiable math expression eligible for OP_CONSTANT_PERTURB, OP_SIGN_FLIP",N/A
math500_382,3,ALGEBRAIC_SIMPLIFICATION,OP_CONSTANT_PERTURB,Contains verifiable math expression eligible for OP_CONSTANT_PERTURB,N/A
math500_382,4,EQUATION_DERIVATION,OP_CONSTANT_PERTURB|OP_SIGN_FLIP|OP_TERM_SWAP,"Contains verifiable math expression eligible for OP_CONSTANT_PERTURB, OP_SIGN_FLIP, OP_TERM_SWAP",N/A
math500_382,5,EQUATION_DERIVATION,OP_CONSTANT_PERTURB|OP_SIGN_FLIP|OP_TERM_SWAP,"Contains verifiable math expression eligible for OP_CONSTANT_PERTURB, OP_SIGN_FLIP, OP_TERM_SWAP",N/A
math500_382,6,ALGEBRAIC_SIMPLIFICATION,OP_CONSTANT_PERTURB,Contains verifiable math expression eligible for OP_CONSTANT_PERTURB,N/A
math500_382,7,ALGEBRAIC_SIMPLIFICATION,OP_CONSTANT_PERTURB|OP_FRACTION_FLIP,"Contains verifiable math expression eligible for OP_CONSTANT_PERTURB, OP_FRACTION_FLIP",N/A
math500_382,8,CONCEPTUAL_PROSE,NONE,N/A,Operation type CONCEPTUAL_PROSE does not contain deterministic numeric/algebraic target transition
math500_382,9,ALGEBRAIC_SIMPLIFICATION,OP_CONSTANT_PERTURB|OP_FRACTION_FLIP,"Contains verifiable math expression eligible for OP_CONSTANT_PERTURB, OP_FRACTION_FLIP",N/A
math500_382,10,FINAL_ANSWER,NONE,N/A,Operation type FINAL_ANSWER does not contain deterministic numeric/algebraic target transition
math500_383,0,ALGEBRAIC_SIMPLIFICATION,OP_CONSTANT_PERTURB|OP_SIGN_FLIP,"Contains verifiable math expression eligible for OP_CONSTANT_PERTURB, OP_SIGN_FLIP",N/A
math500_383,1,EQUATION_DERIVATION,OP_CONSTANT_PERTURB|OP_SIGN_FLIP|OP_TERM_SWAP,"Contains verifiable math expression eligible for OP_CONSTANT_PERTURB, OP_SIGN_FLIP, OP_TERM_SWAP",N/A
math500_383,2,FINAL_ANSWER,NONE,N/A,Operation type FINAL_ANSWER does not contain deterministic numeric/algebraic target transition
math500_384,0,FINAL_ANSWER,NONE,N/A,Operation type FINAL_ANSWER does not contain deterministic numeric/algebraic target transition
math500_385,0,EQUATION_DERIVATION,OP_CONSTANT_PERTURB|OP_TERM_SWAP|OP_FRACTION_FLIP,"Contains verifiable math expression eligible for OP_CONSTANT_PERTURB, OP_TERM_SWAP, OP_FRACTION_FLIP",N/A
math500_385,1,ALGEBRAIC_SIMPLIFICATION,OP_CONSTANT_PERTURB|OP_FRACTION_FLIP,"Contains verifiable math expression eligible for OP_CONSTANT_PERTURB, OP_FRACTION_FLIP",N/A
math500_385,2,EQUATION_DERIVATION,OP_CONSTANT_PERTURB|OP_SIGN_FLIP|OP_TERM_SWAP,"Contains verifiable math expression eligible for OP_CONSTANT_PERTURB, OP_SIGN_FLIP, OP_TERM_SWAP",N/A
math500_385,3,FINAL_ANSWER,NONE,N/A,Operation type FINAL_ANSWER does not contain deterministic numeric/algebraic target transition
math500_386,0,ALGEBRAIC_SIMPLIFICATION,OP_CONSTANT_PERTURB|OP_SIGN_FLIP,"Contains verifiable math expression eligible for OP_CONSTANT_PERTURB, OP_SIGN_FLIP",N/A
math500_386,1,ALGEBRAIC_SIMPLIFICATION,OP_CONSTANT_PERTURB|OP_SIGN_FLIP,"Contains verifiable math expression eligible for OP_CONSTANT_PERTURB, OP_SIGN_FLIP",N/A
math500_386,2,FINAL_ANSWER,NONE,N/A,Operation type FINAL_ANSWER does not contain deterministic numeric/algebraic target transition
math500_387,0,FINAL_ANSWER,NONE,N/A,Operation type FINAL_ANSWER does not contain deterministic numeric/algebraic target transition
math500_388,0,FINAL_ANSWER,NONE,N/A,Operation type FINAL_ANSWER does not contain deterministic numeric/algebraic target transition
math500_388,1,ALGEBRAIC_SIMPLIFICATION,OP_CONSTANT_PERTURB|OP_SIGN_FLIP,"Contains verifiable math expression eligible for OP_CONSTANT_PERTURB, OP_SIGN_FLIP",N/A
math500_388,2,FINAL_ANSWER,NONE,N/A,Operation type FINAL_ANSWER does not contain deterministic numeric/algebraic target transition
math500_389,0,EQUATION_DERIVATION,OP_TERM_SWAP|OP_FRACTION_FLIP,"Contains verifiable math expression eligible for OP_TERM_SWAP, OP_FRACTION_FLIP",N/A
math500_389,1,EQUATION_DERIVATION,OP_CONSTANT_PERTURB|OP_TERM_SWAP|OP_FRACTION_FLIP,"Contains verifiable math expression eligible for OP_CONSTANT_PERTURB, OP_TERM_SWAP, OP_FRACTION_FLIP",N/A
math500_389,2,EQUATION_DERIVATION,OP_CONSTANT_PERTURB|OP_TERM_SWAP,"Contains verifiable math expression eligible for OP_CONSTANT_PERTURB, OP_TERM_SWAP",N/A
math500_389,3,EQUATION_DERIVATION,OP_TERM_SWAP|OP_FRACTION_FLIP,"Contains verifiable math expression eligible for OP_TERM_SWAP, OP_FRACTION_FLIP",N/A
math500_389,4,EQUATION_DERIVATION,OP_CONSTANT_PERTURB|OP_SIGN_FLIP|OP_TERM_SWAP,"Contains verifiable math expression eligible for OP_CONSTANT_PERTURB, OP_SIGN_FLIP, OP_TERM_SWAP",N/A
math500_389,5,FINAL_ANSWER,NONE,N/A,Operation type FINAL_ANSWER does not contain deterministic numeric/algebraic target transition
math500_390,0,EQUATION_DERIVATION,OP_CONSTANT_PERTURB|OP_SIGN_FLIP|OP_TERM_SWAP,"Contains verifiable math expression eligible for OP_CONSTANT_PERTURB, OP_SIGN_FLIP, OP_TERM_SWAP",N/A
math500_390,1,CONCEPTUAL_PROSE,NONE,N/A,Operation type CONCEPTUAL_PROSE does not contain deterministic numeric/algebraic target transition
math500_390,2,EQUATION_DERIVATION,OP_CONSTANT_PERTURB|OP_SIGN_FLIP|OP_TERM_SWAP|OP_FRACTION_FLIP,"Contains verifiable math expression eligible for OP_CONSTANT_PERTURB, OP_SIGN_FLIP, OP_TERM_SWAP, OP_FRACTION_FLIP",N/A
math500_390,3,EQUATION_DERIVATION,OP_CONSTANT_PERTURB|OP_TERM_SWAP,"Contains verifiable math expression eligible for OP_CONSTANT_PERTURB, OP_TERM_SWAP",N/A
math500_390,4,FINAL_ANSWER,NONE,N/A,Operation type FINAL_ANSWER does not contain deterministic numeric/algebraic target transition
math500_391,0,EQUATION_DERIVATION,OP_CONSTANT_PERTURB|OP_SIGN_FLIP|OP_TERM_SWAP,"Contains verifiable math expression eligible for OP_CONSTANT_PERTURB, OP_SIGN_FLIP, OP_TERM_SWAP",N/A
math500_391,1,CONCEPTUAL_PROSE,NONE,N/A,Operation type CONCEPTUAL_PROSE does not contain deterministic numeric/algebraic target transition
math500_391,2,EQUATION_DERIVATION,OP_CONSTANT_PERTURB|OP_SIGN_FLIP|OP_TERM_SWAP,"Contains verifiable math expression eligible for OP_CONSTANT_PERTURB, OP_SIGN_FLIP, OP_TERM_SWAP",N/A
math500_391,3,CONCEPTUAL_PROSE,NONE,N/A,Operation type CONCEPTUAL_PROSE does not contain deterministic numeric/algebraic target transition
math500_391,4,EQUATION_DERIVATION,OP_CONSTANT_PERTURB|OP_SIGN_FLIP|OP_TERM_SWAP,"Contains verifiable math expression eligible for OP_CONSTANT_PERTURB, OP_SIGN_FLIP, OP_TERM_SWAP",N/A
math500_391,5,EQUATION_DERIVATION,OP_CONSTANT_PERTURB|OP_SIGN_FLIP|OP_TERM_SWAP,"Contains verifiable math expression eligible for OP_CONSTANT_PERTURB, OP_SIGN_FLIP, OP_TERM_SWAP",N/A
math500_391,6,EQUATION_DERIVATION,OP_CONSTANT_PERTURB|OP_SIGN_FLIP|OP_TERM_SWAP,"Contains verifiable math expression eligible for OP_CONSTANT_PERTURB, OP_SIGN_FLIP, OP_TERM_SWAP",N/A
math500_391,7,EQUATION_DERIVATION,OP_CONSTANT_PERTURB|OP_SIGN_FLIP|OP_TERM_SWAP,"Contains verifiable math expression eligible for OP_CONSTANT_PERTURB, OP_SIGN_FLIP, OP_TERM_SWAP",N/A
math500_391,8,EQUATION_DERIVATION,OP_CONSTANT_PERTURB|OP_SIGN_FLIP|OP_TERM_SWAP,"Contains verifiable math expression eligible for OP_CONSTANT_PERTURB, OP_SIGN_FLIP, OP_TERM_SWAP",N/A
math500_391,9,CONCEPTUAL_PROSE,NONE,N/A,Operation type CONCEPTUAL_PROSE does not contain deterministic numeric/algebraic target transition
math500_391,10,EQUATION_DERIVATION,OP_CONSTANT_PERTURB|OP_SIGN_FLIP|OP_TERM_SWAP,"Contains verifiable math expression eligible for OP_CONSTANT_PERTURB, OP_SIGN_FLIP, OP_TERM_SWAP",N/A
math500_391,11,EQUATION_DERIVATION,OP_CONSTANT_PERTURB|OP_SIGN_FLIP|OP_TERM_SWAP,"Contains verifiable math expression eligible for OP_CONSTANT_PERTURB, OP_SIGN_FLIP, OP_TERM_SWAP",N/A
math500_391,12,EQUATION_DERIVATION,OP_CONSTANT_PERTURB|OP_SIGN_FLIP|OP_TERM_SWAP,"Contains verifiable math expression eligible for OP_CONSTANT_PERTURB, OP_SIGN_FLIP, OP_TERM_SWAP",N/A
math500_391,13,FINAL_ANSWER,NONE,N/A,Operation type FINAL_ANSWER does not contain deterministic numeric/algebraic target transition
math500_391,14,ALGEBRAIC_SIMPLIFICATION,OP_SIGN_FLIP,Contains verifiable math expression eligible for OP_SIGN_FLIP,N/A
math500_391,15,ALGEBRAIC_SIMPLIFICATION,OP_CONSTANT_PERTURB|OP_SIGN_FLIP,"Contains verifiable math expression eligible for OP_CONSTANT_PERTURB, OP_SIGN_FLIP",N/A
math500_391,16,ALGEBRAIC_SIMPLIFICATION,OP_CONSTANT_PERTURB|OP_SIGN_FLIP,"Contains verifiable math expression eligible for OP_CONSTANT_PERTURB, OP_SIGN_FLIP",N/A
math500_391,17,CONCEPTUAL_PROSE,NONE,N/A,Operation type CONCEPTUAL_PROSE does not contain deterministic numeric/algebraic target transition
math500_391,18,ALGEBRAIC_SIMPLIFICATION,OP_CONSTANT_PERTURB|OP_SIGN_FLIP,"Contains verifiable math expression eligible for OP_CONSTANT_PERTURB, OP_SIGN_FLIP",N/A
math500_391,19,EQUATION_DERIVATION,OP_CONSTANT_PERTURB|OP_TERM_SWAP,"Contains verifiable math expression eligible for OP_CONSTANT_PERTURB, OP_TERM_SWAP",N/A
math500_391,20,ALGEBRAIC_SIMPLIFICATION,OP_CONSTANT_PERTURB|OP_SIGN_FLIP,"Contains verifiable math expression eligible for OP_CONSTANT_PERTURB, OP_SIGN_FLIP",N/A
math500_391,21,ALGEBRAIC_SIMPLIFICATION,OP_CONSTANT_PERTURB|OP_SIGN_FLIP,"Contains verifiable math expression eligible for OP_CONSTANT_PERTURB, OP_SIGN_FLIP",N/A
math500_391,22,ALGEBRAIC_SIMPLIFICATION,OP_CONSTANT_PERTURB|OP_SIGN_FLIP,"Contains verifiable math expression eligible for OP_CONSTANT_PERTURB, OP_SIGN_FLIP",N/A
math500_392,0,EQUATION_DERIVATION,OP_CONSTANT_PERTURB|OP_SIGN_FLIP|OP_TERM_SWAP,"Contains verifiable math expression eligible for OP_CONSTANT_PERTURB, OP_SIGN_FLIP, OP_TERM_SWAP",N/A
math500_392,1,EQUATION_DERIVATION,OP_CONSTANT_PERTURB|OP_SIGN_FLIP|OP_TERM_SWAP,"Contains verifiable math expression eligible for OP_CONSTANT_PERTURB, OP_SIGN_FLIP, OP_TERM_SWAP",N/A
math500_392,2,FINAL_ANSWER,NONE,N/A,Operation type FINAL_ANSWER does not contain deterministic numeric/algebraic target transition
math500_393,0,FINAL_ANSWER,NONE,N/A,Operation type FINAL_ANSWER does not contain deterministic numeric/algebraic target transition
math500_394,0,EQUATION_DERIVATION,OP_CONSTANT_PERTURB|OP_SIGN_FLIP|OP_TERM_SWAP,"Contains verifiable math expression eligible for OP_CONSTANT_PERTURB, OP_SIGN_FLIP, OP_TERM_SWAP",N/A
math500_394,1,EQUATION_DERIVATION,OP_CONSTANT_PERTURB|OP_SIGN_FLIP|OP_TERM_SWAP|OP_FRACTION_FLIP,"Contains verifiable math expression eligible for OP_CONSTANT_PERTURB, OP_SIGN_FLIP, OP_TERM_SWAP, OP_FRACTION_FLIP",N/A
math500_394,2,FINAL_ANSWER,NONE,N/A,Operation type FINAL_ANSWER does not contain deterministic numeric/algebraic target transition
math500_395,0,EQUATION_DERIVATION,OP_CONSTANT_PERTURB|OP_TERM_SWAP,"Contains verifiable math expression eligible for OP_CONSTANT_PERTURB, OP_TERM_SWAP",N/A
math500_395,1,FINAL_ANSWER,NONE,N/A,Operation type FINAL_ANSWER does not contain deterministic numeric/algebraic target transition
math500_396,0,CONCEPTUAL_PROSE,NONE,N/A,Operation type CONCEPTUAL_PROSE does not contain deterministic numeric/algebraic target transition
math500_396,1,CONCEPTUAL_PROSE,NONE,N/A,Operation type CONCEPTUAL_PROSE does not contain deterministic numeric/algebraic target transition
math500_396,2,EQUATION_DERIVATION,OP_CONSTANT_PERTURB|OP_TERM_SWAP|OP_FRACTION_FLIP,"Contains verifiable math expression eligible for OP_CONSTANT_PERTURB, OP_TERM_SWAP, OP_FRACTION_FLIP",N/A
math500_396,3,CONCEPTUAL_PROSE,NONE,N/A,Operation type CONCEPTUAL_PROSE does not contain deterministic numeric/algebraic target transition
math500_396,4,ALGEBRAIC_SIMPLIFICATION,OP_CONSTANT_PERTURB,Contains verifiable math expression eligible for OP_CONSTANT_PERTURB,N/A
math500_396,5,CONCEPTUAL_PROSE,NONE,N/A,Operation type CONCEPTUAL_PROSE does not contain deterministic numeric/algebraic target transition
math500_396,6,EQUATION_DERIVATION,OP_TERM_SWAP,Contains verifiable math expression eligible for OP_TERM_SWAP,N/A
math500_396,7,EQUATION_DERIVATION,OP_CONSTANT_PERTURB|OP_TERM_SWAP,"Contains verifiable math expression eligible for OP_CONSTANT_PERTURB, OP_TERM_SWAP",N/A
math500_396,8,CONCEPTUAL_PROSE,NONE,N/A,Operation type CONCEPTUAL_PROSE does not contain deterministic numeric/algebraic target transition
math500_396,9,ALGEBRAIC_SIMPLIFICATION,OP_CONSTANT_PERTURB,Contains verifiable math expression eligible for OP_CONSTANT_PERTURB,N/A
math500_396,10,FINAL_ANSWER,NONE,N/A,Operation type FINAL_ANSWER does not contain deterministic numeric/algebraic target transition
math500_397,0,EQUATION_DERIVATION,OP_CONSTANT_PERTURB|OP_SIGN_FLIP|OP_TERM_SWAP,"Contains verifiable math expression eligible for OP_CONSTANT_PERTURB, OP_SIGN_FLIP, OP_TERM_SWAP",N/A
math500_397,1,EQUATION_DERIVATION,OP_CONSTANT_PERTURB|OP_TERM_SWAP,"Contains verifiable math expression eligible for OP_CONSTANT_PERTURB, OP_TERM_SWAP",N/A
math500_397,2,FINAL_ANSWER,NONE,N/A,Operation type FINAL_ANSWER does not contain deterministic numeric/algebraic target transition
math500_398,0,ALGEBRAIC_SIMPLIFICATION,OP_SIGN_FLIP,Contains verifiable math expression eligible for OP_SIGN_FLIP,N/A
math500_398,1,ALGEBRAIC_SIMPLIFICATION,OP_CONSTANT_PERTURB|OP_FRACTION_FLIP,"Contains verifiable math expression eligible for OP_CONSTANT_PERTURB, OP_FRACTION_FLIP",N/A
math500_398,2,ALGEBRAIC_SIMPLIFICATION,OP_CONSTANT_PERTURB|OP_FRACTION_FLIP,"Contains verifiable math expression eligible for OP_CONSTANT_PERTURB, OP_FRACTION_FLIP",N/A
math500_398,3,ALGEBRAIC_SIMPLIFICATION,OP_CONSTANT_PERTURB|OP_FRACTION_FLIP,"Contains verifiable math expression eligible for OP_CONSTANT_PERTURB, OP_FRACTION_FLIP",N/A
math500_398,4,FINAL_ANSWER,NONE,N/A,Operation type FINAL_ANSWER does not contain deterministic numeric/algebraic target transition
math500_399,0,CONCEPTUAL_PROSE,NONE,N/A,Operation type CONCEPTUAL_PROSE does not contain deterministic numeric/algebraic target transition
math500_399,1,ALGEBRAIC_SIMPLIFICATION,OP_CONSTANT_PERTURB|OP_SIGN_FLIP,"Contains verifiable math expression eligible for OP_CONSTANT_PERTURB, OP_SIGN_FLIP",N/A
math500_399,2,EQUATION_DERIVATION,OP_CONSTANT_PERTURB|OP_SIGN_FLIP|OP_TERM_SWAP,"Contains verifiable math expression eligible for OP_CONSTANT_PERTURB, OP_SIGN_FLIP, OP_TERM_SWAP",N/A
math500_399,3,FINAL_ANSWER,NONE,N/A,Operation type FINAL_ANSWER does not contain deterministic numeric/algebraic target transition
math500_400,0,CONCEPTUAL_PROSE,NONE,N/A,Operation type CONCEPTUAL_PROSE does not contain deterministic numeric/algebraic target transition
math500_400,1,EQUATION_DERIVATION,OP_CONSTANT_PERTURB|OP_SIGN_FLIP|OP_TERM_SWAP,"Contains verifiable math expression eligible for OP_CONSTANT_PERTURB, OP_SIGN_FLIP, OP_TERM_SWAP",N/A
math500_400,2,EQUATION_DERIVATION,OP_CONSTANT_PERTURB|OP_SIGN_FLIP|OP_TERM_SWAP,"Contains verifiable math expression eligible for OP_CONSTANT_PERTURB, OP_SIGN_FLIP, OP_TERM_SWAP",N/A
math500_400,3,EQUATION_DERIVATION,OP_CONSTANT_PERTURB|OP_SIGN_FLIP|OP_TERM_SWAP,"Contains verifiable math expression eligible for OP_CONSTANT_PERTURB, OP_SIGN_FLIP, OP_TERM_SWAP",N/A
math500_400,4,FINAL_ANSWER,NONE,N/A,Operation type FINAL_ANSWER does not contain deterministic numeric/algebraic target transition
math500_400,5,EQUATION_DERIVATION,OP_CONSTANT_PERTURB|OP_SIGN_FLIP|OP_TERM_SWAP,"Contains verifiable math expression eligible for OP_CONSTANT_PERTURB, OP_SIGN_FLIP, OP_TERM_SWAP",N/A
math500_400,6,ALGEBRAIC_SIMPLIFICATION,OP_CONSTANT_PERTURB|OP_SIGN_FLIP,"Contains verifiable math expression eligible for OP_CONSTANT_PERTURB, OP_SIGN_FLIP",N/A
math500_401,0,EQUATION_DERIVATION,OP_SIGN_FLIP|OP_TERM_SWAP,"Contains verifiable math expression eligible for OP_SIGN_FLIP, OP_TERM_SWAP",N/A
math500_401,1,EQUATION_DERIVATION,OP_CONSTANT_PERTURB|OP_SIGN_FLIP|OP_TERM_SWAP,"Contains verifiable math expression eligible for OP_CONSTANT_PERTURB, OP_SIGN_FLIP, OP_TERM_SWAP",N/A
math500_401,2,EQUATION_DERIVATION,OP_CONSTANT_PERTURB|OP_SIGN_FLIP|OP_TERM_SWAP,"Contains verifiable math expression eligible for OP_CONSTANT_PERTURB, OP_SIGN_FLIP, OP_TERM_SWAP",N/A
math500_401,3,ALGEBRAIC_SIMPLIFICATION,OP_CONSTANT_PERTURB|OP_SIGN_FLIP,"Contains verifiable math expression eligible for OP_CONSTANT_PERTURB, OP_SIGN_FLIP",N/A
math500_401,4,ALGEBRAIC_SIMPLIFICATION,OP_CONSTANT_PERTURB,Contains verifiable math expression eligible for OP_CONSTANT_PERTURB,N/A
math500_401,5,EQUATION_DERIVATION,OP_CONSTANT_PERTURB|OP_SIGN_FLIP|OP_TERM_SWAP|OP_FRACTION_FLIP,"Contains verifiable math expression eligible for OP_CONSTANT_PERTURB, OP_SIGN_FLIP, OP_TERM_SWAP, OP_FRACTION_FLIP",N/A
math500_401,6,EQUATION_DERIVATION,OP_CONSTANT_PERTURB|OP_SIGN_FLIP|OP_TERM_SWAP|OP_FRACTION_FLIP,"Contains verifiable math expression eligible for OP_CONSTANT_PERTURB, OP_SIGN_FLIP, OP_TERM_SWAP, OP_FRACTION_FLIP",N/A
math500_401,7,ALGEBRAIC_SIMPLIFICATION,OP_CONSTANT_PERTURB,Contains verifiable math expression eligible for OP_CONSTANT_PERTURB,N/A
math500_401,8,EQUATION_DERIVATION,OP_CONSTANT_PERTURB|OP_SIGN_FLIP|OP_TERM_SWAP|OP_FRACTION_FLIP,"Contains verifiable math expression eligible for OP_CONSTANT_PERTURB, OP_SIGN_FLIP, OP_TERM_SWAP, OP_FRACTION_FLIP",N/A
math500_401,9,FINAL_ANSWER,NONE,N/A,Operation type FINAL_ANSWER does not contain deterministic numeric/algebraic target transition
math500_402,0,EQUATION_DERIVATION,OP_CONSTANT_PERTURB|OP_SIGN_FLIP|OP_TERM_SWAP,"Contains verifiable math expression eligible for OP_CONSTANT_PERTURB, OP_SIGN_FLIP, OP_TERM_SWAP",N/A
math500_402,1,CONCEPTUAL_PROSE,NONE,N/A,Operation type CONCEPTUAL_PROSE does not contain deterministic numeric/algebraic target transition
math500_402,2,EQUATION_DERIVATION,OP_CONSTANT_PERTURB|OP_SIGN_FLIP|OP_TERM_SWAP,"Contains verifiable math expression eligible for OP_CONSTANT_PERTURB, OP_SIGN_FLIP, OP_TERM_SWAP",N/A
math500_402,3,ALGEBRAIC_SIMPLIFICATION,OP_SIGN_FLIP,Contains verifiable math expression eligible for OP_SIGN_FLIP,N/A
math500_402,4,ALGEBRAIC_SIMPLIFICATION,OP_CONSTANT_PERTURB|OP_SIGN_FLIP,"Contains verifiable math expression eligible for OP_CONSTANT_PERTURB, OP_SIGN_FLIP",N/A
math500_402,5,CONCEPTUAL_PROSE,NONE,N/A,Operation type CONCEPTUAL_PROSE does not contain deterministic numeric/algebraic target transition
math500_402,6,ALGEBRAIC_SIMPLIFICATION,OP_CONSTANT_PERTURB|OP_SIGN_FLIP,"Contains verifiable math expression eligible for OP_CONSTANT_PERTURB, OP_SIGN_FLIP",N/A
math500_402,7,EQUATION_DERIVATION,OP_CONSTANT_PERTURB|OP_SIGN_FLIP|OP_TERM_SWAP,"Contains verifiable math expression eligible for OP_CONSTANT_PERTURB, OP_SIGN_FLIP, OP_TERM_SWAP",N/A
math500_402,8,FINAL_ANSWER,NONE,N/A,Operation type FINAL_ANSWER does not contain deterministic numeric/algebraic target transition
math500_403,0,CONCEPTUAL_PROSE,NONE,N/A,Operation type CONCEPTUAL_PROSE does not contain deterministic numeric/algebraic target transition
math500_403,1,ALGEBRAIC_SIMPLIFICATION,OP_CONSTANT_PERTURB,Contains verifiable math expression eligible for OP_CONSTANT_PERTURB,N/A
math500_403,2,EQUATION_DERIVATION,OP_CONSTANT_PERTURB|OP_SIGN_FLIP|OP_TERM_SWAP,"Contains verifiable math expression eligible for OP_CONSTANT_PERTURB, OP_SIGN_FLIP, OP_TERM_SWAP",N/A
math500_403,3,EQUATION_DERIVATION,OP_CONSTANT_PERTURB|OP_SIGN_FLIP|OP_TERM_SWAP,"Contains verifiable math expression eligible for OP_CONSTANT_PERTURB, OP_SIGN_FLIP, OP_TERM_SWAP",N/A
math500_403,4,CONCEPTUAL_PROSE,NONE,N/A,Operation type CONCEPTUAL_PROSE does not contain deterministic numeric/algebraic target transition
math500_403,5,ALGEBRAIC_SIMPLIFICATION,OP_CONSTANT_PERTURB,Contains verifiable math expression eligible for OP_CONSTANT_PERTURB,N/A
math500_403,6,EQUATION_DERIVATION,OP_CONSTANT_PERTURB|OP_SIGN_FLIP|OP_TERM_SWAP,"Contains verifiable math expression eligible for OP_CONSTANT_PERTURB, OP_SIGN_FLIP, OP_TERM_SWAP",N/A
math500_403,7,EQUATION_DERIVATION,OP_CONSTANT_PERTURB|OP_SIGN_FLIP|OP_TERM_SWAP,"Contains verifiable math expression eligible for OP_CONSTANT_PERTURB, OP_SIGN_FLIP, OP_TERM_SWAP",N/A
math500_403,8,CONCEPTUAL_PROSE,NONE,N/A,Operation type CONCEPTUAL_PROSE does not contain deterministic numeric/algebraic target transition
math500_403,9,CONCEPTUAL_PROSE,NONE,N/A,Operation type CONCEPTUAL_PROSE does not contain deterministic numeric/algebraic target transition
math500_403,10,FINAL_ANSWER,NONE,N/A,Operation type FINAL_ANSWER does not contain deterministic numeric/algebraic target transition
math500_404,0,EQUATION_DERIVATION,OP_CONSTANT_PERTURB|OP_SIGN_FLIP|OP_TERM_SWAP,"Contains verifiable math expression eligible for OP_CONSTANT_PERTURB, OP_SIGN_FLIP, OP_TERM_SWAP",N/A
math500_404,1,EQUATION_DERIVATION,OP_CONSTANT_PERTURB|OP_SIGN_FLIP|OP_TERM_SWAP,"Contains verifiable math expression eligible for OP_CONSTANT_PERTURB, OP_SIGN_FLIP, OP_TERM_SWAP",N/A
math500_404,2,ALGEBRAIC_SIMPLIFICATION,OP_CONSTANT_PERTURB,Contains verifiable math expression eligible for OP_CONSTANT_PERTURB,N/A
math500_404,3,EQUATION_DERIVATION,OP_CONSTANT_PERTURB|OP_SIGN_FLIP|OP_TERM_SWAP,"Contains verifiable math expression eligible for OP_CONSTANT_PERTURB, OP_SIGN_FLIP, OP_TERM_SWAP",N/A
math500_404,4,FINAL_ANSWER,NONE,N/A,Operation type FINAL_ANSWER does not contain deterministic numeric/algebraic target transition
math500_405,0,CONCEPTUAL_PROSE,NONE,N/A,Operation type CONCEPTUAL_PROSE does not contain deterministic numeric/algebraic target transition
math500_405,1,FINAL_ANSWER,NONE,N/A,Operation type FINAL_ANSWER does not contain deterministic numeric/algebraic target transition
math500_406,0,CONCEPTUAL_PROSE,NONE,N/A,Operation type CONCEPTUAL_PROSE does not contain deterministic numeric/algebraic target transition
math500_406,1,EQUATION_DERIVATION,OP_CONSTANT_PERTURB|OP_SIGN_FLIP|OP_TERM_SWAP,"Contains verifiable math expression eligible for OP_CONSTANT_PERTURB, OP_SIGN_FLIP, OP_TERM_SWAP",N/A
math500_406,2,CONCEPTUAL_PROSE,NONE,N/A,Operation type CONCEPTUAL_PROSE does not contain deterministic numeric/algebraic target transition
math500_406,3,FINAL_ANSWER,NONE,N/A,Operation type FINAL_ANSWER does not contain deterministic numeric/algebraic target transition
math500_407,0,EQUATION_DERIVATION,OP_CONSTANT_PERTURB|OP_SIGN_FLIP|OP_TERM_SWAP|OP_FRACTION_FLIP,"Contains verifiable math expression eligible for OP_CONSTANT_PERTURB, OP_SIGN_FLIP, OP_TERM_SWAP, OP_FRACTION_FLIP",N/A
math500_407,1,FINAL_ANSWER,NONE,N/A,Operation type FINAL_ANSWER does not contain deterministic numeric/algebraic target transition
math500_408,0,CONCEPTUAL_PROSE,NONE,N/A,Operation type CONCEPTUAL_PROSE does not contain deterministic numeric/algebraic target transition
math500_408,1,EQUATION_DERIVATION,OP_CONSTANT_PERTURB|OP_SIGN_FLIP|OP_TERM_SWAP|OP_FRACTION_FLIP,"Contains verifiable math expression eligible for OP_CONSTANT_PERTURB, OP_SIGN_FLIP, OP_TERM_SWAP, OP_FRACTION_FLIP",N/A
math500_408,2,ALGEBRAIC_SIMPLIFICATION,OP_CONSTANT_PERTURB|OP_FRACTION_FLIP,"Contains verifiable math expression eligible for OP_CONSTANT_PERTURB, OP_FRACTION_FLIP",N/A
math500_408,3,CONCEPTUAL_PROSE,NONE,N/A,Operation type CONCEPTUAL_PROSE does not contain deterministic numeric/algebraic target transition
math500_408,4,CONCEPTUAL_PROSE,NONE,N/A,Operation type CONCEPTUAL_PROSE does not contain deterministic numeric/algebraic target transition
math500_408,5,CONCEPTUAL_PROSE,NONE,N/A,Operation type CONCEPTUAL_PROSE does not contain deterministic numeric/algebraic target transition
math500_408,6,EQUATION_DERIVATION,OP_CONSTANT_PERTURB|OP_SIGN_FLIP|OP_TERM_SWAP,"Contains verifiable math expression eligible for OP_CONSTANT_PERTURB, OP_SIGN_FLIP, OP_TERM_SWAP",N/A
math500_408,7,ALGEBRAIC_SIMPLIFICATION,OP_CONSTANT_PERTURB|OP_SIGN_FLIP|OP_FRACTION_FLIP,"Contains verifiable math expression eligible for OP_CONSTANT_PERTURB, OP_SIGN_FLIP, OP_FRACTION_FLIP",N/A
math500_408,8,ALGEBRAIC_SIMPLIFICATION,OP_CONSTANT_PERTURB|OP_SIGN_FLIP,"Contains verifiable math expression eligible for OP_CONSTANT_PERTURB, OP_SIGN_FLIP",N/A
math500_408,9,EQUATION_DERIVATION,OP_CONSTANT_PERTURB|OP_SIGN_FLIP|OP_TERM_SWAP|OP_FRACTION_FLIP,"Contains verifiable math expression eligible for OP_CONSTANT_PERTURB, OP_SIGN_FLIP, OP_TERM_SWAP, OP_FRACTION_FLIP",N/A
math500_408,10,FINAL_ANSWER,NONE,N/A,Operation type FINAL_ANSWER does not contain deterministic numeric/algebraic target transition
math500_409,0,CONCEPTUAL_PROSE,NONE,N/A,Operation type CONCEPTUAL_PROSE does not contain deterministic numeric/algebraic target transition
math500_409,1,CONCEPTUAL_PROSE,NONE,N/A,Operation type CONCEPTUAL_PROSE does not contain deterministic numeric/algebraic target transition
math500_409,2,EQUATION_DERIVATION,OP_CONSTANT_PERTURB|OP_SIGN_FLIP|OP_TERM_SWAP|OP_FRACTION_FLIP,"Contains verifiable math expression eligible for OP_CONSTANT_PERTURB, OP_SIGN_FLIP, OP_TERM_SWAP, OP_FRACTION_FLIP",N/A
math500_409,3,EQUATION_DERIVATION,OP_CONSTANT_PERTURB|OP_TERM_SWAP,"Contains verifiable math expression eligible for OP_CONSTANT_PERTURB, OP_TERM_SWAP",N/A
math500_409,4,EQUATION_DERIVATION,OP_CONSTANT_PERTURB|OP_SIGN_FLIP|OP_TERM_SWAP|OP_FRACTION_FLIP,"Contains verifiable math expression eligible for OP_CONSTANT_PERTURB, OP_SIGN_FLIP, OP_TERM_SWAP, OP_FRACTION_FLIP",N/A
math500_409,5,FINAL_ANSWER,NONE,N/A,Operation type FINAL_ANSWER does not contain deterministic numeric/algebraic target transition
math500_410,0,CONCEPTUAL_PROSE,NONE,N/A,Operation type CONCEPTUAL_PROSE does not contain deterministic numeric/algebraic target transition
math500_410,1,EQUATION_DERIVATION,OP_CONSTANT_PERTURB|OP_SIGN_FLIP|OP_TERM_SWAP,"Contains verifiable math expression eligible for OP_CONSTANT_PERTURB, OP_SIGN_FLIP, OP_TERM_SWAP",N/A
math500_410,2,CONCEPTUAL_PROSE,NONE,N/A,Operation type CONCEPTUAL_PROSE does not contain deterministic numeric/algebraic target transition
math500_410,3,FINAL_ANSWER,NONE,N/A,Operation type FINAL_ANSWER does not contain deterministic numeric/algebraic target transition
math500_411,0,FINAL_ANSWER,NONE,N/A,Operation type FINAL_ANSWER does not contain deterministic numeric/algebraic target transition
math500_413,0,CONCEPTUAL_PROSE,NONE,N/A,Operation type CONCEPTUAL_PROSE does not contain deterministic numeric/algebraic target transition
math500_413,1,FINAL_ANSWER,NONE,N/A,Operation type FINAL_ANSWER does not contain deterministic numeric/algebraic target transition
math500_414,0,FINAL_ANSWER,NONE,N/A,Operation type FINAL_ANSWER does not contain deterministic numeric/algebraic target transition
math500_416,0,FINAL_ANSWER,NONE,N/A,Operation type FINAL_ANSWER does not contain deterministic numeric/algebraic target transition
math500_417,0,CONCEPTUAL_PROSE,NONE,N/A,Operation type CONCEPTUAL_PROSE does not contain deterministic numeric/algebraic target transition
math500_417,1,EQUATION_DERIVATION,OP_CONSTANT_PERTURB|OP_SIGN_FLIP|OP_TERM_SWAP,"Contains verifiable math expression eligible for OP_CONSTANT_PERTURB, OP_SIGN_FLIP, OP_TERM_SWAP",N/A
math500_417,2,FINAL_ANSWER,NONE,N/A,Operation type FINAL_ANSWER does not contain deterministic numeric/algebraic target transition
math500_418,0,CONCEPTUAL_PROSE,NONE,N/A,Operation type CONCEPTUAL_PROSE does not contain deterministic numeric/algebraic target transition
math500_418,1,EQUATION_DERIVATION,OP_CONSTANT_PERTURB|OP_SIGN_FLIP|OP_TERM_SWAP,"Contains verifiable math expression eligible for OP_CONSTANT_PERTURB, OP_SIGN_FLIP, OP_TERM_SWAP",N/A
math500_418,2,EQUATION_DERIVATION,OP_CONSTANT_PERTURB|OP_SIGN_FLIP|OP_TERM_SWAP|OP_FRACTION_FLIP,"Contains verifiable math expression eligible for OP_CONSTANT_PERTURB, OP_SIGN_FLIP, OP_TERM_SWAP, OP_FRACTION_FLIP",N/A
math500_418,3,EQUATION_DERIVATION,OP_CONSTANT_PERTURB|OP_SIGN_FLIP|OP_TERM_SWAP|OP_FRACTION_FLIP,"Contains verifiable math expression eligible for OP_CONSTANT_PERTURB, OP_SIGN_FLIP, OP_TERM_SWAP, OP_FRACTION_FLIP",N/A
math500_418,4,EQUATION_DERIVATION,OP_CONSTANT_PERTURB|OP_SIGN_FLIP|OP_TERM_SWAP|OP_FRACTION_FLIP,"Contains verifiable math expression eligible for OP_CONSTANT_PERTURB, OP_SIGN_FLIP, OP_TERM_SWAP, OP_FRACTION_FLIP",N/A
math500_418,5,FINAL_ANSWER,NONE,N/A,Operation type FINAL_ANSWER does not contain deterministic numeric/algebraic target transition
math500_419,0,EQUATION_DERIVATION,OP_TERM_SWAP,Contains verifiable math expression eligible for OP_TERM_SWAP,N/A
math500_419,1,EQUATION_DERIVATION,OP_CONSTANT_PERTURB|OP_SIGN_FLIP|OP_TERM_SWAP,"Contains verifiable math expression eligible for OP_CONSTANT_PERTURB, OP_SIGN_FLIP, OP_TERM_SWAP",N/A
math500_419,2,EQUATION_DERIVATION,OP_CONSTANT_PERTURB|OP_SIGN_FLIP|OP_TERM_SWAP,"Contains verifiable math expression eligible for OP_CONSTANT_PERTURB, OP_SIGN_FLIP, OP_TERM_SWAP",N/A
math500_419,3,EQUATION_DERIVATION,OP_CONSTANT_PERTURB|OP_SIGN_FLIP|OP_TERM_SWAP,"Contains verifiable math expression eligible for OP_CONSTANT_PERTURB, OP_SIGN_FLIP, OP_TERM_SWAP",N/A
math500_419,4,EQUATION_DERIVATION,OP_CONSTANT_PERTURB|OP_SIGN_FLIP|OP_TERM_SWAP,"Contains verifiable math expression eligible for OP_CONSTANT_PERTURB, OP_SIGN_FLIP, OP_TERM_SWAP",N/A
math500_419,5,FINAL_ANSWER,NONE,N/A,Operation type FINAL_ANSWER does not contain deterministic numeric/algebraic target transition
math500_420,0,CONCEPTUAL_PROSE,NONE,N/A,Operation type CONCEPTUAL_PROSE does not contain deterministic numeric/algebraic target transition
math500_420,1,FINAL_ANSWER,NONE,N/A,Operation type FINAL_ANSWER does not contain deterministic numeric/algebraic target transition
math500_421,0,EQUATION_DERIVATION,OP_SIGN_FLIP|OP_TERM_SWAP,"Contains verifiable math expression eligible for OP_SIGN_FLIP, OP_TERM_SWAP",N/A
math500_421,1,EQUATION_DERIVATION,OP_SIGN_FLIP|OP_TERM_SWAP,"Contains verifiable math expression eligible for OP_SIGN_FLIP, OP_TERM_SWAP",N/A
math500_421,2,EQUATION_DERIVATION,OP_CONSTANT_PERTURB|OP_SIGN_FLIP|OP_TERM_SWAP,"Contains verifiable math expression eligible for OP_CONSTANT_PERTURB, OP_SIGN_FLIP, OP_TERM_SWAP",N/A
math500_421,3,EQUATION_DERIVATION,OP_SIGN_FLIP|OP_TERM_SWAP,"Contains verifiable math expression eligible for OP_SIGN_FLIP, OP_TERM_SWAP",N/A
math500_421,4,EQUATION_DERIVATION,OP_CONSTANT_PERTURB|OP_SIGN_FLIP|OP_TERM_SWAP,"Contains verifiable math expression eligible for OP_CONSTANT_PERTURB, OP_SIGN_FLIP, OP_TERM_SWAP",N/A
math500_421,5,EQUATION_DERIVATION,OP_CONSTANT_PERTURB|OP_SIGN_FLIP|OP_TERM_SWAP,"Contains verifiable math expression eligible for OP_CONSTANT_PERTURB, OP_SIGN_FLIP, OP_TERM_SWAP",N/A
math500_421,6,EQUATION_DERIVATION,OP_CONSTANT_PERTURB|OP_SIGN_FLIP|OP_TERM_SWAP,"Contains verifiable math expression eligible for OP_CONSTANT_PERTURB, OP_SIGN_FLIP, OP_TERM_SWAP",N/A
math500_421,7,FINAL_ANSWER,NONE,N/A,Operation type FINAL_ANSWER does not contain deterministic numeric/algebraic target transition
math500_422,0,EQUATION_DERIVATION,OP_CONSTANT_PERTURB|OP_SIGN_FLIP|OP_TERM_SWAP,"Contains verifiable math expression eligible for OP_CONSTANT_PERTURB, OP_SIGN_FLIP, OP_TERM_SWAP",N/A
math500_422,1,EQUATION_DERIVATION,OP_SIGN_FLIP|OP_TERM_SWAP,"Contains verifiable math expression eligible for OP_SIGN_FLIP, OP_TERM_SWAP",N/A
math500_422,2,CONCEPTUAL_PROSE,NONE,N/A,Operation type CONCEPTUAL_PROSE does not contain deterministic numeric/algebraic target transition
math500_422,3,FINAL_ANSWER,NONE,N/A,Operation type FINAL_ANSWER does not contain deterministic numeric/algebraic target transition
math500_422,4,ALGEBRAIC_SIMPLIFICATION,OP_CONSTANT_PERTURB|OP_SIGN_FLIP,"Contains verifiable math expression eligible for OP_CONSTANT_PERTURB, OP_SIGN_FLIP",N/A
math500_422,5,CONCEPTUAL_PROSE,NONE,N/A,Operation type CONCEPTUAL_PROSE does not contain deterministic numeric/algebraic target transition
math500_423,0,CONCEPTUAL_PROSE,NONE,N/A,Operation type CONCEPTUAL_PROSE does not contain deterministic numeric/algebraic target transition
math500_423,1,CONCEPTUAL_PROSE,NONE,N/A,Operation type CONCEPTUAL_PROSE does not contain deterministic numeric/algebraic target transition
math500_423,2,EQUATION_DERIVATION,OP_CONSTANT_PERTURB|OP_SIGN_FLIP|OP_TERM_SWAP,"Contains verifiable math expression eligible for OP_CONSTANT_PERTURB, OP_SIGN_FLIP, OP_TERM_SWAP",N/A
math500_423,3,CONCEPTUAL_PROSE,NONE,N/A,Operation type CONCEPTUAL_PROSE does not contain deterministic numeric/algebraic target transition
math500_423,4,EQUATION_DERIVATION,OP_CONSTANT_PERTURB|OP_SIGN_FLIP|OP_TERM_SWAP,"Contains verifiable math expression eligible for OP_CONSTANT_PERTURB, OP_SIGN_FLIP, OP_TERM_SWAP",N/A
math500_423,5,CONCEPTUAL_PROSE,NONE,N/A,Operation type CONCEPTUAL_PROSE does not contain deterministic numeric/algebraic target transition
math500_423,6,EQUATION_DERIVATION,OP_CONSTANT_PERTURB|OP_TERM_SWAP,"Contains verifiable math expression eligible for OP_CONSTANT_PERTURB, OP_TERM_SWAP",N/A
math500_423,7,FINAL_ANSWER,NONE,N/A,Operation type FINAL_ANSWER does not contain deterministic numeric/algebraic target transition
math500_425,0,CONCEPTUAL_PROSE,NONE,N/A,Operation type CONCEPTUAL_PROSE does not contain deterministic numeric/algebraic target transition
math500_425,1,CONCEPTUAL_PROSE,NONE,N/A,Operation type CONCEPTUAL_PROSE does not contain deterministic numeric/algebraic target transition
math500_425,2,EQUATION_DERIVATION,OP_CONSTANT_PERTURB|OP_SIGN_FLIP|OP_TERM_SWAP|OP_FRACTION_FLIP,"Contains verifiable math expression eligible for OP_CONSTANT_PERTURB, OP_SIGN_FLIP, OP_TERM_SWAP, OP_FRACTION_FLIP",N/A
math500_425,3,EQUATION_DERIVATION,OP_SIGN_FLIP|OP_TERM_SWAP,"Contains verifiable math expression eligible for OP_SIGN_FLIP, OP_TERM_SWAP",N/A
math500_425,4,EQUATION_DERIVATION,OP_CONSTANT_PERTURB|OP_SIGN_FLIP|OP_TERM_SWAP|OP_FRACTION_FLIP,"Contains verifiable math expression eligible for OP_CONSTANT_PERTURB, OP_SIGN_FLIP, OP_TERM_SWAP, OP_FRACTION_FLIP",N/A
math500_425,5,FINAL_ANSWER,NONE,N/A,Operation type FINAL_ANSWER does not contain deterministic numeric/algebraic target transition
math500_426,0,EQUATION_DERIVATION,OP_CONSTANT_PERTURB|OP_TERM_SWAP,"Contains verifiable math expression eligible for OP_CONSTANT_PERTURB, OP_TERM_SWAP",N/A
math500_426,1,CONCEPTUAL_PROSE,NONE,N/A,Operation type CONCEPTUAL_PROSE does not contain deterministic numeric/algebraic target transition
math500_426,2,ALGEBRAIC_SIMPLIFICATION,OP_CONSTANT_PERTURB|OP_SIGN_FLIP,"Contains verifiable math expression eligible for OP_CONSTANT_PERTURB, OP_SIGN_FLIP",N/A
math500_426,3,EQUATION_DERIVATION,OP_CONSTANT_PERTURB|OP_SIGN_FLIP|OP_TERM_SWAP|OP_FRACTION_FLIP,"Contains verifiable math expression eligible for OP_CONSTANT_PERTURB, OP_SIGN_FLIP, OP_TERM_SWAP, OP_FRACTION_FLIP",N/A
math500_426,4,EQUATION_DERIVATION,OP_CONSTANT_PERTURB|OP_TERM_SWAP|OP_FRACTION_FLIP,"Contains verifiable math expression eligible for OP_CONSTANT_PERTURB, OP_TERM_SWAP, OP_FRACTION_FLIP",N/A
math500_426,5,EQUATION_DERIVATION,OP_CONSTANT_PERTURB|OP_TERM_SWAP,"Contains verifiable math expression eligible for OP_CONSTANT_PERTURB, OP_TERM_SWAP",N/A
math500_426,6,EQUATION_DERIVATION,OP_CONSTANT_PERTURB|OP_TERM_SWAP|OP_FRACTION_FLIP,"Contains verifiable math expression eligible for OP_CONSTANT_PERTURB, OP_TERM_SWAP, OP_FRACTION_FLIP",N/A
math500_426,7,ALGEBRAIC_SIMPLIFICATION,OP_CONSTANT_PERTURB|OP_SIGN_FLIP,"Contains verifiable math expression eligible for OP_CONSTANT_PERTURB, OP_SIGN_FLIP",N/A
math500_426,8,FINAL_ANSWER,NONE,N/A,Operation type FINAL_ANSWER does not contain deterministic numeric/algebraic target transition
math500_427,0,CONCEPTUAL_PROSE,NONE,N/A,Operation type CONCEPTUAL_PROSE does not contain deterministic numeric/algebraic target transition
math500_427,1,EQUATION_DERIVATION,OP_CONSTANT_PERTURB|OP_SIGN_FLIP|OP_TERM_SWAP,"Contains verifiable math expression eligible for OP_CONSTANT_PERTURB, OP_SIGN_FLIP, OP_TERM_SWAP",N/A
math500_427,2,FINAL_ANSWER,NONE,N/A,Operation type FINAL_ANSWER does not contain deterministic numeric/algebraic target transition
math500_428,0,ALGEBRAIC_SIMPLIFICATION,OP_SIGN_FLIP,Contains verifiable math expression eligible for OP_SIGN_FLIP,N/A
math500_428,1,EQUATION_DERIVATION,OP_CONSTANT_PERTURB|OP_SIGN_FLIP|OP_TERM_SWAP|OP_FRACTION_FLIP,"Contains verifiable math expression eligible for OP_CONSTANT_PERTURB, OP_SIGN_FLIP, OP_TERM_SWAP, OP_FRACTION_FLIP",N/A
math500_428,2,FINAL_ANSWER,NONE,N/A,Operation type FINAL_ANSWER does not contain deterministic numeric/algebraic target transition
math500_429,0,ALGEBRAIC_SIMPLIFICATION,OP_SIGN_FLIP,Contains verifiable math expression eligible for OP_SIGN_FLIP,N/A
math500_429,1,EQUATION_DERIVATION,OP_CONSTANT_PERTURB|OP_SIGN_FLIP|OP_TERM_SWAP,"Contains verifiable math expression eligible for OP_CONSTANT_PERTURB, OP_SIGN_FLIP, OP_TERM_SWAP",N/A
math500_429,2,FINAL_ANSWER,NONE,N/A,Operation type FINAL_ANSWER does not contain deterministic numeric/algebraic target transition
math500_430,0,CONCEPTUAL_PROSE,NONE,N/A,Operation type CONCEPTUAL_PROSE does not contain deterministic numeric/algebraic target transition
math500_430,1,ALGEBRAIC_SIMPLIFICATION,OP_CONSTANT_PERTURB|OP_FRACTION_FLIP,"Contains verifiable math expression eligible for OP_CONSTANT_PERTURB, OP_FRACTION_FLIP",N/A
math500_430,2,FINAL_ANSWER,NONE,N/A,Operation type FINAL_ANSWER does not contain deterministic numeric/algebraic target transition
math500_432,0,EQUATION_DERIVATION,OP_CONSTANT_PERTURB|OP_SIGN_FLIP|OP_TERM_SWAP,"Contains verifiable math expression eligible for OP_CONSTANT_PERTURB, OP_SIGN_FLIP, OP_TERM_SWAP",N/A
math500_432,1,EQUATION_DERIVATION,OP_CONSTANT_PERTURB|OP_SIGN_FLIP|OP_TERM_SWAP,"Contains verifiable math expression eligible for OP_CONSTANT_PERTURB, OP_SIGN_FLIP, OP_TERM_SWAP",N/A
math500_432,2,EQUATION_DERIVATION,OP_CONSTANT_PERTURB|OP_SIGN_FLIP|OP_TERM_SWAP|OP_FRACTION_FLIP,"Contains verifiable math expression eligible for OP_CONSTANT_PERTURB, OP_SIGN_FLIP, OP_TERM_SWAP, OP_FRACTION_FLIP",N/A
math500_432,3,EQUATION_DERIVATION,OP_CONSTANT_PERTURB|OP_SIGN_FLIP|OP_TERM_SWAP,"Contains verifiable math expression eligible for OP_CONSTANT_PERTURB, OP_SIGN_FLIP, OP_TERM_SWAP",N/A
math500_432,4,CONCEPTUAL_PROSE,NONE,N/A,Operation type CONCEPTUAL_PROSE does not contain deterministic numeric/algebraic target transition
math500_432,5,EQUATION_DERIVATION,OP_CONSTANT_PERTURB|OP_SIGN_FLIP|OP_TERM_SWAP,"Contains verifiable math expression eligible for OP_CONSTANT_PERTURB, OP_SIGN_FLIP, OP_TERM_SWAP",N/A
math500_432,6,EQUATION_DERIVATION,OP_CONSTANT_PERTURB|OP_TERM_SWAP,"Contains verifiable math expression eligible for OP_CONSTANT_PERTURB, OP_TERM_SWAP",N/A
math500_432,7,EQUATION_DERIVATION,OP_CONSTANT_PERTURB|OP_SIGN_FLIP|OP_TERM_SWAP,"Contains verifiable math expression eligible for OP_CONSTANT_PERTURB, OP_SIGN_FLIP, OP_TERM_SWAP",N/A
math500_432,8,FINAL_ANSWER,NONE,N/A,Operation type FINAL_ANSWER does not contain deterministic numeric/algebraic target transition
math500_433,0,ALGEBRAIC_SIMPLIFICATION,OP_CONSTANT_PERTURB|OP_FRACTION_FLIP,"Contains verifiable math expression eligible for OP_CONSTANT_PERTURB, OP_FRACTION_FLIP",N/A
math500_433,1,FINAL_ANSWER,NONE,N/A,Operation type FINAL_ANSWER does not contain deterministic numeric/algebraic target transition
math500_434,0,CONCEPTUAL_PROSE,NONE,N/A,Operation type CONCEPTUAL_PROSE does not contain deterministic numeric/algebraic target transition
math500_434,1,EQUATION_DERIVATION,OP_CONSTANT_PERTURB|OP_SIGN_FLIP|OP_TERM_SWAP,"Contains verifiable math expression eligible for OP_CONSTANT_PERTURB, OP_SIGN_FLIP, OP_TERM_SWAP",N/A
math500_434,2,EQUATION_DERIVATION,OP_CONSTANT_PERTURB|OP_TERM_SWAP,"Contains verifiable math expression eligible for OP_CONSTANT_PERTURB, OP_TERM_SWAP",N/A
math500_434,3,EQUATION_DERIVATION,OP_CONSTANT_PERTURB|OP_SIGN_FLIP|OP_TERM_SWAP,"Contains verifiable math expression eligible for OP_CONSTANT_PERTURB, OP_SIGN_FLIP, OP_TERM_SWAP",N/A
math500_434,4,ALGEBRAIC_SIMPLIFICATION,OP_CONSTANT_PERTURB|OP_SIGN_FLIP,"Contains verifiable math expression eligible for OP_CONSTANT_PERTURB, OP_SIGN_FLIP",N/A
math500_434,5,EQUATION_DERIVATION,OP_CONSTANT_PERTURB|OP_SIGN_FLIP|OP_TERM_SWAP,"Contains verifiable math expression eligible for OP_CONSTANT_PERTURB, OP_SIGN_FLIP, OP_TERM_SWAP",N/A
math500_434,6,FINAL_ANSWER,NONE,N/A,Operation type FINAL_ANSWER does not contain deterministic numeric/algebraic target transition
math500_435,0,ALGEBRAIC_SIMPLIFICATION,OP_CONSTANT_PERTURB|OP_SIGN_FLIP,"Contains verifiable math expression eligible for OP_CONSTANT_PERTURB, OP_SIGN_FLIP",N/A
math500_435,1,ALGEBRAIC_SIMPLIFICATION,OP_CONSTANT_PERTURB|OP_SIGN_FLIP,"Contains verifiable math expression eligible for OP_CONSTANT_PERTURB, OP_SIGN_FLIP",N/A
math500_435,2,CONCEPTUAL_PROSE,NONE,N/A,Operation type CONCEPTUAL_PROSE does not contain deterministic numeric/algebraic target transition
math500_435,3,CONCEPTUAL_PROSE,NONE,N/A,Operation type CONCEPTUAL_PROSE does not contain deterministic numeric/algebraic target transition
math500_435,4,CONCEPTUAL_PROSE,NONE,N/A,Operation type CONCEPTUAL_PROSE does not contain deterministic numeric/algebraic target transition
math500_435,5,FINAL_ANSWER,NONE,N/A,Operation type FINAL_ANSWER does not contain deterministic numeric/algebraic target transition
math500_436,0,EQUATION_DERIVATION,OP_CONSTANT_PERTURB|OP_SIGN_FLIP|OP_TERM_SWAP|OP_FRACTION_FLIP,"Contains verifiable math expression eligible for OP_CONSTANT_PERTURB, OP_SIGN_FLIP, OP_TERM_SWAP, OP_FRACTION_FLIP",N/A
math500_436,1,ALGEBRAIC_SIMPLIFICATION,OP_CONSTANT_PERTURB|OP_SIGN_FLIP|OP_FRACTION_FLIP,"Contains verifiable math expression eligible for OP_CONSTANT_PERTURB, OP_SIGN_FLIP, OP_FRACTION_FLIP",N/A
math500_436,2,EQUATION_DERIVATION,OP_CONSTANT_PERTURB|OP_SIGN_FLIP|OP_TERM_SWAP|OP_FRACTION_FLIP,"Contains verifiable math expression eligible for OP_CONSTANT_PERTURB, OP_SIGN_FLIP, OP_TERM_SWAP, OP_FRACTION_FLIP",N/A
math500_436,3,FINAL_ANSWER,NONE,N/A,Operation type FINAL_ANSWER does not contain deterministic numeric/algebraic target transition
math500_436,4,CONCEPTUAL_PROSE,NONE,N/A,Operation type CONCEPTUAL_PROSE does not contain deterministic numeric/algebraic target transition
math500_436,5,ALGEBRAIC_SIMPLIFICATION,OP_CONSTANT_PERTURB|OP_SIGN_FLIP,"Contains verifiable math expression eligible for OP_CONSTANT_PERTURB, OP_SIGN_FLIP",N/A
math500_436,6,ALGEBRAIC_SIMPLIFICATION,OP_CONSTANT_PERTURB|OP_SIGN_FLIP,"Contains verifiable math expression eligible for OP_CONSTANT_PERTURB, OP_SIGN_FLIP",N/A
math500_437,0,CONCEPTUAL_PROSE,NONE,N/A,Operation type CONCEPTUAL_PROSE does not contain deterministic numeric/algebraic target transition
math500_437,1,EQUATION_DERIVATION,OP_SIGN_FLIP|OP_TERM_SWAP,"Contains verifiable math expression eligible for OP_SIGN_FLIP, OP_TERM_SWAP",N/A
math500_437,2,EQUATION_DERIVATION,OP_SIGN_FLIP|OP_TERM_SWAP,"Contains verifiable math expression eligible for OP_SIGN_FLIP, OP_TERM_SWAP",N/A
math500_437,3,CONCEPTUAL_PROSE,NONE,N/A,Operation type CONCEPTUAL_PROSE does not contain deterministic numeric/algebraic target transition
math500_437,4,EQUATION_DERIVATION,OP_CONSTANT_PERTURB|OP_TERM_SWAP,"Contains verifiable math expression eligible for OP_CONSTANT_PERTURB, OP_TERM_SWAP",N/A
math500_437,5,EQUATION_DERIVATION,OP_CONSTANT_PERTURB|OP_TERM_SWAP,"Contains verifiable math expression eligible for OP_CONSTANT_PERTURB, OP_TERM_SWAP",N/A
math500_437,6,EQUATION_DERIVATION,OP_CONSTANT_PERTURB|OP_SIGN_FLIP|OP_TERM_SWAP,"Contains verifiable math expression eligible for OP_CONSTANT_PERTURB, OP_SIGN_FLIP, OP_TERM_SWAP",N/A
math500_437,7,EQUATION_DERIVATION,OP_CONSTANT_PERTURB|OP_SIGN_FLIP|OP_TERM_SWAP,"Contains verifiable math expression eligible for OP_CONSTANT_PERTURB, OP_SIGN_FLIP, OP_TERM_SWAP",N/A
math500_437,8,FINAL_ANSWER,NONE,N/A,Operation type FINAL_ANSWER does not contain deterministic numeric/algebraic target transition
math500_438,0,FINAL_ANSWER,NONE,N/A,Operation type FINAL_ANSWER does not contain deterministic numeric/algebraic target transition
math500_439,0,CONCEPTUAL_PROSE,NONE,N/A,Operation type CONCEPTUAL_PROSE does not contain deterministic numeric/algebraic target transition
math500_439,1,FINAL_ANSWER,NONE,N/A,Operation type FINAL_ANSWER does not contain deterministic numeric/algebraic target transition
math500_440,0,FINAL_ANSWER,NONE,N/A,Operation type FINAL_ANSWER does not contain deterministic numeric/algebraic target transition
math500_441,0,EQUATION_DERIVATION,OP_CONSTANT_PERTURB|OP_TERM_SWAP,"Contains verifiable math expression eligible for OP_CONSTANT_PERTURB, OP_TERM_SWAP",N/A
math500_441,1,EQUATION_DERIVATION,OP_CONSTANT_PERTURB|OP_TERM_SWAP,"Contains verifiable math expression eligible for OP_CONSTANT_PERTURB, OP_TERM_SWAP",N/A
math500_441,2,FINAL_ANSWER,NONE,N/A,Operation type FINAL_ANSWER does not contain deterministic numeric/algebraic target transition
math500_442,0,FINAL_ANSWER,NONE,N/A,Operation type FINAL_ANSWER does not contain deterministic numeric/algebraic target transition
math500_443,0,FINAL_ANSWER,NONE,N/A,Operation type FINAL_ANSWER does not contain deterministic numeric/algebraic target transition
math500_444,0,CONCEPTUAL_PROSE,NONE,N/A,Operation type CONCEPTUAL_PROSE does not contain deterministic numeric/algebraic target transition
math500_444,1,CONCEPTUAL_PROSE,NONE,N/A,Operation type CONCEPTUAL_PROSE does not contain deterministic numeric/algebraic target transition
math500_444,2,ALGEBRAIC_SIMPLIFICATION,OP_CONSTANT_PERTURB|OP_SIGN_FLIP,"Contains verifiable math expression eligible for OP_CONSTANT_PERTURB, OP_SIGN_FLIP",N/A
math500_444,3,FINAL_ANSWER,NONE,N/A,Operation type FINAL_ANSWER does not contain deterministic numeric/algebraic target transition
math500_445,0,EQUATION_DERIVATION,OP_SIGN_FLIP|OP_TERM_SWAP,"Contains verifiable math expression eligible for OP_SIGN_FLIP, OP_TERM_SWAP",N/A
math500_445,1,EQUATION_DERIVATION,OP_CONSTANT_PERTURB|OP_SIGN_FLIP|OP_TERM_SWAP,"Contains verifiable math expression eligible for OP_CONSTANT_PERTURB, OP_SIGN_FLIP, OP_TERM_SWAP",N/A
math500_445,2,EQUATION_DERIVATION,OP_CONSTANT_PERTURB|OP_SIGN_FLIP|OP_TERM_SWAP,"Contains verifiable math expression eligible for OP_CONSTANT_PERTURB, OP_SIGN_FLIP, OP_TERM_SWAP",N/A
math500_445,3,EQUATION_DERIVATION,OP_CONSTANT_PERTURB|OP_SIGN_FLIP|OP_TERM_SWAP,"Contains verifiable math expression eligible for OP_CONSTANT_PERTURB, OP_SIGN_FLIP, OP_TERM_SWAP",N/A
math500_445,4,CONCEPTUAL_PROSE,NONE,N/A,Operation type CONCEPTUAL_PROSE does not contain deterministic numeric/algebraic target transition
math500_445,5,EQUATION_DERIVATION,OP_CONSTANT_PERTURB|OP_SIGN_FLIP|OP_TERM_SWAP,"Contains verifiable math expression eligible for OP_CONSTANT_PERTURB, OP_SIGN_FLIP, OP_TERM_SWAP",N/A
math500_445,6,EQUATION_DERIVATION,OP_CONSTANT_PERTURB|OP_SIGN_FLIP|OP_TERM_SWAP,"Contains verifiable math expression eligible for OP_CONSTANT_PERTURB, OP_SIGN_FLIP, OP_TERM_SWAP",N/A
math500_445,7,EQUATION_DERIVATION,OP_CONSTANT_PERTURB|OP_SIGN_FLIP|OP_TERM_SWAP|OP_FRACTION_FLIP,"Contains verifiable math expression eligible for OP_CONSTANT_PERTURB, OP_SIGN_FLIP, OP_TERM_SWAP, OP_FRACTION_FLIP",N/A
math500_445,8,EQUATION_DERIVATION,OP_CONSTANT_PERTURB|OP_SIGN_FLIP|OP_TERM_SWAP|OP_FRACTION_FLIP,"Contains verifiable math expression eligible for OP_CONSTANT_PERTURB, OP_SIGN_FLIP, OP_TERM_SWAP, OP_FRACTION_FLIP",N/A
math500_445,9,EQUATION_DERIVATION,OP_CONSTANT_PERTURB|OP_SIGN_FLIP|OP_TERM_SWAP,"Contains verifiable math expression eligible for OP_CONSTANT_PERTURB, OP_SIGN_FLIP, OP_TERM_SWAP",N/A
math500_445,10,EQUATION_DERIVATION,OP_CONSTANT_PERTURB|OP_SIGN_FLIP|OP_TERM_SWAP,"Contains verifiable math expression eligible for OP_CONSTANT_PERTURB, OP_SIGN_FLIP, OP_TERM_SWAP",N/A
math500_445,11,EQUATION_DERIVATION,OP_CONSTANT_PERTURB|OP_TERM_SWAP,"Contains verifiable math expression eligible for OP_CONSTANT_PERTURB, OP_TERM_SWAP",N/A
math500_445,12,EQUATION_DERIVATION,OP_CONSTANT_PERTURB|OP_SIGN_FLIP|OP_TERM_SWAP|OP_FRACTION_FLIP,"Contains verifiable math expression eligible for OP_CONSTANT_PERTURB, OP_SIGN_FLIP, OP_TERM_SWAP, OP_FRACTION_FLIP",N/A
math500_445,13,EQUATION_DERIVATION,OP_CONSTANT_PERTURB|OP_SIGN_FLIP|OP_TERM_SWAP|OP_FRACTION_FLIP,"Contains verifiable math expression eligible for OP_CONSTANT_PERTURB, OP_SIGN_FLIP, OP_TERM_SWAP, OP_FRACTION_FLIP",N/A
math500_445,14,EQUATION_DERIVATION,OP_CONSTANT_PERTURB|OP_SIGN_FLIP|OP_TERM_SWAP,"Contains verifiable math expression eligible for OP_CONSTANT_PERTURB, OP_SIGN_FLIP, OP_TERM_SWAP",N/A
math500_445,15,EQUATION_DERIVATION,OP_CONSTANT_PERTURB|OP_SIGN_FLIP|OP_TERM_SWAP,"Contains verifiable math expression eligible for OP_CONSTANT_PERTURB, OP_SIGN_FLIP, OP_TERM_SWAP",N/A
math500_445,16,CONCEPTUAL_PROSE,NONE,N/A,Operation type CONCEPTUAL_PROSE does not contain deterministic numeric/algebraic target transition
math500_445,17,ALGEBRAIC_SIMPLIFICATION,OP_CONSTANT_PERTURB,Contains verifiable math expression eligible for OP_CONSTANT_PERTURB,N/A
math500_445,18,ALGEBRAIC_SIMPLIFICATION,OP_CONSTANT_PERTURB|OP_SIGN_FLIP,"Contains verifiable math expression eligible for OP_CONSTANT_PERTURB, OP_SIGN_FLIP",N/A
math500_445,19,CONCEPTUAL_PROSE,NONE,N/A,Operation type CONCEPTUAL_PROSE does not contain deterministic numeric/algebraic target transition
math500_445,20,EQUATION_DERIVATION,OP_CONSTANT_PERTURB|OP_SIGN_FLIP|OP_TERM_SWAP,"Contains verifiable math expression eligible for OP_CONSTANT_PERTURB, OP_SIGN_FLIP, OP_TERM_SWAP",N/A
math500_445,21,ALGEBRAIC_SIMPLIFICATION,OP_CONSTANT_PERTURB|OP_SIGN_FLIP,"Contains verifiable math expression eligible for OP_CONSTANT_PERTURB, OP_SIGN_FLIP",N/A
math500_445,22,EQUATION_DERIVATION,OP_CONSTANT_PERTURB|OP_SIGN_FLIP|OP_TERM_SWAP,"Contains verifiable math expression eligible for OP_CONSTANT_PERTURB, OP_SIGN_FLIP, OP_TERM_SWAP",N/A
math500_445,23,ALGEBRAIC_SIMPLIFICATION,NONE,N/A,Operation type ALGEBRAIC_SIMPLIFICATION does not contain deterministic numeric/algebraic target transition
math500_445,24,EQUATION_DERIVATION,OP_CONSTANT_PERTURB|OP_SIGN_FLIP|OP_TERM_SWAP,"Contains verifiable math expression eligible for OP_CONSTANT_PERTURB, OP_SIGN_FLIP, OP_TERM_SWAP",N/A
math500_445,25,EQUATION_DERIVATION,OP_CONSTANT_PERTURB|OP_SIGN_FLIP|OP_TERM_SWAP,"Contains verifiable math expression eligible for OP_CONSTANT_PERTURB, OP_SIGN_FLIP, OP_TERM_SWAP",N/A
math500_445,26,EQUATION_DERIVATION,OP_CONSTANT_PERTURB|OP_SIGN_FLIP|OP_TERM_SWAP,"Contains verifiable math expression eligible for OP_CONSTANT_PERTURB, OP_SIGN_FLIP, OP_TERM_SWAP",N/A
math500_445,27,EQUATION_DERIVATION,OP_CONSTANT_PERTURB|OP_SIGN_FLIP|OP_TERM_SWAP,"Contains verifiable math expression eligible for OP_CONSTANT_PERTURB, OP_SIGN_FLIP, OP_TERM_SWAP",N/A
math500_445,28,EQUATION_DERIVATION,OP_CONSTANT_PERTURB|OP_SIGN_FLIP|OP_TERM_SWAP,"Contains verifiable math expression eligible for OP_CONSTANT_PERTURB, OP_SIGN_FLIP, OP_TERM_SWAP",N/A
math500_445,29,EQUATION_DERIVATION,OP_CONSTANT_PERTURB|OP_SIGN_FLIP|OP_TERM_SWAP,"Contains verifiable math expression eligible for OP_CONSTANT_PERTURB, OP_SIGN_FLIP, OP_TERM_SWAP",N/A
math500_445,30,ALGEBRAIC_SIMPLIFICATION,OP_CONSTANT_PERTURB|OP_SIGN_FLIP,"Contains verifiable math expression eligible for OP_CONSTANT_PERTURB, OP_SIGN_FLIP",N/A
math500_445,31,FINAL_ANSWER,NONE,N/A,Operation type FINAL_ANSWER does not contain deterministic numeric/algebraic target transition
math500_447,0,CONCEPTUAL_PROSE,NONE,N/A,Operation type CONCEPTUAL_PROSE does not contain deterministic numeric/algebraic target transition
math500_447,1,CONCEPTUAL_PROSE,NONE,N/A,Operation type CONCEPTUAL_PROSE does not contain deterministic numeric/algebraic target transition
math500_447,2,CONCEPTUAL_PROSE,NONE,N/A,Operation type CONCEPTUAL_PROSE does not contain deterministic numeric/algebraic target transition
math500_447,3,FINAL_ANSWER,NONE,N/A,Operation type FINAL_ANSWER does not contain deterministic numeric/algebraic target transition
math500_448,0,EQUATION_DERIVATION,OP_CONSTANT_PERTURB|OP_TERM_SWAP,"Contains verifiable math expression eligible for OP_CONSTANT_PERTURB, OP_TERM_SWAP",N/A
math500_448,1,CONCEPTUAL_PROSE,NONE,N/A,Operation type CONCEPTUAL_PROSE does not contain deterministic numeric/algebraic target transition
math500_448,2,EQUATION_DERIVATION,OP_CONSTANT_PERTURB|OP_TERM_SWAP,"Contains verifiable math expression eligible for OP_CONSTANT_PERTURB, OP_TERM_SWAP",N/A
math500_448,3,ALGEBRAIC_SIMPLIFICATION,OP_CONSTANT_PERTURB,Contains verifiable math expression eligible for OP_CONSTANT_PERTURB,N/A
math500_448,4,EQUATION_DERIVATION,OP_CONSTANT_PERTURB|OP_TERM_SWAP,"Contains verifiable math expression eligible for OP_CONSTANT_PERTURB, OP_TERM_SWAP",N/A
math500_448,5,FINAL_ANSWER,NONE,N/A,Operation type FINAL_ANSWER does not contain deterministic numeric/algebraic target transition
math500_448,6,EQUATION_DERIVATION,OP_CONSTANT_PERTURB|OP_SIGN_FLIP|OP_TERM_SWAP,"Contains verifiable math expression eligible for OP_CONSTANT_PERTURB, OP_SIGN_FLIP, OP_TERM_SWAP",N/A
math500_449,0,FINAL_ANSWER,NONE,N/A,Operation type FINAL_ANSWER does not contain deterministic numeric/algebraic target transition
math500_450,0,CONCEPTUAL_PROSE,NONE,N/A,Operation type CONCEPTUAL_PROSE does not contain deterministic numeric/algebraic target transition
math500_450,1,ALGEBRAIC_SIMPLIFICATION,OP_CONSTANT_PERTURB|OP_SIGN_FLIP,"Contains verifiable math expression eligible for OP_CONSTANT_PERTURB, OP_SIGN_FLIP",N/A
math500_450,2,ALGEBRAIC_SIMPLIFICATION,OP_CONSTANT_PERTURB|OP_SIGN_FLIP,"Contains verifiable math expression eligible for OP_CONSTANT_PERTURB, OP_SIGN_FLIP",N/A
math500_450,3,EQUATION_DERIVATION,OP_CONSTANT_PERTURB|OP_SIGN_FLIP|OP_TERM_SWAP,"Contains verifiable math expression eligible for OP_CONSTANT_PERTURB, OP_SIGN_FLIP, OP_TERM_SWAP",N/A
math500_450,4,FINAL_ANSWER,NONE,N/A,Operation type FINAL_ANSWER does not contain deterministic numeric/algebraic target transition
math500_451,0,EQUATION_DERIVATION,OP_CONSTANT_PERTURB|OP_TERM_SWAP|OP_FRACTION_FLIP,"Contains verifiable math expression eligible for OP_CONSTANT_PERTURB, OP_TERM_SWAP, OP_FRACTION_FLIP",N/A
math500_451,1,EQUATION_DERIVATION,OP_CONSTANT_PERTURB|OP_SIGN_FLIP|OP_TERM_SWAP,"Contains verifiable math expression eligible for OP_CONSTANT_PERTURB, OP_SIGN_FLIP, OP_TERM_SWAP",N/A
math500_451,2,FINAL_ANSWER,NONE,N/A,Operation type FINAL_ANSWER does not contain deterministic numeric/algebraic target transition
math500_452,0,EQUATION_DERIVATION,OP_CONSTANT_PERTURB|OP_SIGN_FLIP|OP_TERM_SWAP,"Contains verifiable math expression eligible for OP_CONSTANT_PERTURB, OP_SIGN_FLIP, OP_TERM_SWAP",N/A
math500_452,1,EQUATION_DERIVATION,OP_CONSTANT_PERTURB|OP_SIGN_FLIP|OP_TERM_SWAP,"Contains verifiable math expression eligible for OP_CONSTANT_PERTURB, OP_SIGN_FLIP, OP_TERM_SWAP",N/A
math500_452,2,CONCEPTUAL_PROSE,NONE,N/A,Operation type CONCEPTUAL_PROSE does not contain deterministic numeric/algebraic target transition
math500_452,3,EQUATION_DERIVATION,OP_CONSTANT_PERTURB|OP_SIGN_FLIP|OP_TERM_SWAP,"Contains verifiable math expression eligible for OP_CONSTANT_PERTURB, OP_SIGN_FLIP, OP_TERM_SWAP",N/A
math500_452,4,FINAL_ANSWER,NONE,N/A,Operation type FINAL_ANSWER does not contain deterministic numeric/algebraic target transition
math500_452,5,FINAL_ANSWER,NONE,N/A,Operation type FINAL_ANSWER does not contain deterministic numeric/algebraic target transition
math500_453,0,EQUATION_DERIVATION,OP_CONSTANT_PERTURB|OP_SIGN_FLIP|OP_TERM_SWAP|OP_FRACTION_FLIP,"Contains verifiable math expression eligible for OP_CONSTANT_PERTURB, OP_SIGN_FLIP, OP_TERM_SWAP, OP_FRACTION_FLIP",N/A
math500_453,1,EQUATION_DERIVATION,OP_CONSTANT_PERTURB|OP_TERM_SWAP,"Contains verifiable math expression eligible for OP_CONSTANT_PERTURB, OP_TERM_SWAP",N/A
math500_453,2,EQUATION_DERIVATION,OP_CONSTANT_PERTURB|OP_TERM_SWAP,"Contains verifiable math expression eligible for OP_CONSTANT_PERTURB, OP_TERM_SWAP",N/A
math500_453,3,FINAL_ANSWER,NONE,N/A,Operation type FINAL_ANSWER does not contain deterministic numeric/algebraic target transition
math500_454,0,EQUATION_DERIVATION,OP_CONSTANT_PERTURB|OP_SIGN_FLIP|OP_TERM_SWAP,"Contains verifiable math expression eligible for OP_CONSTANT_PERTURB, OP_SIGN_FLIP, OP_TERM_SWAP",N/A
math500_454,1,EQUATION_DERIVATION,OP_CONSTANT_PERTURB|OP_SIGN_FLIP|OP_TERM_SWAP,"Contains verifiable math expression eligible for OP_CONSTANT_PERTURB, OP_SIGN_FLIP, OP_TERM_SWAP",N/A
math500_454,2,EQUATION_DERIVATION,OP_CONSTANT_PERTURB|OP_TERM_SWAP,"Contains verifiable math expression eligible for OP_CONSTANT_PERTURB, OP_TERM_SWAP",N/A
math500_454,3,EQUATION_DERIVATION,OP_CONSTANT_PERTURB|OP_TERM_SWAP,"Contains verifiable math expression eligible for OP_CONSTANT_PERTURB, OP_TERM_SWAP",N/A
math500_454,4,CONCEPTUAL_PROSE,NONE,N/A,Operation type CONCEPTUAL_PROSE does not contain deterministic numeric/algebraic target transition
math500_454,5,EQUATION_DERIVATION,OP_CONSTANT_PERTURB|OP_SIGN_FLIP|OP_TERM_SWAP,"Contains verifiable math expression eligible for OP_CONSTANT_PERTURB, OP_SIGN_FLIP, OP_TERM_SWAP",N/A
math500_454,6,EQUATION_DERIVATION,OP_CONSTANT_PERTURB|OP_SIGN_FLIP|OP_TERM_SWAP,"Contains verifiable math expression eligible for OP_CONSTANT_PERTURB, OP_SIGN_FLIP, OP_TERM_SWAP",N/A
math500_454,7,EQUATION_DERIVATION,OP_CONSTANT_PERTURB|OP_SIGN_FLIP|OP_TERM_SWAP,"Contains verifiable math expression eligible for OP_CONSTANT_PERTURB, OP_SIGN_FLIP, OP_TERM_SWAP",N/A
math500_454,8,FINAL_ANSWER,NONE,N/A,Operation type FINAL_ANSWER does not contain deterministic numeric/algebraic target transition
math500_455,0,FINAL_ANSWER,NONE,N/A,Operation type FINAL_ANSWER does not contain deterministic numeric/algebraic target transition
math500_456,0,FINAL_ANSWER,NONE,N/A,Operation type FINAL_ANSWER does not contain deterministic numeric/algebraic target transition
math500_457,0,FINAL_ANSWER,NONE,N/A,Operation type FINAL_ANSWER does not contain deterministic numeric/algebraic target transition
math500_458,0,CONCEPTUAL_PROSE,NONE,N/A,Operation type CONCEPTUAL_PROSE does not contain deterministic numeric/algebraic target transition
math500_458,1,CONCEPTUAL_PROSE,NONE,N/A,Operation type CONCEPTUAL_PROSE does not contain deterministic numeric/algebraic target transition
math500_458,2,ALGEBRAIC_SIMPLIFICATION,OP_CONSTANT_PERTURB|OP_SIGN_FLIP,"Contains verifiable math expression eligible for OP_CONSTANT_PERTURB, OP_SIGN_FLIP",N/A
math500_458,3,CONCEPTUAL_PROSE,NONE,N/A,Operation type CONCEPTUAL_PROSE does not contain deterministic numeric/algebraic target transition
math500_458,4,CONCEPTUAL_PROSE,NONE,N/A,Operation type CONCEPTUAL_PROSE does not contain deterministic numeric/algebraic target transition
math500_458,5,FINAL_ANSWER,NONE,N/A,Operation type FINAL_ANSWER does not contain deterministic numeric/algebraic target transition
math500_459,0,CONCEPTUAL_PROSE,NONE,N/A,Operation type CONCEPTUAL_PROSE does not contain deterministic numeric/algebraic target transition
math500_459,1,ALGEBRAIC_SIMPLIFICATION,OP_CONSTANT_PERTURB|OP_SIGN_FLIP,"Contains verifiable math expression eligible for OP_CONSTANT_PERTURB, OP_SIGN_FLIP",N/A
math500_459,2,ALGEBRAIC_SIMPLIFICATION,OP_CONSTANT_PERTURB|OP_SIGN_FLIP,"Contains verifiable math expression eligible for OP_CONSTANT_PERTURB, OP_SIGN_FLIP",N/A
math500_459,3,EQUATION_DERIVATION,OP_CONSTANT_PERTURB|OP_SIGN_FLIP|OP_TERM_SWAP,"Contains verifiable math expression eligible for OP_CONSTANT_PERTURB, OP_SIGN_FLIP, OP_TERM_SWAP",N/A
math500_459,4,EQUATION_DERIVATION,OP_CONSTANT_PERTURB|OP_TERM_SWAP,"Contains verifiable math expression eligible for OP_CONSTANT_PERTURB, OP_TERM_SWAP",N/A
math500_459,5,FINAL_ANSWER,NONE,N/A,Operation type FINAL_ANSWER does not contain deterministic numeric/algebraic target transition
math500_460,0,EQUATION_DERIVATION,OP_CONSTANT_PERTURB|OP_SIGN_FLIP|OP_TERM_SWAP,"Contains verifiable math expression eligible for OP_CONSTANT_PERTURB, OP_SIGN_FLIP, OP_TERM_SWAP",N/A
math500_460,1,FINAL_ANSWER,NONE,N/A,Operation type FINAL_ANSWER does not contain deterministic numeric/algebraic target transition
math500_461,0,ALGEBRAIC_SIMPLIFICATION,OP_CONSTANT_PERTURB|OP_FRACTION_FLIP,"Contains verifiable math expression eligible for OP_CONSTANT_PERTURB, OP_FRACTION_FLIP",N/A
math500_461,1,EQUATION_DERIVATION,OP_CONSTANT_PERTURB|OP_TERM_SWAP|OP_FRACTION_FLIP,"Contains verifiable math expression eligible for OP_CONSTANT_PERTURB, OP_TERM_SWAP, OP_FRACTION_FLIP",N/A
math500_461,2,ALGEBRAIC_SIMPLIFICATION,OP_CONSTANT_PERTURB,Contains verifiable math expression eligible for OP_CONSTANT_PERTURB,N/A
math500_461,3,EQUATION_DERIVATION,OP_CONSTANT_PERTURB|OP_TERM_SWAP,"Contains verifiable math expression eligible for OP_CONSTANT_PERTURB, OP_TERM_SWAP",N/A
math500_461,4,ALGEBRAIC_SIMPLIFICATION,OP_CONSTANT_PERTURB,Contains verifiable math expression eligible for OP_CONSTANT_PERTURB,N/A
math500_461,5,EQUATION_DERIVATION,OP_CONSTANT_PERTURB|OP_TERM_SWAP,"Contains verifiable math expression eligible for OP_CONSTANT_PERTURB, OP_TERM_SWAP",N/A
math500_461,6,FINAL_ANSWER,NONE,N/A,Operation type FINAL_ANSWER does not contain deterministic numeric/algebraic target transition
math500_462,0,CONCEPTUAL_PROSE,NONE,N/A,Operation type CONCEPTUAL_PROSE does not contain deterministic numeric/algebraic target transition
math500_462,1,ALGEBRAIC_SIMPLIFICATION,OP_CONSTANT_PERTURB,Contains verifiable math expression eligible for OP_CONSTANT_PERTURB,N/A
math500_462,2,FINAL_ANSWER,NONE,N/A,Operation type FINAL_ANSWER does not contain deterministic numeric/algebraic target transition
math500_463,0,CONCEPTUAL_PROSE,NONE,N/A,Operation type CONCEPTUAL_PROSE does not contain deterministic numeric/algebraic target transition
math500_463,1,EQUATION_DERIVATION,OP_CONSTANT_PERTURB|OP_SIGN_FLIP|OP_TERM_SWAP,"Contains verifiable math expression eligible for OP_CONSTANT_PERTURB, OP_SIGN_FLIP, OP_TERM_SWAP",N/A
math500_463,2,EQUATION_DERIVATION,OP_CONSTANT_PERTURB|OP_SIGN_FLIP|OP_TERM_SWAP,"Contains verifiable math expression eligible for OP_CONSTANT_PERTURB, OP_SIGN_FLIP, OP_TERM_SWAP",N/A
math500_463,3,FINAL_ANSWER,NONE,N/A,Operation type FINAL_ANSWER does not contain deterministic numeric/algebraic target transition
math500_464,0,EQUATION_DERIVATION,OP_CONSTANT_PERTURB|OP_SIGN_FLIP|OP_TERM_SWAP,"Contains verifiable math expression eligible for OP_CONSTANT_PERTURB, OP_SIGN_FLIP, OP_TERM_SWAP",N/A
math500_464,1,EQUATION_DERIVATION,OP_CONSTANT_PERTURB|OP_SIGN_FLIP|OP_TERM_SWAP|OP_FRACTION_FLIP,"Contains verifiable math expression eligible for OP_CONSTANT_PERTURB, OP_SIGN_FLIP, OP_TERM_SWAP, OP_FRACTION_FLIP",N/A
math500_464,2,EQUATION_DERIVATION,OP_CONSTANT_PERTURB|OP_SIGN_FLIP|OP_TERM_SWAP,"Contains verifiable math expression eligible for OP_CONSTANT_PERTURB, OP_SIGN_FLIP, OP_TERM_SWAP",N/A
math500_464,3,EQUATION_DERIVATION,OP_CONSTANT_PERTURB|OP_SIGN_FLIP|OP_TERM_SWAP,"Contains verifiable math expression eligible for OP_CONSTANT_PERTURB, OP_SIGN_FLIP, OP_TERM_SWAP",N/A
math500_464,4,FINAL_ANSWER,NONE,N/A,Operation type FINAL_ANSWER does not contain deterministic numeric/algebraic target transition
math500_465,0,CONCEPTUAL_PROSE,NONE,N/A,Operation type CONCEPTUAL_PROSE does not contain deterministic numeric/algebraic target transition
math500_465,1,CONCEPTUAL_PROSE,NONE,N/A,Operation type CONCEPTUAL_PROSE does not contain deterministic numeric/algebraic target transition
math500_465,2,ALGEBRAIC_SIMPLIFICATION,OP_CONSTANT_PERTURB|OP_SIGN_FLIP,"Contains verifiable math expression eligible for OP_CONSTANT_PERTURB, OP_SIGN_FLIP",N/A
math500_465,3,ALGEBRAIC_SIMPLIFICATION,OP_CONSTANT_PERTURB|OP_SIGN_FLIP,"Contains verifiable math expression eligible for OP_CONSTANT_PERTURB, OP_SIGN_FLIP",N/A
math500_465,4,ALGEBRAIC_SIMPLIFICATION,OP_CONSTANT_PERTURB,Contains verifiable math expression eligible for OP_CONSTANT_PERTURB,N/A
math500_465,5,FINAL_ANSWER,NONE,N/A,Operation type FINAL_ANSWER does not contain deterministic numeric/algebraic target transition
math500_466,0,CONCEPTUAL_PROSE,NONE,N/A,Operation type CONCEPTUAL_PROSE does not contain deterministic numeric/algebraic target transition
math500_466,1,EQUATION_DERIVATION,OP_CONSTANT_PERTURB|OP_SIGN_FLIP|OP_TERM_SWAP|OP_FRACTION_FLIP,"Contains verifiable math expression eligible for OP_CONSTANT_PERTURB, OP_SIGN_FLIP, OP_TERM_SWAP, OP_FRACTION_FLIP",N/A
math500_466,2,EQUATION_DERIVATION,OP_CONSTANT_PERTURB|OP_SIGN_FLIP|OP_TERM_SWAP,"Contains verifiable math expression eligible for OP_CONSTANT_PERTURB, OP_SIGN_FLIP, OP_TERM_SWAP",N/A
math500_466,3,EQUATION_DERIVATION,OP_CONSTANT_PERTURB|OP_SIGN_FLIP|OP_TERM_SWAP,"Contains verifiable math expression eligible for OP_CONSTANT_PERTURB, OP_SIGN_FLIP, OP_TERM_SWAP",N/A
math500_466,4,EQUATION_DERIVATION,OP_CONSTANT_PERTURB|OP_SIGN_FLIP|OP_TERM_SWAP,"Contains verifiable math expression eligible for OP_CONSTANT_PERTURB, OP_SIGN_FLIP, OP_TERM_SWAP",N/A
math500_466,5,FINAL_ANSWER,NONE,N/A,Operation type FINAL_ANSWER does not contain deterministic numeric/algebraic target transition
math500_467,0,FINAL_ANSWER,NONE,N/A,Operation type FINAL_ANSWER does not contain deterministic numeric/algebraic target transition
math500_468,0,EQUATION_DERIVATION,OP_CONSTANT_PERTURB|OP_TERM_SWAP|OP_FRACTION_FLIP,"Contains verifiable math expression eligible for OP_CONSTANT_PERTURB, OP_TERM_SWAP, OP_FRACTION_FLIP",N/A
math500_468,1,FINAL_ANSWER,NONE,N/A,Operation type FINAL_ANSWER does not contain deterministic numeric/algebraic target transition
math500_469,0,ALGEBRAIC_SIMPLIFICATION,OP_CONSTANT_PERTURB,Contains verifiable math expression eligible for OP_CONSTANT_PERTURB,N/A
math500_469,1,FINAL_ANSWER,NONE,N/A,Operation type FINAL_ANSWER does not contain deterministic numeric/algebraic target transition
math500_470,0,EQUATION_DERIVATION,OP_CONSTANT_PERTURB|OP_SIGN_FLIP|OP_TERM_SWAP|OP_FRACTION_FLIP,"Contains verifiable math expression eligible for OP_CONSTANT_PERTURB, OP_SIGN_FLIP, OP_TERM_SWAP, OP_FRACTION_FLIP",N/A
math500_470,1,ALGEBRAIC_SIMPLIFICATION,OP_CONSTANT_PERTURB,Contains verifiable math expression eligible for OP_CONSTANT_PERTURB,N/A
math500_470,2,FINAL_ANSWER,NONE,N/A,Operation type FINAL_ANSWER does not contain deterministic numeric/algebraic target transition
math500_471,0,FINAL_ANSWER,NONE,N/A,Operation type FINAL_ANSWER does not contain deterministic numeric/algebraic target transition
math500_472,0,EQUATION_DERIVATION,OP_CONSTANT_PERTURB|OP_TERM_SWAP,"Contains verifiable math expression eligible for OP_CONSTANT_PERTURB, OP_TERM_SWAP",N/A
math500_472,1,EQUATION_DERIVATION,OP_CONSTANT_PERTURB|OP_TERM_SWAP|OP_FRACTION_FLIP,"Contains verifiable math expression eligible for OP_CONSTANT_PERTURB, OP_TERM_SWAP, OP_FRACTION_FLIP",N/A
math500_472,2,FINAL_ANSWER,NONE,N/A,Operation type FINAL_ANSWER does not contain deterministic numeric/algebraic target transition
math500_473,0,EQUATION_DERIVATION,OP_CONSTANT_PERTURB|OP_SIGN_FLIP|OP_TERM_SWAP,"Contains verifiable math expression eligible for OP_CONSTANT_PERTURB, OP_SIGN_FLIP, OP_TERM_SWAP",N/A
math500_473,1,EQUATION_DERIVATION,OP_CONSTANT_PERTURB|OP_SIGN_FLIP|OP_TERM_SWAP,"Contains verifiable math expression eligible for OP_CONSTANT_PERTURB, OP_SIGN_FLIP, OP_TERM_SWAP",N/A
math500_473,2,CONCEPTUAL_PROSE,NONE,N/A,Operation type CONCEPTUAL_PROSE does not contain deterministic numeric/algebraic target transition
math500_473,3,EQUATION_DERIVATION,OP_CONSTANT_PERTURB|OP_SIGN_FLIP|OP_TERM_SWAP,"Contains verifiable math expression eligible for OP_CONSTANT_PERTURB, OP_SIGN_FLIP, OP_TERM_SWAP",N/A
math500_473,4,FINAL_ANSWER,NONE,N/A,Operation type FINAL_ANSWER does not contain deterministic numeric/algebraic target transition
math500_473,5,ALGEBRAIC_SIMPLIFICATION,OP_CONSTANT_PERTURB|OP_SIGN_FLIP,"Contains verifiable math expression eligible for OP_CONSTANT_PERTURB, OP_SIGN_FLIP",N/A
math500_474,0,FINAL_ANSWER,NONE,N/A,Operation type FINAL_ANSWER does not contain deterministic numeric/algebraic target transition
math500_475,0,CONCEPTUAL_PROSE,NONE,N/A,Operation type CONCEPTUAL_PROSE does not contain deterministic numeric/algebraic target transition
math500_475,1,ALGEBRAIC_SIMPLIFICATION,OP_CONSTANT_PERTURB|OP_SIGN_FLIP,"Contains verifiable math expression eligible for OP_CONSTANT_PERTURB, OP_SIGN_FLIP",N/A
math500_475,2,ALGEBRAIC_SIMPLIFICATION,OP_CONSTANT_PERTURB|OP_SIGN_FLIP,"Contains verifiable math expression eligible for OP_CONSTANT_PERTURB, OP_SIGN_FLIP",N/A
math500_475,3,EQUATION_DERIVATION,OP_CONSTANT_PERTURB|OP_SIGN_FLIP|OP_TERM_SWAP,"Contains verifiable math expression eligible for OP_CONSTANT_PERTURB, OP_SIGN_FLIP, OP_TERM_SWAP",N/A
math500_475,4,FINAL_ANSWER,NONE,N/A,Operation type FINAL_ANSWER does not contain deterministic numeric/algebraic target transition
math500_476,0,EQUATION_DERIVATION,OP_CONSTANT_PERTURB|OP_SIGN_FLIP|OP_TERM_SWAP,"Contains verifiable math expression eligible for OP_CONSTANT_PERTURB, OP_SIGN_FLIP, OP_TERM_SWAP",N/A
math500_476,1,EQUATION_DERIVATION,OP_CONSTANT_PERTURB|OP_SIGN_FLIP|OP_TERM_SWAP,"Contains verifiable math expression eligible for OP_CONSTANT_PERTURB, OP_SIGN_FLIP, OP_TERM_SWAP",N/A
math500_476,2,FINAL_ANSWER,NONE,N/A,Operation type FINAL_ANSWER does not contain deterministic numeric/algebraic target transition
math500_477,0,EQUATION_DERIVATION,OP_CONSTANT_PERTURB|OP_SIGN_FLIP|OP_TERM_SWAP,"Contains verifiable math expression eligible for OP_CONSTANT_PERTURB, OP_SIGN_FLIP, OP_TERM_SWAP",N/A
math500_477,1,FINAL_ANSWER,NONE,N/A,Operation type FINAL_ANSWER does not contain deterministic numeric/algebraic target transition
math500_478,0,CONCEPTUAL_PROSE,NONE,N/A,Operation type CONCEPTUAL_PROSE does not contain deterministic numeric/algebraic target transition
math500_478,1,EQUATION_DERIVATION,OP_CONSTANT_PERTURB|OP_SIGN_FLIP|OP_TERM_SWAP|OP_FRACTION_FLIP,"Contains verifiable math expression eligible for OP_CONSTANT_PERTURB, OP_SIGN_FLIP, OP_TERM_SWAP, OP_FRACTION_FLIP",N/A
math500_478,2,CONCEPTUAL_PROSE,NONE,N/A,Operation type CONCEPTUAL_PROSE does not contain deterministic numeric/algebraic target transition
math500_478,3,EQUATION_DERIVATION,OP_CONSTANT_PERTURB|OP_SIGN_FLIP|OP_TERM_SWAP|OP_FRACTION_FLIP,"Contains verifiable math expression eligible for OP_CONSTANT_PERTURB, OP_SIGN_FLIP, OP_TERM_SWAP, OP_FRACTION_FLIP",N/A
math500_478,4,EQUATION_DERIVATION,OP_CONSTANT_PERTURB|OP_TERM_SWAP,"Contains verifiable math expression eligible for OP_CONSTANT_PERTURB, OP_TERM_SWAP",N/A
math500_478,5,CONCEPTUAL_PROSE,NONE,N/A,Operation type CONCEPTUAL_PROSE does not contain deterministic numeric/algebraic target transition
math500_478,6,EQUATION_DERIVATION,OP_CONSTANT_PERTURB|OP_SIGN_FLIP|OP_TERM_SWAP|OP_FRACTION_FLIP,"Contains verifiable math expression eligible for OP_CONSTANT_PERTURB, OP_SIGN_FLIP, OP_TERM_SWAP, OP_FRACTION_FLIP",N/A
math500_478,7,EQUATION_DERIVATION,OP_CONSTANT_PERTURB|OP_SIGN_FLIP|OP_TERM_SWAP,"Contains verifiable math expression eligible for OP_CONSTANT_PERTURB, OP_SIGN_FLIP, OP_TERM_SWAP",N/A
math500_478,8,EQUATION_DERIVATION,OP_CONSTANT_PERTURB|OP_SIGN_FLIP|OP_TERM_SWAP,"Contains verifiable math expression eligible for OP_CONSTANT_PERTURB, OP_SIGN_FLIP, OP_TERM_SWAP",N/A
math500_478,9,CONCEPTUAL_PROSE,NONE,N/A,Operation type CONCEPTUAL_PROSE does not contain deterministic numeric/algebraic target transition
math500_478,10,CONCEPTUAL_PROSE,NONE,N/A,Operation type CONCEPTUAL_PROSE does not contain deterministic numeric/algebraic target transition
math500_478,11,EQUATION_DERIVATION,OP_CONSTANT_PERTURB|OP_SIGN_FLIP|OP_TERM_SWAP,"Contains verifiable math expression eligible for OP_CONSTANT_PERTURB, OP_SIGN_FLIP, OP_TERM_SWAP",N/A
math500_478,12,FINAL_ANSWER,NONE,N/A,Operation type FINAL_ANSWER does not contain deterministic numeric/algebraic target transition
math500_479,0,CONCEPTUAL_PROSE,NONE,N/A,Operation type CONCEPTUAL_PROSE does not contain deterministic numeric/algebraic target transition
math500_479,1,EQUATION_DERIVATION,OP_CONSTANT_PERTURB|OP_TERM_SWAP,"Contains verifiable math expression eligible for OP_CONSTANT_PERTURB, OP_TERM_SWAP",N/A
math500_479,2,EQUATION_DERIVATION,OP_CONSTANT_PERTURB|OP_TERM_SWAP,"Contains verifiable math expression eligible for OP_CONSTANT_PERTURB, OP_TERM_SWAP",N/A
math500_479,3,FINAL_ANSWER,NONE,N/A,Operation type FINAL_ANSWER does not contain deterministic numeric/algebraic target transition
math500_480,0,FINAL_ANSWER,NONE,N/A,Operation type FINAL_ANSWER does not contain deterministic numeric/algebraic target transition
math500_481,0,CONCEPTUAL_PROSE,NONE,N/A,Operation type CONCEPTUAL_PROSE does not contain deterministic numeric/algebraic target transition
math500_481,1,EQUATION_DERIVATION,OP_CONSTANT_PERTURB|OP_SIGN_FLIP|OP_TERM_SWAP|OP_FRACTION_FLIP,"Contains verifiable math expression eligible for OP_CONSTANT_PERTURB, OP_SIGN_FLIP, OP_TERM_SWAP, OP_FRACTION_FLIP",N/A
math500_481,2,EQUATION_DERIVATION,OP_CONSTANT_PERTURB|OP_SIGN_FLIP|OP_TERM_SWAP|OP_FRACTION_FLIP,"Contains verifiable math expression eligible for OP_CONSTANT_PERTURB, OP_SIGN_FLIP, OP_TERM_SWAP, OP_FRACTION_FLIP",N/A
math500_481,3,EQUATION_DERIVATION,OP_CONSTANT_PERTURB|OP_SIGN_FLIP|OP_TERM_SWAP,"Contains verifiable math expression eligible for OP_CONSTANT_PERTURB, OP_SIGN_FLIP, OP_TERM_SWAP",N/A
math500_481,4,CONCEPTUAL_PROSE,NONE,N/A,Operation type CONCEPTUAL_PROSE does not contain deterministic numeric/algebraic target transition
math500_481,5,EQUATION_DERIVATION,OP_CONSTANT_PERTURB|OP_SIGN_FLIP|OP_TERM_SWAP|OP_FRACTION_FLIP,"Contains verifiable math expression eligible for OP_CONSTANT_PERTURB, OP_SIGN_FLIP, OP_TERM_SWAP, OP_FRACTION_FLIP",N/A
math500_481,6,FINAL_ANSWER,NONE,N/A,Operation type FINAL_ANSWER does not contain deterministic numeric/algebraic target transition
math500_482,0,CONCEPTUAL_PROSE,NONE,N/A,Operation type CONCEPTUAL_PROSE does not contain deterministic numeric/algebraic target transition
math500_482,1,ALGEBRAIC_SIMPLIFICATION,OP_CONSTANT_PERTURB|OP_FRACTION_FLIP,"Contains verifiable math expression eligible for OP_CONSTANT_PERTURB, OP_FRACTION_FLIP",N/A
math500_482,2,CONCEPTUAL_PROSE,NONE,N/A,Operation type CONCEPTUAL_PROSE does not contain deterministic numeric/algebraic target transition
math500_482,3,EQUATION_DERIVATION,OP_CONSTANT_PERTURB|OP_TERM_SWAP,"Contains verifiable math expression eligible for OP_CONSTANT_PERTURB, OP_TERM_SWAP",N/A
math500_482,4,EQUATION_DERIVATION,OP_CONSTANT_PERTURB|OP_TERM_SWAP|OP_FRACTION_FLIP,"Contains verifiable math expression eligible for OP_CONSTANT_PERTURB, OP_TERM_SWAP, OP_FRACTION_FLIP",N/A
math500_482,5,FINAL_ANSWER,NONE,N/A,Operation type FINAL_ANSWER does not contain deterministic numeric/algebraic target transition
math500_483,0,CONCEPTUAL_PROSE,NONE,N/A,Operation type CONCEPTUAL_PROSE does not contain deterministic numeric/algebraic target transition
math500_483,1,ALGEBRAIC_SIMPLIFICATION,OP_CONSTANT_PERTURB|OP_FRACTION_FLIP,"Contains verifiable math expression eligible for OP_CONSTANT_PERTURB, OP_FRACTION_FLIP",N/A
math500_483,2,CONCEPTUAL_PROSE,NONE,N/A,Operation type CONCEPTUAL_PROSE does not contain deterministic numeric/algebraic target transition
math500_483,3,EQUATION_DERIVATION,OP_CONSTANT_PERTURB|OP_SIGN_FLIP|OP_TERM_SWAP|OP_FRACTION_FLIP,"Contains verifiable math expression eligible for OP_CONSTANT_PERTURB, OP_SIGN_FLIP, OP_TERM_SWAP, OP_FRACTION_FLIP",N/A
math500_483,4,EQUATION_DERIVATION,OP_CONSTANT_PERTURB|OP_SIGN_FLIP|OP_TERM_SWAP,"Contains verifiable math expression eligible for OP_CONSTANT_PERTURB, OP_SIGN_FLIP, OP_TERM_SWAP",N/A
math500_483,5,EQUATION_DERIVATION,OP_CONSTANT_PERTURB|OP_SIGN_FLIP|OP_TERM_SWAP|OP_FRACTION_FLIP,"Contains verifiable math expression eligible for OP_CONSTANT_PERTURB, OP_SIGN_FLIP, OP_TERM_SWAP, OP_FRACTION_FLIP",N/A
math500_483,6,EQUATION_DERIVATION,OP_CONSTANT_PERTURB|OP_SIGN_FLIP|OP_TERM_SWAP,"Contains verifiable math expression eligible for OP_CONSTANT_PERTURB, OP_SIGN_FLIP, OP_TERM_SWAP",N/A
math500_483,7,EQUATION_DERIVATION,OP_CONSTANT_PERTURB|OP_SIGN_FLIP|OP_TERM_SWAP,"Contains verifiable math expression eligible for OP_CONSTANT_PERTURB, OP_SIGN_FLIP, OP_TERM_SWAP",N/A
math500_483,8,EQUATION_DERIVATION,OP_CONSTANT_PERTURB|OP_SIGN_FLIP|OP_TERM_SWAP,"Contains verifiable math expression eligible for OP_CONSTANT_PERTURB, OP_SIGN_FLIP, OP_TERM_SWAP",N/A
math500_483,9,EQUATION_DERIVATION,OP_CONSTANT_PERTURB|OP_SIGN_FLIP|OP_TERM_SWAP,"Contains verifiable math expression eligible for OP_CONSTANT_PERTURB, OP_SIGN_FLIP, OP_TERM_SWAP",N/A
math500_483,10,EQUATION_DERIVATION,OP_CONSTANT_PERTURB|OP_SIGN_FLIP|OP_TERM_SWAP|OP_FRACTION_FLIP,"Contains verifiable math expression eligible for OP_CONSTANT_PERTURB, OP_SIGN_FLIP, OP_TERM_SWAP, OP_FRACTION_FLIP",N/A
math500_483,11,EQUATION_DERIVATION,OP_CONSTANT_PERTURB|OP_SIGN_FLIP|OP_TERM_SWAP|OP_FRACTION_FLIP,"Contains verifiable math expression eligible for OP_CONSTANT_PERTURB, OP_SIGN_FLIP, OP_TERM_SWAP, OP_FRACTION_FLIP",N/A
math500_483,12,FINAL_ANSWER,NONE,N/A,Operation type FINAL_ANSWER does not contain deterministic numeric/algebraic target transition
math500_484,0,CONCEPTUAL_PROSE,NONE,N/A,Operation type CONCEPTUAL_PROSE does not contain deterministic numeric/algebraic target transition
math500_484,1,EQUATION_DERIVATION,OP_CONSTANT_PERTURB|OP_SIGN_FLIP|OP_TERM_SWAP,"Contains verifiable math expression eligible for OP_CONSTANT_PERTURB, OP_SIGN_FLIP, OP_TERM_SWAP",N/A
math500_484,2,CONCEPTUAL_PROSE,NONE,N/A,Operation type CONCEPTUAL_PROSE does not contain deterministic numeric/algebraic target transition
math500_484,3,EQUATION_DERIVATION,OP_CONSTANT_PERTURB|OP_SIGN_FLIP|OP_TERM_SWAP,"Contains verifiable math expression eligible for OP_CONSTANT_PERTURB, OP_SIGN_FLIP, OP_TERM_SWAP",N/A
math500_484,4,EQUATION_DERIVATION,OP_CONSTANT_PERTURB|OP_SIGN_FLIP|OP_TERM_SWAP,"Contains verifiable math expression eligible for OP_CONSTANT_PERTURB, OP_SIGN_FLIP, OP_TERM_SWAP",N/A
math500_484,5,FINAL_ANSWER,NONE,N/A,Operation type FINAL_ANSWER does not contain deterministic numeric/algebraic target transition
math500_485,0,CONCEPTUAL_PROSE,NONE,N/A,Operation type CONCEPTUAL_PROSE does not contain deterministic numeric/algebraic target transition
math500_485,1,EQUATION_DERIVATION,OP_CONSTANT_PERTURB|OP_SIGN_FLIP|OP_TERM_SWAP,"Contains verifiable math expression eligible for OP_CONSTANT_PERTURB, OP_SIGN_FLIP, OP_TERM_SWAP",N/A
math500_485,2,CONCEPTUAL_PROSE,NONE,N/A,Operation type CONCEPTUAL_PROSE does not contain deterministic numeric/algebraic target transition
math500_485,3,CONCEPTUAL_PROSE,NONE,N/A,Operation type CONCEPTUAL_PROSE does not contain deterministic numeric/algebraic target transition
math500_485,4,FINAL_ANSWER,NONE,N/A,Operation type FINAL_ANSWER does not contain deterministic numeric/algebraic target transition
math500_486,0,ALGEBRAIC_SIMPLIFICATION,OP_CONSTANT_PERTURB|OP_SIGN_FLIP,"Contains verifiable math expression eligible for OP_CONSTANT_PERTURB, OP_SIGN_FLIP",N/A
math500_486,1,FINAL_ANSWER,NONE,N/A,Operation type FINAL_ANSWER does not contain deterministic numeric/algebraic target transition
math500_486,2,ALGEBRAIC_SIMPLIFICATION,OP_CONSTANT_PERTURB|OP_SIGN_FLIP,"Contains verifiable math expression eligible for OP_CONSTANT_PERTURB, OP_SIGN_FLIP",N/A
math500_487,0,FINAL_ANSWER,NONE,N/A,Operation type FINAL_ANSWER does not contain deterministic numeric/algebraic target transition
math500_488,0,CONCEPTUAL_PROSE,NONE,N/A,Operation type CONCEPTUAL_PROSE does not contain deterministic numeric/algebraic target transition
math500_488,1,CONCEPTUAL_PROSE,NONE,N/A,Operation type CONCEPTUAL_PROSE does not contain deterministic numeric/algebraic target transition
math500_488,2,FINAL_ANSWER,NONE,N/A,Operation type FINAL_ANSWER does not contain deterministic numeric/algebraic target transition
math500_489,0,CONCEPTUAL_PROSE,NONE,N/A,Operation type CONCEPTUAL_PROSE does not contain deterministic numeric/algebraic target transition
math500_489,1,EQUATION_DERIVATION,OP_CONSTANT_PERTURB|OP_SIGN_FLIP|OP_TERM_SWAP,"Contains verifiable math expression eligible for OP_CONSTANT_PERTURB, OP_SIGN_FLIP, OP_TERM_SWAP",N/A
math500_489,2,FINAL_ANSWER,NONE,N/A,Operation type FINAL_ANSWER does not contain deterministic numeric/algebraic target transition
math500_490,0,EQUATION_DERIVATION,OP_CONSTANT_PERTURB|OP_TERM_SWAP,"Contains verifiable math expression eligible for OP_CONSTANT_PERTURB, OP_TERM_SWAP",N/A
math500_490,1,CONCEPTUAL_PROSE,NONE,N/A,Operation type CONCEPTUAL_PROSE does not contain deterministic numeric/algebraic target transition
math500_490,2,CONCEPTUAL_PROSE,NONE,N/A,Operation type CONCEPTUAL_PROSE does not contain deterministic numeric/algebraic target transition
math500_490,3,ALGEBRAIC_SIMPLIFICATION,OP_CONSTANT_PERTURB|OP_SIGN_FLIP|OP_FRACTION_FLIP,"Contains verifiable math expression eligible for OP_CONSTANT_PERTURB, OP_SIGN_FLIP, OP_FRACTION_FLIP",N/A
math500_490,4,EQUATION_DERIVATION,OP_CONSTANT_PERTURB|OP_SIGN_FLIP|OP_TERM_SWAP|OP_FRACTION_FLIP,"Contains verifiable math expression eligible for OP_CONSTANT_PERTURB, OP_SIGN_FLIP, OP_TERM_SWAP, OP_FRACTION_FLIP",N/A
math500_490,5,ALGEBRAIC_SIMPLIFICATION,OP_CONSTANT_PERTURB|OP_SIGN_FLIP,"Contains verifiable math expression eligible for OP_CONSTANT_PERTURB, OP_SIGN_FLIP",N/A
math500_490,6,CONCEPTUAL_PROSE,NONE,N/A,Operation type CONCEPTUAL_PROSE does not contain deterministic numeric/algebraic target transition
math500_490,7,ALGEBRAIC_SIMPLIFICATION,OP_CONSTANT_PERTURB|OP_SIGN_FLIP,"Contains verifiable math expression eligible for OP_CONSTANT_PERTURB, OP_SIGN_FLIP",N/A
math500_490,8,CONCEPTUAL_PROSE,NONE,N/A,Operation type CONCEPTUAL_PROSE does not contain deterministic numeric/algebraic target transition
math500_490,9,ALGEBRAIC_SIMPLIFICATION,OP_CONSTANT_PERTURB|OP_SIGN_FLIP,"Contains verifiable math expression eligible for OP_CONSTANT_PERTURB, OP_SIGN_FLIP",N/A
math500_490,10,EQUATION_DERIVATION,OP_CONSTANT_PERTURB|OP_SIGN_FLIP|OP_TERM_SWAP,"Contains verifiable math expression eligible for OP_CONSTANT_PERTURB, OP_SIGN_FLIP, OP_TERM_SWAP",N/A
math500_490,11,EQUATION_DERIVATION,OP_CONSTANT_PERTURB|OP_SIGN_FLIP|OP_TERM_SWAP,"Contains verifiable math expression eligible for OP_CONSTANT_PERTURB, OP_SIGN_FLIP, OP_TERM_SWAP",N/A
math500_490,12,EQUATION_DERIVATION,OP_CONSTANT_PERTURB|OP_SIGN_FLIP|OP_TERM_SWAP,"Contains verifiable math expression eligible for OP_CONSTANT_PERTURB, OP_SIGN_FLIP, OP_TERM_SWAP",N/A
math500_490,13,FINAL_ANSWER,NONE,N/A,Operation type FINAL_ANSWER does not contain deterministic numeric/algebraic target transition
math500_491,0,FINAL_ANSWER,NONE,N/A,Operation type FINAL_ANSWER does not contain deterministic numeric/algebraic target transition
math500_493,0,FINAL_ANSWER,NONE,N/A,Operation type FINAL_ANSWER does not contain deterministic numeric/algebraic target transition
math500_493,1,ALGEBRAIC_SIMPLIFICATION,OP_CONSTANT_PERTURB|OP_SIGN_FLIP,"Contains verifiable math expression eligible for OP_CONSTANT_PERTURB, OP_SIGN_FLIP",N/A
math500_493,2,FINAL_ANSWER,NONE,N/A,Operation type FINAL_ANSWER does not contain deterministic numeric/algebraic target transition
math500_494,0,EQUATION_DERIVATION,OP_CONSTANT_PERTURB|OP_TERM_SWAP,"Contains verifiable math expression eligible for OP_CONSTANT_PERTURB, OP_TERM_SWAP",N/A
math500_494,1,ALGEBRAIC_SIMPLIFICATION,OP_CONSTANT_PERTURB,Contains verifiable math expression eligible for OP_CONSTANT_PERTURB,N/A
math500_494,2,EQUATION_DERIVATION,OP_CONSTANT_PERTURB|OP_SIGN_FLIP|OP_TERM_SWAP|OP_FRACTION_FLIP,"Contains verifiable math expression eligible for OP_CONSTANT_PERTURB, OP_SIGN_FLIP, OP_TERM_SWAP, OP_FRACTION_FLIP",N/A
math500_494,3,EQUATION_DERIVATION,OP_CONSTANT_PERTURB|OP_SIGN_FLIP|OP_TERM_SWAP|OP_FRACTION_FLIP,"Contains verifiable math expression eligible for OP_CONSTANT_PERTURB, OP_SIGN_FLIP, OP_TERM_SWAP, OP_FRACTION_FLIP",N/A
math500_494,4,ALGEBRAIC_SIMPLIFICATION,OP_CONSTANT_PERTURB|OP_SIGN_FLIP,"Contains verifiable math expression eligible for OP_CONSTANT_PERTURB, OP_SIGN_FLIP",N/A
math500_494,5,CONCEPTUAL_PROSE,NONE,N/A,Operation type CONCEPTUAL_PROSE does not contain deterministic numeric/algebraic target transition
math500_494,6,EQUATION_DERIVATION,OP_CONSTANT_PERTURB|OP_SIGN_FLIP|OP_TERM_SWAP|OP_FRACTION_FLIP,"Contains verifiable math expression eligible for OP_CONSTANT_PERTURB, OP_SIGN_FLIP, OP_TERM_SWAP, OP_FRACTION_FLIP",N/A
math500_494,7,EQUATION_DERIVATION,OP_CONSTANT_PERTURB|OP_SIGN_FLIP|OP_TERM_SWAP,"Contains verifiable math expression eligible for OP_CONSTANT_PERTURB, OP_SIGN_FLIP, OP_TERM_SWAP",N/A
math500_494,8,CONCEPTUAL_PROSE,NONE,N/A,Operation type CONCEPTUAL_PROSE does not contain deterministic numeric/algebraic target transition
math500_494,9,EQUATION_DERIVATION,OP_CONSTANT_PERTURB|OP_SIGN_FLIP|OP_TERM_SWAP|OP_FRACTION_FLIP,"Contains verifiable math expression eligible for OP_CONSTANT_PERTURB, OP_SIGN_FLIP, OP_TERM_SWAP, OP_FRACTION_FLIP",N/A
math500_494,10,ALGEBRAIC_SIMPLIFICATION,OP_CONSTANT_PERTURB|OP_SIGN_FLIP,"Contains verifiable math expression eligible for OP_CONSTANT_PERTURB, OP_SIGN_FLIP",N/A
math500_494,11,CONCEPTUAL_PROSE,NONE,N/A,Operation type CONCEPTUAL_PROSE does not contain deterministic numeric/algebraic target transition
math500_494,12,ALGEBRAIC_SIMPLIFICATION,OP_CONSTANT_PERTURB|OP_SIGN_FLIP|OP_FRACTION_FLIP,"Contains verifiable math expression eligible for OP_CONSTANT_PERTURB, OP_SIGN_FLIP, OP_FRACTION_FLIP",N/A
math500_494,13,ALGEBRAIC_SIMPLIFICATION,OP_CONSTANT_PERTURB|OP_SIGN_FLIP,"Contains verifiable math expression eligible for OP_CONSTANT_PERTURB, OP_SIGN_FLIP",N/A
math500_494,14,ALGEBRAIC_SIMPLIFICATION,OP_CONSTANT_PERTURB|OP_SIGN_FLIP,"Contains verifiable math expression eligible for OP_CONSTANT_PERTURB, OP_SIGN_FLIP",N/A
math500_494,15,ALGEBRAIC_SIMPLIFICATION,OP_CONSTANT_PERTURB|OP_SIGN_FLIP,"Contains verifiable math expression eligible for OP_CONSTANT_PERTURB, OP_SIGN_FLIP",N/A
math500_494,16,CONCEPTUAL_PROSE,NONE,N/A,Operation type CONCEPTUAL_PROSE does not contain deterministic numeric/algebraic target transition
math500_494,17,ALGEBRAIC_SIMPLIFICATION,OP_CONSTANT_PERTURB|OP_SIGN_FLIP,"Contains verifiable math expression eligible for OP_CONSTANT_PERTURB, OP_SIGN_FLIP",N/A
math500_494,18,ALGEBRAIC_SIMPLIFICATION,OP_CONSTANT_PERTURB,Contains verifiable math expression eligible for OP_CONSTANT_PERTURB,N/A
math500_494,19,FINAL_ANSWER,NONE,N/A,Operation type FINAL_ANSWER does not contain deterministic numeric/algebraic target transition
math500_495,0,ALGEBRAIC_SIMPLIFICATION,OP_CONSTANT_PERTURB|OP_SIGN_FLIP,"Contains verifiable math expression eligible for OP_CONSTANT_PERTURB, OP_SIGN_FLIP",N/A
math500_495,1,ALGEBRAIC_SIMPLIFICATION,OP_CONSTANT_PERTURB|OP_SIGN_FLIP,"Contains verifiable math expression eligible for OP_CONSTANT_PERTURB, OP_SIGN_FLIP",N/A
math500_495,2,CONCEPTUAL_PROSE,NONE,N/A,Operation type CONCEPTUAL_PROSE does not contain deterministic numeric/algebraic target transition
math500_495,3,ALGEBRAIC_SIMPLIFICATION,OP_CONSTANT_PERTURB|OP_SIGN_FLIP,"Contains verifiable math expression eligible for OP_CONSTANT_PERTURB, OP_SIGN_FLIP",N/A
math500_495,4,ALGEBRAIC_SIMPLIFICATION,OP_CONSTANT_PERTURB|OP_SIGN_FLIP,"Contains verifiable math expression eligible for OP_CONSTANT_PERTURB, OP_SIGN_FLIP",N/A
math500_495,5,FINAL_ANSWER,NONE,N/A,Operation type FINAL_ANSWER does not contain deterministic numeric/algebraic target transition
math500_496,0,EQUATION_DERIVATION,OP_CONSTANT_PERTURB|OP_SIGN_FLIP|OP_TERM_SWAP,"Contains verifiable math expression eligible for OP_CONSTANT_PERTURB, OP_SIGN_FLIP, OP_TERM_SWAP",N/A
math500_496,1,EQUATION_DERIVATION,OP_SIGN_FLIP|OP_TERM_SWAP,"Contains verifiable math expression eligible for OP_SIGN_FLIP, OP_TERM_SWAP",N/A
math500_496,2,EQUATION_DERIVATION,OP_CONSTANT_PERTURB|OP_SIGN_FLIP|OP_TERM_SWAP,"Contains verifiable math expression eligible for OP_CONSTANT_PERTURB, OP_SIGN_FLIP, OP_TERM_SWAP",N/A
math500_496,3,FINAL_ANSWER,NONE,N/A,Operation type FINAL_ANSWER does not contain deterministic numeric/algebraic target transition
math500_497,0,ALGEBRAIC_SIMPLIFICATION,OP_CONSTANT_PERTURB,Contains verifiable math expression eligible for OP_CONSTANT_PERTURB,N/A
math500_497,1,FINAL_ANSWER,NONE,N/A,Operation type FINAL_ANSWER does not contain deterministic numeric/algebraic target transition
math500_497,2,EQUATION_DERIVATION,OP_CONSTANT_PERTURB|OP_SIGN_FLIP|OP_TERM_SWAP|OP_FRACTION_FLIP,"Contains verifiable math expression eligible for OP_CONSTANT_PERTURB, OP_SIGN_FLIP, OP_TERM_SWAP, OP_FRACTION_FLIP",N/A
math500_498,0,EQUATION_DERIVATION,OP_TERM_SWAP,Contains verifiable math expression eligible for OP_TERM_SWAP,N/A
math500_498,1,EQUATION_DERIVATION,OP_TERM_SWAP,Contains verifiable math expression eligible for OP_TERM_SWAP,N/A
math500_498,2,EQUATION_DERIVATION,OP_CONSTANT_PERTURB|OP_TERM_SWAP,"Contains verifiable math expression eligible for OP_CONSTANT_PERTURB, OP_TERM_SWAP",N/A
math500_498,3,EQUATION_DERIVATION,OP_CONSTANT_PERTURB|OP_SIGN_FLIP|OP_TERM_SWAP|OP_FRACTION_FLIP,"Contains verifiable math expression eligible for OP_CONSTANT_PERTURB, OP_SIGN_FLIP, OP_TERM_SWAP, OP_FRACTION_FLIP",N/A
math500_498,4,EQUATION_DERIVATION,OP_CONSTANT_PERTURB|OP_SIGN_FLIP|OP_TERM_SWAP|OP_FRACTION_FLIP,"Contains verifiable math expression eligible for OP_CONSTANT_PERTURB, OP_SIGN_FLIP, OP_TERM_SWAP, OP_FRACTION_FLIP",N/A
math500_498,5,EQUATION_DERIVATION,OP_CONSTANT_PERTURB|OP_SIGN_FLIP|OP_TERM_SWAP,"Contains verifiable math expression eligible for OP_CONSTANT_PERTURB, OP_SIGN_FLIP, OP_TERM_SWAP",N/A
math500_498,6,EQUATION_DERIVATION,OP_CONSTANT_PERTURB|OP_SIGN_FLIP|OP_TERM_SWAP,"Contains verifiable math expression eligible for OP_CONSTANT_PERTURB, OP_SIGN_FLIP, OP_TERM_SWAP",N/A
math500_498,7,FINAL_ANSWER,NONE,N/A,Operation type FINAL_ANSWER does not contain deterministic numeric/algebraic target transition
math500_499,0,CONCEPTUAL_PROSE,NONE,N/A,Operation type CONCEPTUAL_PROSE does not contain deterministic numeric/algebraic target transition
math500_499,1,CONCEPTUAL_PROSE,NONE,N/A,Operation type CONCEPTUAL_PROSE does not contain deterministic numeric/algebraic target transition
math500_499,2,CONCEPTUAL_PROSE,NONE,N/A,Operation type CONCEPTUAL_PROSE does not contain deterministic numeric/algebraic target transition
math500_499,3,EQUATION_DERIVATION,OP_CONSTANT_PERTURB|OP_SIGN_FLIP|OP_TERM_SWAP,"Contains verifiable math expression eligible for OP_CONSTANT_PERTURB, OP_SIGN_FLIP, OP_TERM_SWAP",N/A
math500_499,4,ALGEBRAIC_SIMPLIFICATION,OP_SIGN_FLIP,Contains verifiable math expression eligible for OP_SIGN_FLIP,N/A
math500_499,5,ALGEBRAIC_SIMPLIFICATION,OP_SIGN_FLIP,Contains verifiable math expression eligible for OP_SIGN_FLIP,N/A
math500_499,6,CONCEPTUAL_PROSE,NONE,N/A,Operation type CONCEPTUAL_PROSE does not contain deterministic numeric/algebraic target transition
math500_499,7,CONCEPTUAL_PROSE,NONE,N/A,Operation type CONCEPTUAL_PROSE does not contain deterministic numeric/algebraic target transition
math500_499,8,CONCEPTUAL_PROSE,NONE,N/A,Operation type CONCEPTUAL_PROSE does not contain deterministic numeric/algebraic target transition
math500_499,9,ALGEBRAIC_SIMPLIFICATION,NONE,N/A,Operation type ALGEBRAIC_SIMPLIFICATION does not contain deterministic numeric/algebraic target transition
math500_499,10,FINAL_ANSWER,NONE,N/A,Operation type FINAL_ANSWER does not contain deterministic numeric/algebraic target transition
